Timestamp,Action,Case #,Auction Date,Property Address,Final Judgment,Assessed Value,Plaintiff Max Bid,Parcel ID
2026-04-20T11:28:09,NEW,502025CA007509XXXAMB,04/21/2026 10:00 AM ET,"4846 POND PINE WAY GREENACRES, FL- 33463","$365,027.63",,Hidden,18424426280000350
2026-04-20T11:28:09,NEW,502025CC017384XXXASB,04/21/2026 10:00 AM ET,"6 WESTGATE LN 6B BOYNTON BEACH, FL- 33436","$37,002.63",,"$37,002.63",08424601150000062
2026-04-20T11:28:09,NEW,502024CA010879XXXAMB,04/22/2026 10:00 AM ET,"8 PRESTON A BOCA RATON, FL- 33434","$100,000.00",,"$126,600.00",00424708130010080
2026-04-20T11:28:09,NEW,502025CA002801XXXAMB,04/22/2026 10:00 AM ET,"99 SE MIZNER BLVD APT 627 BOCA RATON, FL- 33432","$284,487.68",,"$287,573.00",06434729560066270
2026-04-20T11:28:09,NEW,502025CA006511XXXAMB,04/22/2026 10:00 AM ET,"8374 ZANZIBAR LN WELLINGTON, FL- 33414","$166,403.17",,"$166,403.17",73424417050006050
2026-04-20T11:28:09,NEW,502025CA003509XXXAMB,04/23/2026 10:00 AM ET,"5270 NESTING WAY B DELRAY BEACH, FL- 33484","$123,251.87",,"$123,251.87",00424611183620020
2026-04-20T11:28:09,NEW,502025CA007750XXXAMB,04/23/2026 10:00 AM ET,"316 DORSET H BOCA RATON, FL- 33434","$16,630.88",,"$16,630.88",00424708080083160
2026-04-20T11:28:09,NEW,502025CA012074XXXAMB,04/23/2026 10:00 AM ET,"10189 LEXINGTON LAKES BLVD N BOYNTON BEACH, FL- 33436","$298,543.94",,Hidden,00434530220001300
2026-04-20T11:28:09,NEW,502016CA010350XXXXMB,04/27/2026 10:00 AM ET,"285 NW 35TH ST BOCA RATON, FL- 33431","$617,992.03",,"$617,992.03",06434707020230060
2026-04-20T11:28:09,NEW,502018CA005160XXXXMB,04/27/2026 10:00 AM ET,"21800 LITTLE BEAR LN BOCA RATON, FL- 33428","$437,778.46",,"$437,778.46",00414723020000330
2026-04-20T11:28:09,NEW,502019CA014939XXXXMB,04/27/2026 10:00 AM ET,"3289 PERIMETER DR GREENACRES, FL- 33467","$195,993.87",,Hidden,18424422270222213
2026-04-20T11:28:09,NEW,502023CA011632XXXXMB,04/27/2026 10:00 AM ET,"10596 VERSAILLES BLVD WELLINGTON, FL- 33449","$882,652.40",,"$882,652.40",73414424050003320
2026-04-20T11:28:09,NEW,502023CA012517XXXXMB,04/27/2026 10:00 AM ET,"17146 87TH LN N LOXAHATCHEE, FL- 33470","$364,936.14",,"$364,936.14",00404223000001760
2026-04-20T11:28:09,NEW,502023CA014862XXXAMB,04/27/2026 10:00 AM ET,"118 VILLA CIR BOYNTON BEACH, FL- 33435","$171,582.37",,"$171,582.37",08434533560011180
2026-04-20T11:28:09,NEW,502024CA000461XXXAMB,04/27/2026 10:00 AM ET,"10898 LAKE WYNDS CT BOYNTON BEACH, FL- 33437","$599,969.90",,"$599,969.90",00424527150000360
2026-04-20T11:28:09,NEW,502024CA007481XXXAMB,04/27/2026 10:00 AM ET,"1654 FOREST LAKES CIR C WEST PALM BEACH, FL- 33406","$51,309.14",,"$51,309.14",00424412220002070
2026-04-20T11:28:09,NEW,502024CA008204XXXAMB,04/27/2026 10:00 AM ET,"4102 ARTESA DR BOYNTON BEACH, FL- 33436","$1,006,935.78",,"$1,006,935.78",00424524270000160
2026-04-20T11:28:09,NEW,502024CA009529XXXAMB,04/27/2026 10:00 AM ET,"1611 16TH TERRACE PALM BEACH GARDEN, FL- 33418","$229,529.96",,"$229,529.96",Property
2026-04-20T11:28:09,NEW,502025CA001754XXXAMB,04/28/2026 10:00 AM ET,"230 NW 9TH ST BOCA RATON, FL- 33432","$554,253.94",,"$554,253.94",06434719080040070
2026-04-20T11:28:09,NEW,502025CA005129XXXAMB,04/28/2026 10:00 AM ET,"4880 LUCERNE LAKES BLVD 104 LAKE WORTH, FL- 33467","$100,855.26",,"$100,855.26",00424428270291040
2026-04-20T11:28:09,NEW,502022CA005253XXXXMB,04/29/2026 10:00 AM ET,"1571 NW 20TH AVE 104 DELRAY BEACH, FL- 33445","$400,182.49",,"$62,213.19",12434607050641040
2026-04-20T11:28:09,NEW,502024CA001406XXXAMB,04/29/2026 10:00 AM ET,"1058 BREAKERS WEST BLVD WEST PALM BEACH, FL- 33411","$1,744,105.96",,"$1,744,105.96",00424329110000080
2026-04-20T11:28:09,NEW,502024CA008808XXXAMB,04/29/2026 10:00 AM ET,"8635 GRAND PRIX LN BOYNTON BEACH, FL- 33472","$106,494.87",,"$106,494.87",00424517100000500
2026-04-20T11:28:09,NEW,502024CC007094XXXAMB,04/29/2026 10:00 AM ET,"120 LEHANE TER 301 NORTH PALM BEACH, FL- 33408","$26,135.71",,"$26,135.71",68434216090000380
2026-04-20T11:28:09,NEW,502024CC019028XXXAMB,04/29/2026 10:00 AM ET,"141 W 34TH ST RIVIERA BEACH, FL- 33404","$9,670.35",,"$9,670.35",56434228020000220
2026-04-20T11:28:09,NEW,502025CA003341XXXAMB,04/29/2026 10:00 AM ET,"7449 TRESCOTT DR LAKE WORTH, FL- 33467","$282,387.18",,"$282,387.18",00424510040000880
2026-04-20T11:28:09,NEW,502025CA008015XXXAMB,04/29/2026 10:00 AM ET,"918 TURNER RD DELRAY BEACH, FL- 33483","$801,886.91",,"$801,886.91",00434604180000790
2026-04-20T11:28:09,NEW,502025CC010545XXXAMB,04/29/2026 10:00 AM ET,"2669 S GARDEN DR 409 LAKE WORTH, FL- 33461","$35,944.86",,"$35,944.86",00434417520004090
2026-04-20T11:28:09,NEW,502023CA013536XXXAMB,04/30/2026 10:00 AM ET,"100 NORWOOD RD JUPITER, FL- 33469","$1,576,448.89",,"$1,399,000.00",30424036090070010
2026-04-20T11:28:09,NEW,502024CA002794XXXAMB,04/30/2026 10:00 AM ET,"1217 53RD ST MANGONIA PARK, FL- 33407","$141,049.74",,"$141,049.74",44434305060000140
2026-04-20T11:28:09,NEW,502025CC010441XXXASB,04/30/2026 10:00 AM ET,"15979 MATARO BAY CT DELRAY BEACH, FL- 33446","$31,004.55",,"$31,004.55",00424619070000080
2026-04-20T11:28:09,NEW,502025CA003024XXXAMB,05/01/2026 10:00 AM ET,"21202 GLENMOOR DR WEST PALM BEACH, FL- 33409","$200,353.37",,"$200,353.37",74434319210212020
2026-04-20T11:28:09,NEW,502025CA008016XXXAMB,05/01/2026 10:00 AM ET,"2044 WIGHTMAN DR WELLINGTON, FL- 33414","$696,168.45",,Hidden,73414414050000010
2026-04-20T11:28:09,NEW,502020CA009303XXXXMB,05/04/2026 10:00 AM ET,"5528 CANAL DR 10 LAKE WORTH, FL- 33463","$12,698,625.38",,"$12,698,625.38",00424511000007000
2026-04-20T11:28:09,NEW,502023CA014568XXXAMB,05/04/2026 10:00 AM ET,"554 W 1ST ST WEST PALM BEACH, FL- 33404","$85,690.98",,"$85,690.98",56434233110002170
2026-04-20T11:28:09,NEW,502024CA006395XXXAMB,05/04/2026 10:00 AM ET,"262 TIMBERWALK TRL JUPITER, FL- 33458","$311,269.71",,"$178,463.47",Property
2026-04-20T11:28:09,NEW,502024CC012088XXXAMB,05/04/2026 10:00 AM ET,"5067 ANGOLA CIR LAKE WORTH, FL- 33463","$10,869.11",,"$10,869.11",00424434290003000
2026-04-20T11:28:09,NEW,502025CA003755XXXAMB,05/04/2026 10:00 AM ET,"1909 SHOMA DR ROYAL PALM BEACH, FL- 33414","$26,716.33",,"$26,716.33",72414401120192070
2026-04-20T11:28:09,NEW,502025CA006776XXXAMB,05/04/2026 10:00 AM ET,"3101 GEORGIA AVE WEST PALM BEACH, FL- 33405","$103,056.57",,"$103,056.57",74434333210000701
2026-04-20T11:28:09,NEW,502025CA008439XXXAMB,05/04/2026 10:00 AM ET,"207 SW 8TH CT DELRAY BEACH, FL- 33444","$635,296.63",,"$635,296.63",12434620020010071
2026-04-20T11:28:09,NEW,502025CC015521XXXAWB,05/04/2026 10:00 AM ET,"3138 VIA POINCIANA 210 LAKE WORTH, FL- 33467","$22,869.00",,"$22,869.00",00424421210002100
2026-04-20T11:28:09,NEW,502025CC017300XXXAMB,05/04/2026 10:00 AM ET,"502 DAVIS RD 1 PALM SPRINGS, FL- 33461","$14,832.03",,"$14,832.03",70434418120000010
2026-04-20T11:28:09,NEW,502025CA002520XXXAMB,05/05/2026 10:00 AM ET,"2146 SW 13TH ST DELRAY BEACH, FL- 33445","$199,348.58",,"$199,348.58",12434619030050100
2026-04-20T11:28:09,NEW,502025CA003651XXXAMB,05/05/2026 10:00 AM ET,"17142 LUDOVICA LN BOCA RATON, FL- 33496","$1,915,014.12",,"$1,915,014.12",00424631110001900
2026-04-20T11:28:09,NEW,502025CC017746XXXASB,05/05/2026 10:00 AM ET,"6830 CASTLEMAINE AVE BOYNTON BEACH, FL- 33437","$17,681.59",,"$17,681.59",00424533050001440
2026-04-20T11:28:09,NEW,502024CA006899XXXAMB,05/06/2026 10:00 AM ET,"934 PASEO CASTALLA WEST PALM BEACH, FL- 33405","$357,353.34",,"$357,353.34",74434333060050071
2026-04-20T11:28:09,NEW,502022CA006929XXXXMB,05/07/2026 10:00 AM ET,"5936 CORSON PL LAKE WORTH, FL- 33463","$181,786.73",,"$181,786.73",00424434360004140
2026-04-20T11:28:09,NEW,502023CA012801XXXXMB,05/07/2026 10:00 AM ET,"8592 OVERSET LN BOCA RATON, FL- 33496","$121,754.22",,"$121,754.22",00424705070840040
2026-04-20T11:28:09,NEW,502025CA007853XXXAMB,05/07/2026 10:00 AM ET,"401 4TH TERRACE PALM BEACH GARDENS, FL- 33418-3603","$380,801.40",,"$380,801.40",Property
2026-04-20T11:28:09,NEW,502025CA008239XXXAMB,05/07/2026 10:00 AM ET,"920 SUNFLOWER AVE DELRAY BEACH, FL- 33445","$602,118.64",,"$602,118.64",12424612140010840
2026-04-20T11:28:09,NEW,502025CA010432XXXAMB,05/07/2026 10:00 AM ET,"15217 LAKES OF DELRAY BLVD 90 DELRAY BEACH, FL- 33484","$16,516.22",,"$16,516.22",00424623420030900
2026-04-20T11:28:09,NEW,502025CA010996XXXAMB,05/07/2026 10:00 AM ET,"16892 HAMLIN BLVD LOXAHATCHEE, FL- 33470","$584,561.87",,"$584,561.87",00404224000003110
2026-04-20T11:28:09,NEW,502018CA012856XXXXMB,05/11/2026 10:00 AM ET,"1861 BOMAR DR NORTH PALM BEACH, FL- 33408","$495,513.80",,"$495,513.80",00434204030000040
2026-04-20T11:28:09,NEW,502023CA009295XXXXMB,05/11/2026 10:00 AM ET,"1951 SMITH DR NORTH PALM BEACH, FL- 33408","$529,835.04",,"$529,835.04",00434204010000130
2026-04-20T11:28:09,NEW,502023CA014855XXXAMB,05/11/2026 10:00 AM ET,"4804 WATERVIEW CIR PALM SPRINGS, FL- 33461","$249,110.43",,"$249,110.43",70434419240000484
2026-04-20T11:28:09,NEW,502025CA000657XXXAMB,05/11/2026 10:00 AM ET,"6 GREENWAY VILLAGE N 105 ROYAL PALM BEACH, FL- 33411","$470,038.59",,"$195,038.66",Property
2026-04-20T11:28:09,NEW,502025CA001544XXXAMB,05/11/2026 10:00 AM ET,"5978 LAS COLINAS CIR LAKE WORTH, FL- 33463","$59,987.56",,"$59,987.56",00424502050000310
2026-04-20T11:28:09,NEW,502025CA003497XXXAMB,05/11/2026 10:00 AM ET,"14041 80TH LN N LOXAHATCHEE, FL- 33470","$701,232.60",,"$701,232.60",00414220000005970
2026-04-20T11:28:09,NEW,502025CA003676XXXAMB,05/11/2026 10:00 AM ET,"15676 BOTTLEBRUSH CIR DELRAY BEACH, FL- 33484","$91,234.55",,"$91,234.55",00424623070020030
2026-04-20T11:28:09,NEW,502025CA003828XXXAMB,05/11/2026 10:00 AM ET,"5014 NAUTICA LAKE CIR GREENACRES, FL- 33463","$474,683.82",,"$474,683.82",18424435120000960
2026-04-20T11:28:09,NEW,502025CA004500XXXAMB,05/11/2026 10:00 AM ET,"8861 ECHO LN BOCA RATON, FL- 33496","$284,815.52",,"$284,815.52",00424705070450030
2026-04-20T11:28:09,NEW,502024CA000939XXXAMB,05/12/2026 10:00 AM ET,"2427 PRESIDENTIAL WAY 701 WEST PALM BEACH, FL- 33401","$160,136.04",,"$160,136.04",74434318080000701
2026-04-20T11:28:09,NEW,502024CA008443XXXAMB,05/12/2026 10:00 AM ET,"126 VICTORIAN LN JUPITER, FL- 33458","$621,358.07",,"$621,358.07",30424027140000430
2026-04-20T11:28:09,NEW,502025CA005095XXXAMB,05/12/2026 10:00 AM ET,"152 BERENGER WALK ROYAL PALM BEACH, FL- 33414","$1,173,259.04",,"$434,714.77",MULTIPLE
2026-04-20T11:28:09,NEW,502025CA009927XXXAMB,05/12/2026 10:00 AM ET,"18633 92ND LN N LOXAHATCHEE, FL- 33470","$563,783.15",,"$563,783.15",00404215000007330
2026-04-20T11:28:09,NEW,502024CA007204XXXAMB,05/13/2026 10:00 AM ET,"12640 CORAL LAKES DR BOYNTON BEACH, FL- 33437","$46,449.61",,"$46,449.61",00424603080000210
2026-04-20T11:28:09,NEW,502024CC007424XXXASB,05/13/2026 10:00 AM ET,"1208 MARINE WAY 708 NORTH PALM BEACH, FL- 33408","$28,340.50",,"$28,340.50",68434209190017080
2026-04-20T11:28:09,NEW,502025CA000288XXXAMB,05/13/2026 10:00 AM ET,"12373 EQUINE LN WELLINGTON, FL- 33414","$22,352.12",,"$716,876.00",Property
2026-04-20T11:28:09,NEW,502025CA004718XXXAMB,05/13/2026 10:00 AM ET,"9769 BOZZANO DR DELRAY BEACH, FL- 33446","$2,007,388.30",,"$2,007,388.30",00424630110005840
2026-04-20T11:28:09,NEW,502025CA005265XXXAMB,05/13/2026 10:00 AM ET,"4786 PINE CONE LN WEST PALM BEACH, FL- 33417","$297,621.04",,"$297,621.04",00424325100030181
2026-04-20T11:28:09,NEW,502025CA005791XXXAMB,05/13/2026 10:00 AM ET,"13159 ARTISAN CIR PALM BEACH GARDENS, FL- 33418","$1,850,336.86",,"$1,850,336.86",52424126080002950
2026-04-20T11:28:09,NEW,502025CA007214XXXAMB,05/13/2026 10:00 AM ET,"247 LAKE MONTEREY CIR BOYNTON BEACH, FL- 33426","$25,255.15",,"$25,255.15",08434605170190010
2026-04-20T11:28:09,NEW,502025CA007669XXXAMB,05/13/2026 10:00 AM ET,"4548 BANGOR AVE 11 WEST PALM BEACH, FL- 33417","$9,936.82",,"$9,936.82",00424312120000110
2026-04-20T11:28:09,NEW,502025CA008235XXXAMB,05/13/2026 10:00 AM ET,"9105 EQUUS CIR BOYNTON BEACH, FL- 33472","$19,471.50",,"$19,471.50",00424518080000410
2026-04-20T11:28:09,NEW,502019CA015364XXXXMB,05/14/2026 10:00 AM ET,"1474 13TH ST WEST PALM BEACH, FL- 33401","$229,843.08",,"$229,843.08",74434309070360320
2026-04-20T11:28:09,NEW,502024CA011171XXXAMB,05/14/2026 10:00 AM ET,"15920 46TH LANE S WELLINGTON, FL- 33414","$2,411,085.60",,"$2,411,085.60",Property
2026-04-20T11:28:09,NEW,502025CA005319XXXAMB,05/14/2026 10:00 AM ET,"7830 STIRLING BRIDGE BLVD S DELRAY BEACH, FL- 33446","$17,403.61",,"$17,403.61",Property
2026-04-20T11:28:09,NEW,502025CA005983XXXAMB,05/14/2026 10:00 AM ET,"7558 GREENVILLE CIR LAKE WORTH, FL- 33467","$164,264.21",,"$164,264.21",00424504180010840
2026-04-20T11:28:09,NEW,502023CA000502XXXXMB,05/18/2026 10:00 AM ET,"14772 ORANGE BLVD LOXAHATCHEE, FL- 33470","$689,258.82",,"$689,258.82",00414232000003080
2026-04-20T11:28:09,NEW,502024CA003565XXXAMB,05/18/2026 10:00 AM ET,"7187 VILLAMAR WAY LAKE WORTH, FL- 33463","$562,182.78",,"$562,182.78",00424512360001910
2026-04-20T11:28:09,NEW,502024CA012258XXXAMB,05/18/2026 10:00 AM ET,"1822 N N ST LAKE WORTH, FL- 33460","$500,225.77",,"$500,225.77",38434415160060040
2026-04-20T11:28:09,NEW,502025CA001116XXXAMB,05/18/2026 10:00 AM ET,"8484 GRAND PRIX LN BOYNTON BEACH, FL- 33472","$1,447,834.17",,"$1,447,834.17",00424517100001760
2026-04-20T11:28:09,NEW,502025CA004167XXXAMB,05/18/2026 10:00 AM ET,"3450 S OCEAN BLVD 6150 PALM BEACH, FL- 33480","$42,567,324.83",,"$94,918.98",MULTIPLE
2026-04-20T11:28:09,NEW,502025CA007722XXXAMB,05/18/2026 10:00 AM ET,"219 N L ST 100 LAKE WORTH BEACH, FL- 33460","$286,535.77",,"$286,535.77",38434422380000010
2026-04-20T11:28:09,NEW,502025CA008732XXXAMB,05/18/2026 10:00 AM ET,"6215 EATON ST WEST PALM BEACH, FL- 33411","$405,233.49",,"$405,233.49",74424315050003230
2026-04-20T11:28:09,NEW,502025CA009085XXXAMB,05/18/2026 10:00 AM ET,"5305 CLEVELAND RD DELRAY BEACH, FL- 33484","$467,869.31",,"$467,869.31",00424623030007791
2026-04-20T11:28:09,NEW,502025CA010372XXXAMB,05/18/2026 10:00 AM ET,"519 N J ST 1 LAKE WORTH, FL- 33460","$169,122.07",,"$169,122.07",38434421151500230
2026-04-20T11:28:09,NEW,502022CA000642XXXXMB,05/19/2026 10:00 AM ET,"18238 COVINA WAY BOCA RATON, FL- 33498","$457,712.36",,"$457,712.36",00414701190000670
2026-04-20T11:28:09,NEW,502022CA005724XXXXMB,05/20/2026 10:00 AM ET,"6069 HELICONIA RD DELRAY BEACH, FL- 33484","$190,065.65",,"$190,065.65",00424622240042080
2026-04-20T11:28:09,NEW,502023CA009400XXXXMB,05/20/2026 10:00 AM ET,"777 CARISSA DR ROYAL PALM BEACH, FL- 33411","$423,945.60",,"$423,945.60",72414335020070010
2026-04-20T11:28:09,NEW,502023CA011181XXXXMB,05/20/2026 10:00 AM ET,"10766 VERSAILLES BLVD WELLINGTON, FL- 33449","$1,009,744.72",,"$1,009,744.72",73414424050002840
2026-04-20T11:28:09,NEW,502024CA001636XXXAMB,05/26/2026 10:00 AM ET,"90 SOUTH BLVD 1D BOYNTON BEACH, FL- 33435","$56,506.92",,"$56,506.92",08434533150900040
2026-04-20T11:28:09,NEW,502025CA003452XXXAMB,05/26/2026 10:00 AM ET,"1717 FOREST LAKES CIR C WEST PALM BEACH, FL- 33406","$133,600.46",,"$133,600.46",00424412220002910
2026-04-20T11:28:09,NEW,502025CA004217XXXAMB,05/26/2026 10:00 AM ET,"5454 FIRENZE DR H BOYNTON BEACH, FL- 33437","$344,300.18",,"$200,000.00",00424523090052608
2026-04-20T11:28:09,NEW,502025CA007268XXXAMB,05/26/2026 10:00 AM ET,"8 MEADOWS PARK LN BOYNTON BEACH, FL- 33436","$205,253.30",,"$205,253.30",08434507100000080
2026-04-20T11:28:09,NEW,502025CA007886XXXAMB,05/26/2026 10:00 AM ET,"18 AMHERST CT D ROYAL PALM BEACH, FL- 33411","$396,576.87",,"$396,576.87",72414323080000184
2026-04-20T11:28:09,NEW,502025CA008814XXXAMB,05/26/2026 10:00 AM ET,"10655 SHORE DR BOCA RATON, FL- 33428","$55,072.55",,"$55,072.55",00414725020003120
2026-04-20T11:28:09,NEW,502025CA009871XXXAMB,05/26/2026 10:00 AM ET,"608 SE 2ND AVE DELRAY BEACH, FL- 33483","$751,576.32",,"$751,576.32",12434621010070390
2026-04-20T11:28:09,NEW,502025CA011684XXXAMB,05/26/2026 10:00 AM ET,"468 NORMANDY J DELRAY BEACH, FL- 33484","$104,595.90",,"$104,595.90",00424622130104680
2026-04-20T11:28:09,NEW,502025CC011501XXXAMB,05/26/2026 10:00 AM ET,"689 NE 6TH CT 4060 BOYNTON BEACH, FL- 33435","$39,092.74",,"$39,092.74",08434522170024060
2026-04-20T11:28:09,NEW,502025CC018210XXXAMB,05/26/2026 10:00 AM ET,"1015 GREEN PINE BLVD A3 WEST PALM BEACH, FL- 33409","$26,268.16",,"$26,268.16",74424313080150013
2026-04-20T11:28:09,NEW,502024CA012038XXXAMB,05/27/2026 10:00 AM ET,"16318 SEA TURTLE PL WESTLAKE, FL- 33470","$8,622.05",,"$8,622.05",77404312140001460
2026-04-20T11:28:09,NEW,502022CA006726XXXXMB,05/28/2026 10:00 AM ET,"6105 SEVEN SPRINGS BLVD GREENACRES, FL- 33463","$89,593.50",,"$89,593.50",18424422450000362
2026-04-20T11:28:09,NEW,502024CA001652XXXAMB,05/28/2026 10:00 AM ET,"5260 DEERHURST CRESCENT CIR BOCA RATON, FL- 33486","$530,644.97",,"$530,644.97",06424735090020150
2026-04-20T11:28:09,NEW,502025CA000563XXXAMB,05/28/2026 10:00 AM ET,"550 OKEECHOBEE BLVD UNIT 1103 WEST PALM BEACH, FL- 33401","$390,028.16",,"$390,028.16",74434328340001103
2026-04-20T11:28:09,NEW,502025CA003035XXXAMB,05/28/2026 10:00 AM ET,"8293 BERMUDA SOUND WAY BOYNTON BEACH, FL- 33436","$261,860.53",,"$261,860.53",08424513150002930
2026-04-20T11:28:09,NEW,502025CA005256XXXAMB,05/28/2026 10:00 AM ET,"5940 PINEY CT GREENACRES, FL- 33463","$403,894.12",,"$403,894.12",18424426040000180
2026-04-20T11:28:09,NEW,502025CA011533XXXAMB,05/28/2026 10:00 AM ET,"4200 PALM BAY CIR D WEST PALM BEACH, FL- 33406","$9,731.90",,"$9,731.90",00424401250000544
2026-04-20T11:28:09,NEW,502023CA008578XXXXMB,06/01/2026 10:00 AM ET,"300 OCEAN TRAIL WAY 103 JUPITER, FL- 33477","$445,376.63",,"$445,376.63",30434105120030103
2026-04-20T11:28:09,NEW,502025CA000159XXXAMB,06/01/2026 10:00 AM ET,"3814 GREENWOOD AVE WEST PALM BEACH, FL- 33407","$28,575.54",,"$28,575.54",74434309050560190
2026-04-20T11:28:09,NEW,502025CA001846XXXAMB,06/01/2026 10:00 AM ET,"8311 WATERWAY DR LAKE CLARKE SHORES, FL- 33406","$247,583.84",,$0.00,Property
2026-04-20T11:28:09,NEW,502025CA003440XXXAMB,06/01/2026 10:00 AM ET,"11804 WIMBLEDON CIRCLE WELLINGTON, FL- 33414","$3,444,831.64",,"$15,132.45",Property
2026-04-20T11:28:09,NEW,502025CA007649XXXAMB,06/03/2026 10:00 AM ET,"4005 ROCKS POINT PL RIVIERA BEACH, FL- 33407","$17,692.22",,"$17,692.22",56424236360001130
2026-04-20T11:28:09,NEW,502023CA013385XXXAMB,06/08/2026 10:00 AM ET,"301 SW 9TH AVE BOYNTON BEACH, FL- 33435","$511,697.44",,"$511,697.44",08434528220080450
2026-04-20T11:28:09,NEW,502024CA009569XXXAMB,06/08/2026 10:00 AM ET,"17928 36TH CT N LOXAHATCHEE, FL- 33470","$654,381.77",,"$654,381.77",00404314000004060
2026-04-20T11:28:09,NEW,502025CA001565XXXAMB,06/08/2026 10:00 AM ET,"3155 NW 9TH ST DELRAY BEACH, FL- 33445","$434,334.26",,"$209,600.59",Property
2026-04-20T11:28:09,NEW,502025CA010910XXXAMB,06/08/2026 10:00 AM ET,"1274 TANGLED ORCHARD TRCE LOXAHATCHEE, FL- 33470","$579,282.20",,"$579,282.20",00404327050000930
2026-04-20T11:28:09,NEW,502025CA011836XXXAMB,06/08/2026 10:00 AM ET,"15484 LAKES OF DELRAY BLVD 206 DELRAY BEACH, FL- 33484","$17,057.81",,"$17,057.81",00424623280012060
2026-04-20T11:28:09,NEW,502025CA012355XXXAMB,06/08/2026 10:00 AM ET,"1064 SIENA OAKS CIR E PALM BEACH GARDENS, FL- 33410","$285,042.80",,"$285,042.80",52434207280000640
2026-04-20T11:28:09,NEW,502024CA005741XXXAMB,06/09/2026 10:00 AM ET,"285 TUSCANY E DELRAY BEACH, FL- 33446","$234,990.56",,"$234,990.56",00424622050042850
2026-04-20T11:28:09,NEW,502025CA001875XXXAMB,06/09/2026 10:00 AM ET,"5800 FERNLEY DR W 53 WEST PALM BEACH, FL- 33415","$144,640.16",,"$144,640.16",00424414560000530
2026-04-20T11:28:09,NEW,502025CA001925XXXAMB,06/09/2026 10:00 AM ET,"5600 N FLAGLER DR 2703 WEST PALM BEACH, FL- 33407","$99,049.51",,"$99,049.51",74434304250012703
2026-04-20T11:28:09,NEW,502025CA005825XXXAMB,06/09/2026 10:00 AM ET,"11889 OSPREY POINTE CIR WELLINGTON, FL- 33449","$669,471.79",,"$669,471.79",73414426040000360
2026-04-20T11:28:09,NEW,502025CA005826XXXAMB,06/09/2026 10:00 AM ET,"11889 OSPREY POINTE CIR WELLINGTON, FL- 33449","$669,471.79",,"$669,471.79",73414426040000360
2026-04-20T11:28:09,NEW,502025CA007657XXXAMB,06/09/2026 10:00 AM ET,"769 DAFFODIL DR WELLINGTON, FL- 33414","$278,250.56",,"$278,250.56",73414404010050150
2026-04-20T11:28:09,NEW,502025CA007691XXXAMB,06/09/2026 10:00 AM ET,"505 SPENCER DR 307 WEST PALM BEACH, FL- 33409","$46,097.31",,"$46,097.31",74434319140003070
2026-04-20T11:28:09,NEW,502025CA008769XXXAMB,06/09/2026 10:00 AM ET,"7032 CHESAPEAKE CIR BOYNTON BEACH, FL- 33436","$557,828.50",,"$557,828.50",08434507170002830
2026-04-20T11:28:09,NEW,502025CA010701XXXAMB,06/09/2026 10:00 AM ET,"9436 LAGO DR BOYNTON BEACH, FL- 33472","$70,592.05",,"$70,592.05",00424518050000320
2026-04-20T11:28:09,NEW,502024CA011064XXXAMB,06/10/2026 10:00 AM ET,"1585 W 36TH ST RIVIERA BEACH, FL- 33404","$60,838.34",,"$60,838.34",56434229020060010
2026-04-20T11:28:09,NEW,502024CA011410XXXAMB,06/10/2026 10:00 AM ET,"196 BANDOL ST RIVIERA BEACH, FL- 33404","$8,589.51",,"$8,589.51",56434228700000010
2026-04-20T11:28:09,NEW,502024CC000801XXXAMB,06/10/2026 10:00 AM ET,"9413 BOCA GARDENS CIR S B BOCA RATON, FL- 33496","$42,659.47",,"$42,659.47",00424706050970020
2026-04-20T11:28:09,NEW,502025CA010880XXXAMB,06/10/2026 10:00 AM ET,"58 VIA DE CASAS NORTE BOYNTON BEACH, FL- 33426","$14,824.46","$205,000.00","$14,824.46",08434517030150580
2026-04-20T11:28:09,NEW,502025CA002363XXXAMB,06/11/2026 10:00 AM ET,"2551 CANTERBURY DR S RIVIERA BEACH, FL- 33407","$294,828.09",,"$294,828.09",56424236060000370
2026-04-20T11:28:09,NEW,502025CA003522XXXAMB,06/11/2026 10:00 AM ET,"7286 HUNTINGTON LN 204 DELRAY BEACH, FL- 33446","$392,391.44","$146,185.00","$40,439.66",Property
2026-04-20T11:28:09,NEW,502025CA005317XXXAMB,06/11/2026 10:00 AM ET,"4414 HEMLOCK DR RIVIERA BEACH, FL- 33410","$340,587.12",,"$340,587.12",56424225440000270
2026-04-20T11:28:09,NEW,502025CA005588XXXAMB,06/11/2026 10:00 AM ET,"828 QUARTZ TER WEST PALM BEACH, FL- 33413","$450,618.53",,"$450,618.53",00424335270000180
2026-04-20T11:28:09,NEW,502025CA006006XXXAMB,06/11/2026 10:00 AM ET,"755 DATE PALM DR LAKE PARK, FL- 33403","$363,414.36",,"$363,414.36",36434220010550250
2026-04-20T11:28:09,NEW,502025CA007311XXXAMB,06/11/2026 10:00 AM ET,"327 N H ST LAKE WORTH, FL- 33460","$202,109.65",,"$202,109.65",38434421150820190
2026-04-20T11:28:09,NEW,502025CA000880XXXAMB,06/15/2026 10:00 AM ET,"9 ATRIUM CIR A LAKE WORTH, FL- 33462","$190,464.56",,"$43,640.87",Property
2026-04-20T11:28:09,NEW,502025CA003910XXXAMB,06/15/2026 10:00 AM ET,"501 SANDPIPER WAY BOCA RATON, FL- 33431","$1,764,000.00",,"$1,764,000.00",06434708220001030
2026-04-20T11:28:09,NEW,502025CA004380XXXAMB,06/15/2026 10:00 AM ET,"3515 VILLAGE BLVD 105 WEST PALM BEACH, FL- 33409","$6,406.17",,"$267,598.72",Property
2026-04-20T11:28:09,NEW,502025CA000480XXXAMB,06/17/2026 10:00 AM ET,"93 SAXONY B DELRAY BEACH, FL- 33446","$35,603.95",,"$35,603.95",00424622090020930
2026-04-20T11:28:09,NEW,502025CC011253XXXAMB,06/17/2026 10:00 AM ET,"2811 S GARDEN DR 205 LAKE WORTH, FL- 33461","$29,168.35",,"$29,168.35",00434417490002050
2026-04-20T11:28:09,NEW,502025CA011567XXXAMB,06/22/2026 10:00 AM ET,"17711 FOXWOOD WAY BOCA RATON, FL- 33487","$370,746.57",,"$370,746.57",00424636040180100
2026-04-20T11:28:09,NEW,502025CC011255XXXAMB,06/24/2026 10:00 AM ET,"2615 N GARDEN DR 109 LAKE WORTH, FL- 33461","$39,872.10",,"$39,872.10",00434417300001090
2026-04-20T11:28:09,NEW,502025CA003818XXXAMB,06/25/2026 10:00 AM ET,"117 KINGSWOOD II F 1170 # 10 WEST PALM BEACH, FL- 33417","$92,535.91",,"$6,252,026.00",Property
2026-04-20T11:28:09,NEW,502025CA006240XXXAMB,06/25/2026 10:00 AM ET,"790 PALM TREE LN HAVERHILL, FL- 33415","$421,601.55",,"$421,601.55",22424336270000140
2026-04-20T11:28:09,NEW,502025CA009993XXXAMB,06/25/2026 10:00 AM ET,"518 GARDENIA TER DELRAY BEACH, FL- 33444","$1,888,042.06","$1,270,201.00",Hidden,12434608190040110
2026-04-20T11:28:09,NEW,502025CA004771XXXAMB,06/29/2026 10:00 AM ET,"2791 VILLAGE BLVD 104 WEST PALM BEACH, FL- 33409","$117,727.77",,"$117,727.77",74434307070081040
2026-04-20T11:28:09,NEW,502025CC010048XXXAMB,06/29/2026 10:00 AM ET,"1151 SEPIA LN LAKE WORTH, FL- 33461","$14,245.48",,"$14,245.48",38434420360000210
2026-04-20T11:28:09,NEW,502023CA010036XXXXMB,07/02/2026 10:00 AM ET,"7065 CATALINA ISLE DR LAKE WORTH, FL- 33467","$398,278.49","$561,306.00","$398,278.49",00424509100000120
2026-04-20T11:28:09,NEW,502024CC012528XXXAMB,07/06/2026 10:00 AM ET,"5315 10TH FAIRWAY DR 2 DELRAY BEACH, FL- 33484","$65,335.04",,"$65,335.04",00424626140020020
2026-04-20T11:28:09,NEW,502025CA008709XXXAMB,07/06/2026 10:00 AM ET,"2625 WEST WAY RIVIERA BEACH, FL- 33404","$523,265.56",,"$523,265.56",56434227040005140
2026-04-20T11:28:09,NEW,502025CA001688XXXAMB,07/07/2026 10:00 AM ET,"1331 PEBBLE RIDGE LN WEST PALM BEACH, FL- 33411","$67,722.02",,"$67,722.02",00424407010000190
2026-04-20T11:28:09,NEW,502025CA007261XXXAMB,07/07/2026 10:00 AM ET,"300 S AUSTRALIAN AVE 611 WEST PALM BEACH, FL- 33401","$40,620.77",,"$40,620.77",74434321260000611
2026-04-20T11:28:09,NEW,502025CA007679XXXAMB,07/07/2026 10:00 AM ET,"1754 PIERSIDE CIR WELLINGTON, FL- 33414","$15,840.23",,"$15,840.23",73414410260000190
2026-04-20T11:28:09,NEW,502025CA001709XXXAMB,07/09/2026 10:00 AM ET,"3664 ALDER DR F1 WEST PALM BEACH, FL- 33417","$250,630.97",,"$250,630.97",00424313121230061
2026-04-20T11:28:09,NEW,502025CA002811XXXAMB,07/09/2026 10:00 AM ET,"2820 TENNIS CLUB DR 205 WEST PALM BEACH, FL- 33417","$27,226.32",,"$27,226.32",00424324160012080
2026-04-20T11:28:09,NEW,502025CA005722XXXAMB,07/09/2026 10:00 AM ET,"207 ANHINGA LN JUPITER, FL- 33458","$89,261.70",,"$89,261.70",30424115020000130
2026-04-20T11:28:09,NEW,502025CA008552XXXAMB,07/09/2026 10:00 AM ET,"3997 ISLAND CLUB DR LAKE WORTH, FL- 33462","$297,029.17",,"$297,029.17",00434439020000390
2026-04-20T11:28:09,NEW,502024CA003222XXXAMB,07/13/2026 10:00 AM ET,"1015 NE 3RD ST BELLE GLADE, FL- 33430","$207,254.40",,"$207,254.40",04374332160000060
2026-04-20T11:28:09,NEW,502025CA007181XXXAMB,07/13/2026 10:00 AM ET,"625 FLANDERS N DELRAY BEACH, FL- 33484","$157,472.43",,"$157,472.43",00424622100146250
2026-04-20T11:28:09,NEW,502025CA008794XXXAMB,07/15/2026 10:00 AM ET,"10960 STAFFORD CIR S BOYNTON BEACH, FL- 33436","$14,135.77",,"$14,135.77",00424525110001040
2026-04-20T11:28:09,NEW,502025CA010811XXXAMB,07/22/2026 10:00 AM ET,"6198 RIVERWALK LN 1 JUPITER, FL- 33458","$69,388.67",,"$69,388.67",30424103200430010
2026-04-20T11:28:09,NEW,502025CA004084XXXAMB,07/23/2026 10:00 AM ET,"6461 NW 2ND AVE 4110 BOCA RATON, FL- 33487","$186,804.08",,"$186,804.08",06434705140004110
2026-04-20T11:28:09,NEW,502025CA008521XXXAMB,07/23/2026 10:00 AM ET,"10150 YEOMAN LN ROYAL PALM BEACH, FL- 33411","$151,207.01",,"$151,207.01",72414325060004950
2026-04-20T11:28:09,NEW,502024CA007243XXXAMB,07/27/2026 10:00 AM ET,"506 W 1ST ST RIVIERA BEACH, FL- 33404","$244,646.71",,"$244,646.71",56434233110002110
2026-04-20T11:28:09,NEW,502025CA001820XXXAMB,07/27/2026 10:00 AM ET,"402 NE 10TH TER BOCA RATON, FL- 33432","$360,876.01",,"$360,876.01",Property
2026-04-20T11:28:09,NEW,502025CA011098XXXAMB,07/28/2026 10:00 AM ET,"516 OSPREY DR 15-A DELRAY BEACH, FL- 33444","$100,035.07",,"$100,035.07",12434629130030151
2026-04-20T11:28:09,NEW,502025CC014766XXXAMB,08/04/2026 10:00 AM ET,"6162 BAY ISLES DR BOYNTON BEACH, FL- 33437","$13,917.41",,"$13,917.41",00424603020001090
2026-04-20T11:28:09,NEW,502025CA005726XXXAMB,08/06/2026 10:00 AM ET,"1261 W 3RD ST RIVIERA BEACH, FL- 33404","$54,454.12",,"$54,454.12",56434232090007160
2026-04-20T11:28:09,NEW,502025CA008442XXXAMB,08/06/2026 10:00 AM ET,"18020 46TH COURT NORTH LOXAHATCHEE, FL- 33470","$331,131.02",,"$331,131.02",Property
2026-04-20T11:28:09,NEW,502025CA003333XXXAMB,08/10/2026 10:00 AM ET,"902 S SEACREST BLVD BOYNTON BEACH, FL- 33435","$687,541.07",,"$687,541.07",08434528120200110
2026-04-20T11:28:09,NEW,502025CA005366XXXAMB,08/10/2026 10:00 AM ET,"760 E OCEAN AVE 203 BOYNTON BEACH, FL- 33435","$277,553.67",,"$277,553.67",08434527450032030
2026-04-20T11:28:09,NEW,502025CA000861XXXAMB,08/24/2026 10:00 AM ET,"618 GARDENIA TER DELRAY BEACH, FL- 33444","$532,655.84",,"$532,655.84",12434608190010080
2026-04-20T11:28:09,NEW,502025CA008509XXXAMB,08/26/2026 10:00 AM ET,"16298 90TH ST N LOXAHATCHEE, FL- 33470","$582,791.10",,"$582,791.10",00404213000006120
2026-04-20T11:28:09,NEW,502025CA001782XXXAMB,09/08/2026 10:00 AM ET,"2513 NW 4TH CT BOYNTON BEACH, FL- 33426","$194,133.00",,"$194,133.00",08434516370190070
2026-04-20T11:28:09,NEW,502025CA010082XXXAMB,09/08/2026 10:00 AM ET,"13651 EXOTICA LN WELLINGTON, FL- 33414","$367,313.92",,"$367,313.92",73414404010480010
2026-04-21T14:35:14,NEW,502024CA001029XXXAMB,05/11/2026 10:00 AM ET,"1408 LAKE BASS DR LAKE WORTH, FL- 33461","$295,863.53",,"$295,863.53",00434432050170270
2026-04-21T14:35:14,NEW,502025CA001412XXXAMB,05/11/2026 10:00 AM ET,"6 GREENWAY VILLAGE N 105 ROYAL PALM BEACH, FL- 33411","$195,038.66",,"$195,038.66",72414326060061050
2026-04-21T14:35:14,NEW,502025CA013156XXXAMB,05/20/2026 10:00 AM ET,"18428 VIA DI VERONA BOCA RATON, FL- 33496","$310,605.24",,"$310,605.24",00424705240001310
2026-04-21T14:35:14,NEW,502024CA009457XXXAMB,05/21/2026 10:00 AM ET,"560 BETHANY LN HAVERHILL, FL- 33415","$905,648.08",,"$905,648.08",22424335050250030
2026-04-21T14:35:14,NEW,502025CC017271XXXASB,05/21/2026 10:00 AM ET,"7061 DUBONNET DR BOCA RATON, FL- 33433","$50,236.25",,"$50,236.25",00424721280000500
2026-04-21T14:35:14,NEW,502025CA003364XXXAMB,06/01/2026 10:00 AM ET,"8311 WATERWAY DR LAKE CLARKE SHORES, FL- 33406",$0.00,,$0.00,34434417180000120
2026-04-21T14:35:14,CLOSED,502025CA007509XXXAMB,04/21/2026 10:00 AM ET,"4846 POND PINE WAY GREENACRES, FL- 33463","$365,027.63",,Hidden,18424426280000350
2026-04-21T14:35:14,CLOSED,502025CC017384XXXASB,04/21/2026 10:00 AM ET,"6 WESTGATE LN 6B BOYNTON BEACH, FL- 33436","$37,002.63",,"$37,002.63",08424601150000062
2026-04-21T14:35:14,CLOSED,502025CA004500XXXAMB,05/11/2026 10:00 AM ET,"8861 ECHO LN BOCA RATON, FL- 33496","$284,815.52",,"$284,815.52",00424705070450030
2026-04-21T14:35:14,CLOSED,502025CA005256XXXAMB,05/28/2026 10:00 AM ET,"5940 PINEY CT GREENACRES, FL- 33463","$403,894.12",,"$403,894.12",18424426040000180
2026-04-22T02:52:32,NEW,502025CA004474XXXAMB,04/27/2026 10:00 AM ET,"614 EXECUTIVE CENTER DR 208 WEST PALM BEACH, FL- 33401","$224,900.51",,Hidden,74434320056142080
2026-04-22T02:52:32,CLOSED,502023CA012517XXXXMB,04/27/2026 10:00 AM ET,"17146 87TH LN N LOXAHATCHEE, FL- 33470","$364,936.14",,"$364,936.14",00404223000001760
2026-04-23T02:52:18,NEW,502025CA006085XXXAMB,05/27/2026 10:00 AM ET,"62 WILLOW CIR BOYNTON BEACH, FL- 33436","$462,785.19",,"$462,785.19",08434530200000620
2026-04-23T02:52:18,NEW,502023CA010360XXXXMB,06/01/2026 10:00 AM ET,"6896 140TH AVE N WEST PALM BEACH, FL- 33412","$215,269.77",,"$215,269.77",00414233000003200
2026-04-23T02:52:18,NEW,502025CA005033XXXAMB,06/01/2026 10:00 AM ET,"11804 WIMBLEDON CIRCLE WELLINGTON, FL- 33414","$15,132.45",,"$15,132.45",Property
2026-04-23T02:52:18,NEW,502025CA004914XXXAMB,06/02/2026 10:00 AM ET,"194 MASTIC TREE CT ROYAL PALM BEACH, FL- 33411","$15,169.23",,"$15,169.23",72414326210001940
2026-04-23T02:52:18,NEW,502025CA003819XXXAMB,06/08/2026 10:00 AM ET,"3155 NW 9TH ST DELRAY BEACH, FL- 33445","$209,600.59",,"$209,600.59",12434607150090040
2026-04-23T02:52:18,NEW,502025CA003617XXXAMB,06/15/2026 10:00 AM ET,"9 ATRIUM CIR A LAKE WORTH, FL- 33462","$43,640.87",,"$43,640.87",02434431260090010
2026-04-23T02:52:18,NEW,502025CA011381XXXAMB,06/15/2026 10:00 AM ET,"1135 22ND STREET WEST PALM BEACH, FL- 33407","$233,146.10",,"$233,146.10",Property
2026-04-23T02:52:18,NEW,502025CA012197XXXAMB,06/15/2026 10:00 AM ET,"3515 VILLAGE BLVD 105 WEST PALM BEACH, FL- 33409","$267,598.72",,"$267,598.72",74434307070031050
2026-04-23T02:52:18,NEW,502023CA012517XXXXMB,06/22/2026 10:00 AM ET,"17711 FOXWOOD WAY BOCA RATON, FL- 33487","$364,936.14",,"$370,746.57",Property
2026-04-23T02:52:18,CLOSED,502024CA010879XXXAMB,04/22/2026 10:00 AM ET,"8 PRESTON A BOCA RATON, FL- 33434","$100,000.00",,"$126,600.00",00424708130010080
2026-04-23T02:52:18,CLOSED,502025CA002801XXXAMB,04/22/2026 10:00 AM ET,"99 SE MIZNER BLVD APT 627 BOCA RATON, FL- 33432","$284,487.68",,"$287,573.00",06434729560066270
2026-04-23T02:52:18,CLOSED,502025CA006511XXXAMB,04/22/2026 10:00 AM ET,"8374 ZANZIBAR LN WELLINGTON, FL- 33414","$166,403.17",,"$172,646.98",73424417050006050
2026-04-23T02:52:18,CLOSED,502025CA011567XXXAMB,06/22/2026 10:00 AM ET,"17711 FOXWOOD WAY BOCA RATON, FL- 33487","$370,746.57",,"$370,746.57",00424636040180100
2026-04-24T02:52:10,NEW,502025CA007746XXXAMB,04/27/2026 10:00 AM ET,"9826 SANDY RUN JUPITER, FL- 33478","$306,885.91",,"$306,885.91",00424118000003800
2026-04-24T02:52:10,NEW,502017CA010903XXXXMB,05/21/2026 10:00 AM ET,"3641 CHESAPEAKE CT WELLINGTON, FL- 33414","$35,934.30","$472,560.00","$35,934.30",73414423080000470
2026-04-24T02:52:10,NEW,502025CC017204XXXAMB,06/08/2026 10:00 AM ET,"866 NW 25TH AVE DELRAY BEACH, FL- 33445","$19,038.18",,"$19,038.18",12434607030040090
2026-04-24T02:52:10,NEW,502024CA011554XXXAMB,06/16/2026 10:00 AM ET,"2313 N CONGRESS AVE APT 23 BOYNTON BEACH, FL- 33426","$126,859.95",,"$126,859.95",08434518220060230
2026-04-24T02:52:10,NEW,502025CA011567XXXAMB,06/22/2026 10:00 AM ET,"17711 FOXWOOD WAY BOCA RATON, FL- 33487","$370,746.57",,"$370,746.57",00424636040180100
2026-04-24T02:52:10,NEW,502025CC000520XXXAMB,06/22/2026 10:00 AM ET,"8824 COBBLESTONE POINT CIR BOYNTON BEACH, FL- 33472","$14,248.95",,"$14,248.95",00424520050010210
2026-04-24T02:52:10,NEW,502025CC004930XXXASB,06/22/2026 10:00 AM ET,"150 VALENCIA G DELRAY BEACH, FL- 33446","$27,589.79",,"$27,589.79",00424622060071500
2026-04-24T02:52:10,NEW,502025CC019696XXXAMB,06/22/2026 10:00 AM ET,"233 SARATOGA BLVD E ROYAL PALM BEACH, FL- 33411","$8,059.30",,"$8,059.30",72414315070130530
2026-04-24T02:52:10,NEW,502025CA011510XXXAMB,08/17/2026 10:00 AM ET,"703 LOCHWICK TER PALM BEACH GARDENS, FL- LF 33418","$13,666.37",,"$13,666.37",52424210100030110
2026-04-24T02:52:10,CLOSED,502025CA003509XXXAMB,04/23/2026 10:00 AM ET,"5270 NESTING WAY B DELRAY BEACH, FL- 33484","$123,251.87",,Hidden,00424611183620020
2026-04-24T02:52:10,CLOSED,502025CA007750XXXAMB,04/23/2026 10:00 AM ET,"316 DORSET H BOCA RATON, FL- 33434","$16,630.88",,"$16,630.88",00424708080083160
2026-04-24T02:52:10,CLOSED,502025CA012074XXXAMB,04/23/2026 10:00 AM ET,"10189 LEXINGTON LAKES BLVD N BOYNTON BEACH, FL- 33436","$298,543.94",,Hidden,00434530220001300
2026-04-24T02:52:10,CLOSED,502016CA010350XXXXMB,04/27/2026 10:00 AM ET,"285 NW 35TH ST BOCA RATON, FL- 33431","$617,992.03",,"$617,992.03",06434707020230060
2026-04-27T02:52:12,NEW,502025CA008013XXXAMB,04/27/2026 10:00 AM ET,"1034 GROVE PARK CIR BOYNTON BEACH, FL- 33436","$635,227.78",,Hidden,08424512260000520
2026-04-27T02:52:12,NEW,502025CA008071XXXAMB,04/27/2026 10:00 AM ET,"4513 BLUE PINE CIR LAKE WORTH, FL- 33463","$261,530.19",,Hidden,00424501040000010
2026-04-27T02:52:12,NEW,502025CA008229XXXAMB,04/27/2026 10:00 AM ET,"719 SW 18TH ST BOYNTON BEACH, FL- 33426","$369,399.38",,Hidden,08434529180510300
2026-04-27T02:52:12,NEW,502025CA009262XXXAMB,04/27/2026 10:00 AM ET,"9343 TANGO TER BOCA RATON, FL- 33496","$573,389.57",,Hidden,00424706130000650
2026-04-27T02:52:12,NEW,502025CA002671XXXAMB,05/26/2026 10:00 AM ET,"8017 ABERDEEN DR 201 BOYNTON BEACH, FL- 33472","$25,326.92","$121,500.00","$25,326.92",00424515090082010
2026-04-27T02:52:12,NEW,502025CA007735XXXAMB,05/27/2026 10:00 AM ET,"4725 LUCERNE LAKES BLVD EAST # LAKE WORTH, FL- 33467","$15,799.90",,"$15,799.90",Property
2026-04-27T02:52:12,CLOSED,502023CA011632XXXXMB,04/27/2026 10:00 AM ET,"10596 VERSAILLES BLVD WELLINGTON, FL- 33449","$882,652.40",,"$882,652.40",73414424050003320
2026-04-27T02:52:12,CLOSED,502023CA014862XXXAMB,04/27/2026 10:00 AM ET,"118 VILLA CIR BOYNTON BEACH, FL- 33435","$171,582.37",,"$171,582.37",08434533560011180
2026-04-27T02:52:12,CLOSED,502024CA000461XXXAMB,04/27/2026 10:00 AM ET,"10898 LAKE WYNDS CT BOYNTON BEACH, FL- 33437","$599,969.90",,Hidden,00424527150000360
2026-04-27T02:52:12,CLOSED,502024CA009529XXXAMB,04/27/2026 10:00 AM ET,"1611 16TH TERRACE PALM BEACH GARDEN, FL- 33418","$229,529.96",,"$229,529.96",Property
2026-04-27T02:52:12,CLOSED,502025CC010441XXXASB,04/30/2026 10:00 AM ET,"15979 MATARO BAY CT DELRAY BEACH, FL- 33446","$31,004.55",,"$31,004.55",00424619070000080
2026-04-27T02:52:12,CLOSED,502025CA010996XXXAMB,05/07/2026 10:00 AM ET,"16892 HAMLIN BLVD LOXAHATCHEE, FL- 33470","$584,561.87",,"$584,561.87",00404224000003110
2026-04-27T02:52:12,CLOSED,502025CC018210XXXAMB,05/26/2026 10:00 AM ET,"1015 GREEN PINE BLVD A3 WEST PALM BEACH, FL- 33409","$26,268.16",,"$26,268.16",74424313080150013
2026-04-28T02:52:33,NEW,502025CA008182XXXAMB,05/26/2026 10:00 AM ET,"3146 VIA POINCIANA 303 LAKE WORTH, FL- 33467","$34,485.02",,"$34,485.02",00424422480063030
2026-04-28T02:52:33,NEW,502024CA007012XXXAMB,05/27/2026 10:00 AM ET,"1809 S CLUB DR WELLINGTON, FL- 33414","$536,854.23",,"$536,854.23",73414407040000080
2026-04-28T02:52:33,NEW,502025CC010441XXXASB,05/29/2026 10:00 AM ET,"15979 MATARO BAY CT DELRAY BEACH, FL- 33446","$31,004.55",,"$31,004.55",00424619070000080
2026-04-28T02:52:33,NEW,502025CA000429XXXAMB,06/08/2026 10:00 AM ET,"5235 EUROPA DR M BOYNTON BEACH, FL- 33437","$18,241.94",,"$18,241.94",00424523140001613
2026-04-28T02:52:33,NEW,502025CA009185XXXAMB,06/22/2026 10:00 AM ET,"1009 SW 3RD AVE BOYNTON BEACH, FL- 33426","$233,168.03",,"$233,168.03",08434529040110130
2026-04-28T02:52:33,NEW,502024CA000461XXXAMB,06/26/2026 10:00 AM ET,"10898 LAKE WYNDS CT BOYNTON BEACH, FL- 33437","$599,969.90",,"$599,969.90",00424527150000360
2026-04-28T02:52:33,NEW,502025CA007512XXXAMB,06/29/2026 10:00 AM ET,"129 COUNTRY CLUB WAY ROYAL PALM BEACH, FL- 33411","$592,195.28",,"$592,195.28",72414323200000150
2026-04-28T02:52:33,NEW,502025CA004575XXXAMB,07/22/2026 10:00 AM ET,"7791 BRIDLINGTON DR BOYNTON BEACH, FL- 33472","$30,250.79",,"$30,250.79",00424516070000650
2026-04-28T02:52:33,NEW,502025CA008124XXXAMB,08/20/2026 10:00 AM ET,"87 PHEASANT RUN BLVD WEST PALM BEACH, FL- 33415","$354,151.21",,"$354,151.21",00424402310001090
2026-04-28T02:52:33,NEW,502025CA012662XXXAMB,08/20/2026 10:00 AM ET,"13052 COMPTON RD LOXAHATCHEE, FL- 33470","$917,051.29",,"$917,051.29",41414317016310010
2026-04-28T02:52:33,NEW,502025CA003966XXXAMB,09/22/2026 10:00 AM ET,"1080 STERLING PINE PLACE LOXAHATCHEE, FL- 33470","$807,448.10",,"$807,448.10",Property
2026-04-28T02:52:33,CLOSED,502018CA005160XXXXMB,04/27/2026 10:00 AM ET,"21800 LITTLE BEAR LN BOCA RATON, FL- 33428","$437,778.46",,"$270,000.00",00414723020000330
2026-04-28T02:52:33,CLOSED,502019CA014939XXXXMB,04/27/2026 10:00 AM ET,"3289 PERIMETER DR GREENACRES, FL- 33467","$195,993.87",,Hidden,18424422270222213
2026-04-28T02:52:33,CLOSED,502024CA007481XXXAMB,04/27/2026 10:00 AM ET,"1654 FOREST LAKES CIR C WEST PALM BEACH, FL- 33406","$51,309.14",,Hidden,00424412220002070
2026-04-28T02:52:33,CLOSED,502024CA008204XXXAMB,04/27/2026 10:00 AM ET,"4102 ARTESA DR BOYNTON BEACH, FL- 33436","$1,006,935.78",,"$908,512.00",00424524270000160
2026-04-28T02:52:33,CLOSED,502025CA004474XXXAMB,04/27/2026 10:00 AM ET,"614 EXECUTIVE CENTER DR 208 WEST PALM BEACH, FL- 33401","$224,900.51",,Hidden,74434320056142080
2026-04-28T02:52:33,CLOSED,502025CA007746XXXAMB,04/27/2026 10:00 AM ET,"9826 SANDY RUN JUPITER, FL- 33478","$306,885.91",,"$306,885.91",00424118000003800
2026-04-28T02:52:33,CLOSED,502025CA008013XXXAMB,04/27/2026 10:00 AM ET,"1034 GROVE PARK CIR BOYNTON BEACH, FL- 33436","$635,227.78",,Hidden,08424512260000520
2026-04-28T02:52:33,CLOSED,502025CA008071XXXAMB,04/27/2026 10:00 AM ET,"4513 BLUE PINE CIR LAKE WORTH, FL- 33463","$261,530.19",,Hidden,00424501040000010
2026-04-28T02:52:33,CLOSED,502025CA008229XXXAMB,04/27/2026 10:00 AM ET,"719 SW 18TH ST BOYNTON BEACH, FL- 33426","$369,399.38",,Hidden,08434529180510300
2026-04-28T02:52:33,CLOSED,502025CA009262XXXAMB,04/27/2026 10:00 AM ET,"9343 TANGO TER BOCA RATON, FL- 33496","$573,389.57",,Hidden,00424706130000650
2026-04-28T02:52:33,CLOSED,502025CA001754XXXAMB,04/28/2026 10:00 AM ET,"230 NW 9TH ST BOCA RATON, FL- 33432","$554,253.94",,"$554,253.94",06434719080040070
2026-04-28T02:52:33,CLOSED,502024CA001406XXXAMB,04/29/2026 10:00 AM ET,"1058 BREAKERS WEST BLVD WEST PALM BEACH, FL- 33411","$1,744,105.96",,Hidden,00424329110000080
2026-04-28T02:52:33,CLOSED,502024CC019028XXXAMB,04/29/2026 10:00 AM ET,"141 W 34TH ST RIVIERA BEACH, FL- 33404","$9,670.35",,"$9,670.35",56434228020000220
2026-04-28T02:52:33,CLOSED,502025CC017746XXXASB,05/05/2026 10:00 AM ET,"6830 CASTLEMAINE AVE BOYNTON BEACH, FL- 33437","$17,681.59",,"$17,681.59",00424533050001440
2026-04-28T02:52:33,CLOSED,502025CC011501XXXAMB,05/26/2026 10:00 AM ET,"689 NE 6TH CT 4060 BOYNTON BEACH, FL- 33435","$39,092.74",,"$39,092.74",08434522170024060
2026-04-28T02:52:33,CLOSED,502025CA011567XXXAMB,06/22/2026 10:00 AM ET,"17711 FOXWOOD WAY BOCA RATON, FL- 33487","$370,746.57",,"$370,746.57",00424636040180100
2026-04-29T02:52:18,NEW,502025CA008737XXXAMB,05/13/2026 10:00 AM ET,"7636 LEXINGTON CLUB BLVD B DELRAY BEACH, FL- 33446","$71,970.48",,"$71,970.48",00424621160610020
2026-04-29T02:52:18,NEW,502025CA004424XXXAMB,08/24/2026 10:00 AM ET,"9393 CASCADE CT BOYNTON BEACH, FL- 33437","$434,692.96",,"$434,692.96",00424522110000390
2026-04-29T02:52:18,CLOSED,502025CA005129XXXAMB,04/28/2026 10:00 AM ET,"4880 LUCERNE LAKES BLVD 104 LAKE WORTH, FL- 33467","$100,855.26",,Hidden,00424428270291040
2026-04-29T02:52:18,CLOSED,502022CA005253XXXXMB,04/29/2026 10:00 AM ET,"1571 NW 20TH AVE 104 DELRAY BEACH, FL- 33445","$471,073.97",,"$62,213.19",12434607050641040
2026-04-29T02:52:18,CLOSED,502024CA008808XXXAMB,04/29/2026 10:00 AM ET,"8635 GRAND PRIX LN BOYNTON BEACH, FL- 33472","$106,494.87",,Hidden,00424517100000500
2026-04-29T02:52:18,CLOSED,502025CA008015XXXAMB,04/29/2026 10:00 AM ET,"918 TURNER RD DELRAY BEACH, FL- 33483","$801,886.91",,Hidden,00434604180000790
2026-04-29T02:52:18,CLOSED,502025CC010545XXXAMB,04/29/2026 10:00 AM ET,"2669 S GARDEN DR 409 LAKE WORTH, FL- 33461","$35,944.86",,"$35,944.86",00434417520004090
2026-04-29T02:52:18,CLOSED,502025CA003024XXXAMB,05/01/2026 10:00 AM ET,"21202 GLENMOOR DR WEST PALM BEACH, FL- 33409","$200,353.37",,"$200,353.37",74434319210212020
2026-04-29T02:52:18,CLOSED,502025CA007669XXXAMB,05/13/2026 10:00 AM ET,"4548 BANGOR AVE 11 WEST PALM BEACH, FL- 33417","$9,936.82",,"$9,936.82",00424312120000110
2026-04-29T02:52:18,CLOSED,502024CA000461XXXAMB,06/26/2026 10:00 AM ET,"10898 LAKE WYNDS CT BOYNTON BEACH, FL- 33437","$599,969.90",,"$599,969.90",00424527150000360
2026-04-30T02:52:09,NEW,502022CA005253XXXXMB,06/01/2026 10:00 AM ET,"1571 NW 20TH AVE 104 DELRAY BEACH, FL- 33445","$400,182.49",,"$400,182.49",12434607050641040
2026-04-30T02:52:09,NEW,502024CA005195XXXAMB,06/03/2026 10:00 AM ET,"2696 FLAMANGO LAKE DR WEST PALM BEACH, FL- 33406","$221,297.48",,"$221,297.48",00434405190000170
2026-04-30T02:52:09,NEW,502024CA000461XXXAMB,06/29/2026 10:00 AM ET,"10898 LAKE WYNDS CT BOYNTON BEACH, FL- 33437","$599,969.90",,"$599,969.90",00424527150000360
2026-04-30T02:52:09,NEW,502025CA010301XXXAMB,06/29/2026 10:00 AM ET,"7706 LARKSPUR LN WEST PALM BEACH, FL- 33412","$180,639.46","$256,658.00","$180,639.46",74414225070000700
2026-04-30T02:52:09,CLOSED,502024CC007094XXXAMB,04/29/2026 10:00 AM ET,"120 LEHANE TER 301 NORTH PALM BEACH, FL- 33408","$26,135.71",,"$26,135.71",68434216090000380
2026-04-30T02:52:09,CLOSED,502025CA003341XXXAMB,04/29/2026 10:00 AM ET,"7449 TRESCOTT DR LAKE WORTH, FL- 33467","$282,387.18",,Hidden,00424510040000880
2026-04-30T02:52:09,CLOSED,502023CA013536XXXAMB,04/30/2026 10:00 AM ET,"100 NORWOOD RD JUPITER, FL- 33469","$1,576,448.89",,"$1,399,000.00",30424036090070010
2026-04-30T02:52:09,CLOSED,502023CA012801XXXXMB,05/07/2026 10:00 AM ET,"8592 OVERSET LN BOCA RATON, FL- 33496","$121,754.22",,"$121,754.22",00424705070840040
2026-05-01T02:51:49,NEW,502024CA006577XXXAMB,05/13/2026 10:00 AM ET,"469 NE 35TH ST BOCA RATON, FL- 33431","$550,231.20",,"$547,582.20",06434708040540231
2026-05-01T02:51:49,NEW,502024CA003779XXXAMB,05/20/2026 10:00 AM ET,"18428 VIA DI VERONA BOCA RATON, FL- 33496","$107,331.72",,"$310,605.24",Property
2026-05-01T02:51:49,NEW,502025CC010355XXXAMB,06/10/2026 10:00 AM ET,"2048 RESTON CIR ROYAL PALM BEACH, FL- 33411","$11,410.12",,"$11,410.12",72414315070030130
2026-05-01T02:51:49,NEW,502024CA007663XXXAMB,06/11/2026 10:00 AM ET,"2551 CANTERBURY DR S RIVIERA BEACH, FL- 33407","$2,555,356.22",,"$294,828.09",MULTIPLE
2026-05-01T02:51:49,NEW,502024CA008808XXXAMB,07/02/2026 10:00 AM ET,"8635 GRAND PRIX LN BOYNTON BEACH, FL- 33472","$106,494.87","$1,010,104.00","$106,494.87",00424517100000500
2026-05-01T02:51:49,CLOSED,502024CA002794XXXAMB,04/30/2026 10:00 AM ET,"1217 53RD ST MANGONIA PARK, FL- 33407","$141,049.74",,Hidden,44434305060000140
2026-05-01T02:51:49,CLOSED,502025CA008016XXXAMB,05/01/2026 10:00 AM ET,"2044 WIGHTMAN DR WELLINGTON, FL- 33414","$696,168.45",,Hidden,73414414050000010
2026-05-01T02:51:49,CLOSED,502025CA006776XXXAMB,05/04/2026 10:00 AM ET,"3101 GEORGIA AVE WEST PALM BEACH, FL- 33405","$103,056.57",,"$103,056.57",74434333210000701
2026-05-01T02:51:49,CLOSED,502025CC017300XXXAMB,05/04/2026 10:00 AM ET,"502 DAVIS RD 1 PALM SPRINGS, FL- 33461","$14,832.03",,"$14,832.03",70434418120000010
2026-05-01T02:51:49,CLOSED,502025CA008737XXXAMB,05/13/2026 10:00 AM ET,"7636 LEXINGTON CLUB BLVD B DELRAY BEACH, FL- 33446","$71,970.48",,"$71,970.48",00424621160610020
2026-05-01T02:51:49,CLOSED,502025CA013156XXXAMB,05/20/2026 10:00 AM ET,"18428 VIA DI VERONA BOCA RATON, FL- 33496","$310,605.24",,"$310,605.24",00424705240001310
2026-05-01T02:51:49,CLOSED,502025CA002363XXXAMB,06/11/2026 10:00 AM ET,"2551 CANTERBURY DR S RIVIERA BEACH, FL- 33407","$294,828.09",,"$294,828.09",56424236060000370
2026-05-04T02:51:58,NEW,502025CA010116XXXAMB,05/26/2026 10:00 AM ET,"3589 S OCEAN BLVD 303 PALM BEACH, FL- 33480","$103,399.93",,"$103,399.93",62434435100023030
2026-05-04T02:51:58,NEW,502025CA002344XXXAMB,06/01/2026 10:00 AM ET,"7705 MANSFIELD HOLW DELRAY BEACH, FL- 33446","$521,505.00",,"$521,505.00",00424609030001740
2026-05-04T02:51:58,NEW,502025CA002931XXXAMB,08/26/2026 10:00 AM ET,"16298 90TH ST N LOXAHATCHEE, FL- 33470","$416,095.83",,"$582,791.10",Property
2026-05-04T02:51:58,CLOSED,502025CA002520XXXAMB,05/05/2026 10:00 AM ET,"2146 SW 13TH ST DELRAY BEACH, FL- 33445","$199,348.58",,"$199,348.58",12434619030050100
2026-05-04T02:51:58,CLOSED,502025CA011684XXXAMB,05/26/2026 10:00 AM ET,"468 NORMANDY J DELRAY BEACH, FL- 33484","$104,595.90",,"$104,595.90",00424622130104680
2026-05-04T02:51:58,CLOSED,502025CA008509XXXAMB,08/26/2026 10:00 AM ET,"16298 90TH ST N LOXAHATCHEE, FL- 33470","$582,791.10",,"$582,791.10",00404213000006120
2026-05-05T02:51:40,NEW,502025CA004500XXXAMB,05/11/2026 10:00 AM ET,"8861 ECHO LN BOCA RATON, FL- 33496","$284,815.52",,"$155,000.00",00424705070450030
2026-05-05T02:51:40,NEW,502024CA010265XXXAMB,06/03/2026 10:00 AM ET,"4118 41ST WAY WEST PALM BEACH, FL- 33407","$20,323.36",,"$20,323.36",74424301090001731
2026-05-05T02:51:40,NEW,502025CA008509XXXAMB,08/26/2026 10:00 AM ET,"16298 90TH ST N LOXAHATCHEE, FL- 33470","$582,791.10",,"$582,791.10",00404213000006120
2026-05-05T02:51:40,NEW,502025CA008289XXXAMB,09/28/2026 10:00 AM ET,"1880 GULFSTREAM WAY WEST PALM BEACH, FL- 33411","$680,736.59",,"$680,736.59",00424330060000160
2026-05-05T02:51:40,CLOSED,502020CA009303XXXXMB,05/04/2026 10:00 AM ET,"5528 CANAL DR 10 LAKE WORTH, FL- 33463","$12,698,625.38",,"$12,698,625.38",00424511000007000
2026-05-05T02:51:40,CLOSED,502023CA014568XXXAMB,05/04/2026 10:00 AM ET,"554 W 1ST ST WEST PALM BEACH, FL- 33404","$85,690.98",,Hidden,56434233110002170
2026-05-05T02:51:40,CLOSED,502024CA006395XXXAMB,05/04/2026 10:00 AM ET,"262 TIMBERWALK TRL JUPITER, FL- 33458","$311,269.71",,"$178,463.47",ALCOHOLIC
2026-05-05T02:51:40,CLOSED,502024CC012088XXXAMB,05/04/2026 10:00 AM ET,"5067 ANGOLA CIR LAKE WORTH, FL- 33463","$10,869.11",,"$10,869.11",00424434290003000
2026-05-05T02:51:40,CLOSED,502025CA003755XXXAMB,05/04/2026 10:00 AM ET,"1909 SHOMA DR ROYAL PALM BEACH, FL- 33414","$26,716.33",,"$26,716.33",72414401120192070
2026-05-05T02:51:40,CLOSED,502025CA008439XXXAMB,05/04/2026 10:00 AM ET,"207 SW 8TH CT DELRAY BEACH, FL- 33444","$635,296.63",,"$635,296.63",12434620020010071
2026-05-05T02:51:40,CLOSED,502025CC015521XXXAWB,05/04/2026 10:00 AM ET,"3138 VIA POINCIANA 210 LAKE WORTH, FL- 33467","$22,869.00",,"$22,869.00",00424421210002100
2026-05-05T02:51:40,CLOSED,502025CA003651XXXAMB,05/05/2026 10:00 AM ET,"17142 LUDOVICA LN BOCA RATON, FL- 33496","$1,915,014.12",,"$2,020,812.62",00424631110001900
2026-05-05T02:51:40,CLOSED,502024CA006899XXXAMB,05/06/2026 10:00 AM ET,"934 PASEO CASTALLA WEST PALM BEACH, FL- 33405","$357,353.34",,"$357,353.34",74434333060050071
2026-05-05T02:51:40,CLOSED,502025CA001544XXXAMB,05/11/2026 10:00 AM ET,"5978 LAS COLINAS CIR LAKE WORTH, FL- 33463","$59,987.56",,"$59,987.56",00424502050000310
2026-05-06T02:51:49,NEW,502026CC001245XXXANB,06/08/2026 10:00 AM ET,"300 INTRACOASTAL PL 106 JUPITER, FL- 33469","$16,277.81",,"$16,277.81",00434030200031060
2026-05-06T02:51:49,NEW,502024CA006899XXXAMB,07/08/2026 10:00 AM ET,"934 PASEO CASTALLA WEST PALM BEACH, FL- 33405","$357,353.34",,"$357,353.34",74434333060050071
2026-05-06T02:51:49,CLOSED,502025CA009927XXXAMB,05/12/2026 10:00 AM ET,"18633 92ND LN N LOXAHATCHEE, FL- 33470","$563,783.15",,"$563,783.15",00404215000007330
2026-05-07T02:51:40,NEW,502026CA000685XXXAMB,07/27/2026 10:00 AM ET,"3351 N FEDERAL HWY DELRAY BEACH, FL- 33483","$993,885.33",,"$993,885.33",00434604120000170
2026-05-07T02:51:40,NEW,502025CA001696XXXAMB,07/28/2026 10:00 AM ET,"3127 FERNWOOD DR BOYNTON BEACH, FL- 33435","$1,269,403.02",,"$1,269,403.02",08434605010090150
2026-05-07T02:51:40,CLOSED,502022CA006929XXXXMB,05/07/2026 10:00 AM ET,"5936 CORSON PL LAKE WORTH, FL- 33463","$181,786.73",,"$181,786.73",00424434360004140
2026-05-08T02:51:35,NEW,502025CA004634XXXAMB,05/11/2026 10:00 AM ET,"6128 FAIRFIELD CIR GREENACRES, FL- 33463","$277,780.62",,Hidden,18424422330010090
2026-05-08T02:51:35,NEW,502025CA012610XXXAMB,06/22/2026 10:00 AM ET,"1014 N J ST LAKE WORTH BEACH, FL- 33460","$118,847.78",,"$118,847.78",38434421153080040
2026-05-08T02:51:35,CLOSED,502025CA007853XXXAMB,05/07/2026 10:00 AM ET,"401 4TH TERRACE PALM BEACH GARDENS, FL- 33418-3603","$380,801.40",,"$380,801.40",Property
2026-05-08T02:51:35,CLOSED,502025CA008239XXXAMB,05/07/2026 10:00 AM ET,"920 SUNFLOWER AVE DELRAY BEACH, FL- 33445","$602,118.64",,Hidden,12424612140010840
2026-05-08T02:51:35,CLOSED,502025CA010432XXXAMB,05/07/2026 10:00 AM ET,"15217 LAKES OF DELRAY BLVD 90 DELRAY BEACH, FL- 33484","$16,516.22",,"$17,019.36",00424623420030900
2026-05-08T02:51:35,CLOSED,502025CA003828XXXAMB,05/11/2026 10:00 AM ET,"5014 NAUTICA LAKE CIR GREENACRES, FL- 33463","$474,683.82",,"$474,683.82",18424435120000960
2026-05-08T02:51:35,CLOSED,502025CA007722XXXAMB,05/18/2026 10:00 AM ET,"219 N L ST 100 LAKE WORTH BEACH, FL- 33460","$286,535.77",,"$286,535.77",38434422380000010
2026-05-11T02:51:42,NEW,502025CA005109XXXAMB,05/11/2026 10:00 AM ET,"7325 LANTANA RD LAKE WORTH, FL- 33467","$340,377.86",,"$175,000.00",00424327050323590
2026-05-11T02:51:42,NEW,502025CA006169XXXAMB,05/11/2026 10:00 AM ET,"8611 DEARBORN RIVER WAY BOCA RATON, FL- 33496","$302,527.86",,"$317,419.35",00424632070004200
2026-05-11T02:51:42,NEW,502025CA007853XXXAMB,06/08/2026 10:00 AM ET,"401 4TH TERRACE PALM BEACH GARDENS, FL- 33418-3603","$380,801.40",,"$380,801.40",Property
2026-05-11T02:51:42,NEW,502023CA001559XXXXMB,06/09/2026 10:00 AM ET,"9902 WARNER LN WELLINGTON, FL- 33414","$744,350.90",,"$744,350.90",73424407030004650
2026-05-11T02:51:42,NEW,502026CA000188XXXAMB,06/10/2026 10:00 AM ET,"215 WOODLAND RD PALM SPRINGS, FL- 33461","$10,554.61",,"$10,554.61",70424413300002150
2026-05-11T02:51:42,NEW,502019CA014210XXXXMB,06/22/2026 10:00 AM ET,"401 W 5TH TER PAHOKEE, FL- 33476","$151,103.95",,"$151,103.95",48374218240000090
2026-05-11T02:51:42,NEW,502024CA011242XXXAMB,06/22/2026 10:00 AM ET,"17029 TETON RIVER RD BOCA RATON, FL- 33496","$1,690,708.03",,"$1,690,708.03",00424632100007590
2026-05-11T02:51:42,NEW,502025CA001202XXXAMB,06/22/2026 10:00 AM ET,"7481 CAMPO FLORIDO BOCA RATON, FL- 33433","$449,113.68",,"$449,113.68",00424721210000040
2026-05-11T02:51:42,NEW,502025CA007351XXXAMB,06/22/2026 10:00 AM ET,"1009 SW 3RD AVE BOYNTON BEACH, FL- 33426","$27,767.36",,"$233,168.03",TIMESHARE
2026-05-11T02:51:42,NEW,502025CA009596XXXAMB,09/03/2026 10:00 AM ET,"6606 WINDMILL WAY GREENACRES, FL- 33413","$68,673.81",,"$68,673.81",18424403090000820
2026-05-11T02:51:42,CLOSED,502024CA001029XXXAMB,05/11/2026 10:00 AM ET,"1408 LAKE BASS DR LAKE WORTH, FL- 33461","$295,863.53",,"$295,863.53",00434432050170270
2026-05-11T02:51:42,CLOSED,502025CA000657XXXAMB,05/11/2026 10:00 AM ET,"711 12TH AVE N LAKE WORTH BEACH, FL- 33460","$470,038.59",,"$470,038.59",38434421153460080
2026-05-11T02:51:42,CLOSED,502026CC001245XXXANB,06/08/2026 10:00 AM ET,"300 INTRACOASTAL PL 106 JUPITER, FL- 33469","$16,277.81",,"$16,277.81",00434030200031060
2026-05-11T02:51:42,CLOSED,502025CA009185XXXAMB,06/22/2026 10:00 AM ET,"1009 SW 3RD AVE BOYNTON BEACH, FL- 33426","$233,168.03",,"$233,168.03",08434529040110130
2026-05-12T02:51:34,NEW,502025CA008737XXXAMB,05/13/2026 10:00 AM ET,"7636 LEXINGTON CLUB BLVD B DELRAY BEACH, FL- 33446","$71,970.48",,"$71,970.48",00424621160610020
2026-05-12T02:51:34,NEW,502024CA010909XXXAMB,06/10/2026 10:00 AM ET,"500 EGRET CIR 8308 DELRAY BEACH, FL- 33444","$25,375.27",,"$25,375.27",12434629160088308
2026-05-12T02:51:34,NEW,502025CA000738XXXAMB,06/10/2026 10:00 AM ET,"4187 N HAVERHILL RD UNIT 506 WEST PALM BEACH, FL- 33417","$19,686.19",,"$19,686.19",74424311060055060
2026-05-12T02:51:34,NEW,502025CA007916XXXAMB,06/10/2026 10:00 AM ET,"7518 ACE RD S LAKE WORTH, FL- 33467","$9,433.44",,"$9,433.44",00424421090030100
2026-05-12T02:51:34,NEW,502025CA008750XXXAMB,06/10/2026 10:00 AM ET,"90 SOUTH BLVD 1D BOYNTON BEACH, FL- 33435","$75,404.09",,"$75,404.09",08434533150900040
2026-05-12T02:51:34,NEW,502025CA008801XXXAMB,06/10/2026 10:00 AM ET,"750 EGRET CIR 6511 DELRAY BEACH, FL- 33444","$3,468.40",,"$3,468.40",12434629160066511
2026-05-12T02:51:34,NEW,502025CA009239XXXAMB,06/10/2026 10:00 AM ET,"4723 LUCERNE LAKES BLVD UNIT 6 LAKE WORTH, FL- 33467","$27,936.52",,"$27,936.52",00424428340006360
2026-05-12T02:51:34,NEW,502025CA009849XXXAMB,06/10/2026 10:00 AM ET,"201 E TIFFANY DR 1 MANGONIA PARK, FL- 33407","$53,325.17",,"$53,325.17",44434305200520010
2026-05-12T02:51:34,NEW,502025CA005312XXXAMB,06/15/2026 10:00 AM ET,"17194 BRULEE BREEZE WAY BOCA RATON, FL- 33496","$4,842,336.72",,"$4,842,336.72",00424631130002600
2026-05-12T02:51:34,NEW,502025CA008176XXXAMB,06/15/2026 10:00 AM ET,"1135 22ND STREET WEST PALM BEACH, FL- 33407","$845,221.72",,"$233,146.10",MULTIPLE
2026-05-12T02:51:34,NEW,502025CA005147XXXAMB,06/22/2026 10:00 AM ET,"548 NW 54TH ST BOCA RATON, FL- 33487","$595,830.62",,"$595,830.62",06434706010070180
2026-05-12T02:51:34,NEW,502025CA006059XXXAMB,06/22/2026 10:00 AM ET,"14717 WILDFLOWER LN DELRAY BEACH, FL- 33446","$124,833.29",,"$124,833.29",00424615100260020
2026-05-12T02:51:34,NEW,502024CA005511XXXAMB,07/06/2026 10:00 AM ET,"5315 10TH FAIRWAY DR 2 DELRAY BEACH, FL- 33484","$507,156.93",,"$65,335.04",Property
2026-05-12T02:51:34,NEW,502025CA006734XXXAMB,07/06/2026 10:00 AM ET,"2625 WEST WAY RIVIERA BEACH, FL- 33404","$51,487.07",,"$523,265.56",Property
2026-05-12T02:51:34,NEW,502023CA013439XXXAMB,07/28/2026 10:00 AM ET,"3127 FERNWOOD DR BOYNTON BEACH, FL- 33435","$560,490.85",,"$1,269,403.02",Property
2026-05-12T02:51:34,NEW,502024CA008156XXXAMB,08/04/2026 10:00 AM ET,"6162 BAY ISLES DR BOYNTON BEACH, FL- 33437","$291,584.97",,"$13,917.41",Property
2026-05-12T02:51:34,NEW,502025CA009790XXXAMB,09/03/2026 10:00 AM ET,"1610 S PALMWAY LAKE WORTH, FL- 33460","$570,591.28",,"$570,591.28",38434427010910040
2026-05-12T02:51:34,CLOSED,502018CA012856XXXXMB,05/11/2026 10:00 AM ET,"1861 BOMAR DR NORTH PALM BEACH, FL- 33408","$495,513.80",,"$288,300.00",00434204030000040
2026-05-12T02:51:34,CLOSED,502023CA009295XXXXMB,05/11/2026 10:00 AM ET,"1951 SMITH DR NORTH PALM BEACH, FL- 33408","$529,835.04",,"$227,064.96",00434204010000130
2026-05-12T02:51:34,CLOSED,502023CA014855XXXAMB,05/11/2026 10:00 AM ET,"4804 WATERVIEW CIR PALM SPRINGS, FL- 33461","$249,110.43",,Hidden,70434419240000484
2026-05-12T02:51:34,CLOSED,502025CA001412XXXAMB,05/11/2026 10:00 AM ET,"6 GREENWAY VILLAGE N 105 ROYAL PALM BEACH, FL- 33411","$195,038.66",,"$195,038.66",72414326060061050
2026-05-12T02:51:34,CLOSED,502025CA003497XXXAMB,05/11/2026 10:00 AM ET,"14041 80TH LN N LOXAHATCHEE, FL- 33470","$701,232.60",,Hidden,00414220000005970
2026-05-12T02:51:34,CLOSED,502025CA003676XXXAMB,05/11/2026 10:00 AM ET,"15676 BOTTLEBRUSH CIR DELRAY BEACH, FL- 33484","$91,234.55",,Hidden,00424623070020030
2026-05-12T02:51:34,CLOSED,502025CA004500XXXAMB,05/11/2026 10:00 AM ET,"8861 ECHO LN BOCA RATON, FL- 33496","$284,815.52",,"$155,000.00",00424705070450030
2026-05-12T02:51:34,CLOSED,502025CA004634XXXAMB,05/11/2026 10:00 AM ET,"6128 FAIRFIELD CIR GREENACRES, FL- 33463","$277,780.62",,Hidden,18424422330010090
2026-05-12T02:51:34,CLOSED,502025CA005109XXXAMB,05/11/2026 10:00 AM ET,"7325 LANTANA RD LAKE WORTH, FL- 33467","$340,377.86",,"$175,000.00",00424327050323590
2026-05-12T02:51:34,CLOSED,502025CA006169XXXAMB,05/11/2026 10:00 AM ET,"8611 DEARBORN RIVER WAY BOCA RATON, FL- 33496","$302,527.86",,"$317,419.35",00424632070004200
2026-05-12T02:51:34,CLOSED,502025CA005095XXXAMB,05/12/2026 10:00 AM ET,"152 BERENGER WALK ROYAL PALM BEACH, FL- 33414","$1,173,259.04",,Hidden,MULTIPLE
2026-05-12T02:51:34,CLOSED,502025CA008235XXXAMB,05/13/2026 10:00 AM ET,"9105 EQUUS CIR BOYNTON BEACH, FL- 33472","$19,471.50",,"$19,471.50",00424518080000410
2026-05-12T02:51:34,CLOSED,502024CA011171XXXAMB,05/14/2026 10:00 AM ET,"15920 46TH LANE S WELLINGTON, FL- 33414","$2,411,085.60",,"$2,411,085.60",Property
2026-05-12T02:51:34,CLOSED,502025CA005983XXXAMB,05/14/2026 10:00 AM ET,"7558 GREENVILLE CIR LAKE WORTH, FL- 33467","$164,264.21",,"$164,264.21",00424504180010840
2026-05-12T02:51:34,CLOSED,502025CA010880XXXAMB,06/10/2026 10:00 AM ET,"58 VIA DE CASAS NORTE BOYNTON BEACH, FL- 33426","$14,824.46","$205,000.00","$14,824.46",08434517030150580
2026-05-12T02:51:34,CLOSED,502025CC010355XXXAMB,06/10/2026 10:00 AM ET,"2048 RESTON CIR ROYAL PALM BEACH, FL- 33411","$11,410.12",,"$11,410.12",72414315070030130
2026-05-12T02:51:34,CLOSED,502026CA000188XXXAMB,06/10/2026 10:00 AM ET,"215 WOODLAND RD PALM SPRINGS, FL- 33461","$10,554.61",,"$10,554.61",70424413300002150
2026-05-12T02:51:34,CLOSED,502025CA003522XXXAMB,06/11/2026 10:00 AM ET,"7286 HUNTINGTON LN 204 DELRAY BEACH, FL- 33446","$392,391.44","$146,185.00","$40,439.66",Property
2026-05-12T02:51:34,CLOSED,502025CA011381XXXAMB,06/15/2026 10:00 AM ET,"1135 22ND STREET WEST PALM BEACH, FL- 33407","$233,146.10",,"$233,146.10",Property
2026-05-12T02:51:34,CLOSED,502025CA012610XXXAMB,06/22/2026 10:00 AM ET,"1014 N J ST LAKE WORTH BEACH, FL- 33460","$118,847.78",,"$118,847.78",38434421153080040
2026-05-12T02:51:34,CLOSED,502025CC000520XXXAMB,06/22/2026 10:00 AM ET,"8824 COBBLESTONE POINT CIR BOYNTON BEACH, FL- 33472","$14,248.95",,"$14,248.95",00424520050010210
2026-05-12T02:51:34,CLOSED,502025CC004930XXXASB,06/22/2026 10:00 AM ET,"150 VALENCIA G DELRAY BEACH, FL- 33446","$27,589.79",,"$27,589.79",00424622060071500
2026-05-12T02:51:34,CLOSED,502025CC019696XXXAMB,06/22/2026 10:00 AM ET,"233 SARATOGA BLVD E ROYAL PALM BEACH, FL- 33411","$8,059.30",,"$8,059.30",72414315070130530
2026-05-12T02:51:34,CLOSED,502024CC012528XXXAMB,07/06/2026 10:00 AM ET,"5315 10TH FAIRWAY DR 2 DELRAY BEACH, FL- 33484","$65,335.04",,"$65,335.04",00424626140020020
2026-05-12T02:51:34,CLOSED,502025CA008709XXXAMB,07/06/2026 10:00 AM ET,"2625 WEST WAY RIVIERA BEACH, FL- 33404","$523,265.56",,"$523,265.56",56434227040005140
2026-05-12T02:51:34,CLOSED,502025CA001696XXXAMB,07/28/2026 10:00 AM ET,"3127 FERNWOOD DR BOYNTON BEACH, FL- 33435","$1,269,403.02",,"$1,269,403.02",08434605010090150
2026-05-12T02:51:34,CLOSED,502025CC014766XXXAMB,08/04/2026 10:00 AM ET,"6162 BAY ISLES DR BOYNTON BEACH, FL- 33437","$13,917.41",,"$13,917.41",00424603020001090
2026-05-13T02:51:43,NEW,502025CA008867XXXAMB,05/13/2026 10:00 AM ET,"230 FANSHAW F BOCA RATON, FL- 33434","$16,534.68",,"$16,534.68",00424708050062300
2026-05-13T02:51:43,NEW,502025CA010022XXXAMB,05/13/2026 10:00 AM ET,"1025 GREEN PINE BLVD B WEST PALM BEACH, FL- 33409","$256,056.12",,Hidden,74424313080250020
2026-05-13T02:51:43,NEW,502025CA011372XXXAMB,05/13/2026 10:00 AM ET,"5139 FLORIA WAY P BOYNTON BEACH, FL- 33437","$9,877.66",,"$9,788.66",00424523200005516
2026-05-13T02:51:43,NEW,502025CA000657XXXAMB,06/08/2026 10:00 AM ET,"711 12TH AVENUE NORTH LAKE WORTH BEACH, FL- 33460","$484,389.97",,"$470,038.59",Property
2026-05-13T02:51:43,NEW,502008CA003941XXXXMB,06/11/2026 10:00 AM ET,"6424 96TH PL S BOYNTON BEACH, FL- 33437-2840","$509,634.85",,"$509,634.85",00424522030000780
2026-05-13T02:51:43,NEW,502025CA012379XXXAMB,06/18/2026 10:00 AM ET,"240 NW 8TH AVE DELRAY BEACH, FL- 33444","$146,998.25",,"$146,998.25",12434617250020270
2026-05-13T02:51:43,NEW,502025CA009185XXXAMB,06/22/2026 10:00 AM ET,"1009 SW 3RD AVE BOYNTON BEACH, FL- 33426","$233,168.03",,"$233,168.03",08434529040110130
2026-05-13T02:51:43,NEW,502025CA009728XXXAMB,06/22/2026 10:00 AM ET,"12244 CASTLE PINES ROAD BOYTON BEACH, FL- 33437","$505,041.64",,"$505,041.64",Property
2026-05-13T02:51:43,CLOSED,502024CA000939XXXAMB,05/12/2026 10:00 AM ET,"2427 PRESIDENTIAL WAY 701 WEST PALM BEACH, FL- 33401","$160,136.04",,"$162,320.73",74434318080000701
2026-05-13T02:51:43,CLOSED,502024CA008443XXXAMB,05/12/2026 10:00 AM ET,"126 VICTORIAN LN JUPITER, FL- 33458","$621,358.07",,"$634,209.77",30424027140000430
2026-05-13T02:51:43,CLOSED,502024CA007204XXXAMB,05/13/2026 10:00 AM ET,"12640 CORAL LAKES DR BOYNTON BEACH, FL- 33437","$46,449.61",,"$46,449.61",00424603080000210
2026-05-13T02:51:43,CLOSED,502025CA000288XXXAMB,05/13/2026 10:00 AM ET,"12373 EQUINE LN WELLINGTON, FL- 33414","$22,352.12",,Hidden,Property
2026-05-13T02:51:43,CLOSED,502025CC017204XXXAMB,06/08/2026 10:00 AM ET,"866 NW 25TH AVE DELRAY BEACH, FL- 33445","$19,038.18",,"$19,038.18",12434607030040090
2026-05-14T02:51:42,NEW,502025CA001412XXXAMB,06/22/2026 10:00 AM ET,"6 GREENWAY VILLAGE N 105 ROYAL PALM BEACH, FL- 33411","$195,038.66",,"$195,038.66",72414326060061050
2026-05-14T02:51:42,NEW,502026CA000288XXXAMB,06/24/2026 10:00 AM ET,"722 RIDGE RD 11 LANTANA, FL- 33462","$19,997.04",,"$19,997.04",40434433230000110
2026-05-14T02:51:42,CLOSED,502024CA006577XXXAMB,05/13/2026 10:00 AM ET,"469 NE 35TH ST BOCA RATON, FL- 33431","$550,231.20",,"$547,582.20",06434708040540231
2026-05-14T02:51:42,CLOSED,502024CC007424XXXASB,05/13/2026 10:00 AM ET,"1208 MARINE WAY 708 NORTH PALM BEACH, FL- 33408","$28,340.50",,"$56,261.44",68434209190017080
2026-05-14T02:51:42,CLOSED,502025CA004718XXXAMB,05/13/2026 10:00 AM ET,"9769 BOZZANO DR DELRAY BEACH, FL- 33446","$2,007,388.30",,"$2,007,388.30",00424630110005840
2026-05-14T02:51:42,CLOSED,502025CA005265XXXAMB,05/13/2026 10:00 AM ET,"4786 PINE CONE LN WEST PALM BEACH, FL- 33417","$297,621.04",,"$308,800.00",00424325100030181
2026-05-14T02:51:42,CLOSED,502025CA005791XXXAMB,05/13/2026 10:00 AM ET,"13159 ARTISAN CIR PALM BEACH GARDENS, FL- 33418","$1,850,336.86",,"$1,850,336.86",52424126080002950
2026-05-14T02:51:42,CLOSED,502025CA007214XXXAMB,05/13/2026 10:00 AM ET,"247 LAKE MONTEREY CIR BOYNTON BEACH, FL- 33426","$25,255.15",,"$25,255.15",08434605170190010
2026-05-14T02:51:42,CLOSED,502025CA008737XXXAMB,05/13/2026 10:00 AM ET,"7636 LEXINGTON CLUB BLVD B DELRAY BEACH, FL- 33446","$71,970.48",,"$71,970.48",00424621160610020
2026-05-14T02:51:42,CLOSED,502025CA008867XXXAMB,05/13/2026 10:00 AM ET,"230 FANSHAW F BOCA RATON, FL- 33434","$16,534.68",,"$16,534.68",00424708050062300
2026-05-14T02:51:42,CLOSED,502025CA010022XXXAMB,05/13/2026 10:00 AM ET,"1025 GREEN PINE BLVD B WEST PALM BEACH, FL- 33409","$256,056.12",,Hidden,74424313080250020
2026-05-14T02:51:42,CLOSED,502025CA011372XXXAMB,05/13/2026 10:00 AM ET,"5139 FLORIA WAY P BOYNTON BEACH, FL- 33437","$9,877.66",,"$9,788.66",00424523200005516
2026-05-14T02:51:42,CLOSED,502025CA005033XXXAMB,06/01/2026 10:00 AM ET,"11804 WIMBLEDON CIRCLE WELLINGTON, FL- 33414","$15,132.45",,"$15,132.45",Property
2026-05-14T02:51:42,CLOSED,502025CA009728XXXAMB,06/22/2026 10:00 AM ET,"12244 CASTLE PINES ROAD BOYTON BEACH, FL- 33437","$505,041.64",,"$505,041.64",Property
2026-05-15T02:51:36,NEW,502025CA011162XXXAMB,05/18/2026 10:00 AM ET,"8237 SEVERN DR C BOCA RATON, FL- 33433","$11,278.32",,"$11,278.32",00424729110001423
2026-05-15T02:51:36,NEW,502025CA012283XXXAMB,06/17/2026 10:00 AM ET,"185 ANDOVER H WEST PALM BEACH, FL- 33417","$15,451.02",,"$15,451.02",00424323210081850
2026-05-15T02:51:36,NEW,502025CA004718XXXAMB,06/22/2026 10:00 AM ET,"9769 BOZZANO DR DELRAY BEACH, FL- 33446","$2,007,388.30",,"$2,007,388.30",00424630110005840
2026-05-15T02:51:36,NEW,502026CA000528XXXAMB,06/29/2026 10:00 AM ET,"3300 S CONGRESS AVE UNIT 16 BOYNTON BEACH, FL- 33426","$1,265,641.48",,"$1,265,641.48",08434605180000160
2026-05-15T02:51:36,NEW,502024CC012528XXXAMB,07/06/2026 10:00 AM ET,"5315 10TH FAIRWAY DR 2 DELRAY BEACH, FL- 33484","$65,335.04",,"$65,335.04",00424626140020020
2026-05-15T02:51:36,NEW,502025CA007842XXXAMB,07/06/2026 10:00 AM ET,"2441 VILLAGE BLVD 102 WEST PALM BEACH, FL- 33409","$246,114.07",,"$246,114.07",74434307070181020
2026-05-15T02:51:36,NEW,502025CA008709XXXAMB,07/06/2026 10:00 AM ET,"2625 WEST WAY RIVIERA BEACH, FL- 33404","$523,265.56",,"$523,265.56",56434227040005140
2026-05-15T02:51:36,NEW,502025CA009456XXXAMB,07/06/2026 10:00 AM ET,"112 SWAN PKWY E ROYAL PALM BEACH, FL- 33411","$130,018.37",,"$130,018.37",72414326070150400
2026-05-15T02:51:36,NEW,502025CA011590XXXAMB,07/06/2026 10:00 AM ET,"1501 CRESCENT CIR C19 LAKE PARK, FL- 33403","$14,680.43",,"$14,680.43",36434221300090030
2026-05-15T02:51:36,NEW,502025CA012415XXXAMB,07/06/2026 10:00 AM ET,"1006 SEMINOLE PALMS DR GREENACRES, FL- 33463","$210,662.54",,"$210,662.54",18424427300000270
2026-05-15T02:51:36,NEW,502025CA013082XXXAMB,07/06/2026 10:00 AM ET,"9052 GULF RUN WAY C9 LAKE WORTH, FL- 33467","$21,051.38",,"$21,051.38",00424430140030090
2026-05-15T02:51:36,NEW,502025CA011335XXXAMB,07/13/2026 10:00 AM ET,"250 NW 39TH ST BOCA RATON, FL- 33431","$259,117.26",,"$259,117.26",06434708020000040
2026-05-15T02:51:36,NEW,502025CA002930XXXAMB,07/15/2026 10:00 AM ET,"638 SHORE DR BOYNTON BEACH, FL- 33435","$525,922.67",,"$525,922.67",08434522060000610
2026-05-15T02:51:36,NEW,502025CA005911XXXAMB,07/16/2026 10:00 AM ET,"1773 OCALA RD NORTH PALM BEACH, FL- 33408","$521,917.33",,"$521,917.33",00434132070001100
2026-05-15T02:51:36,NEW,502025CA001696XXXAMB,07/28/2026 10:00 AM ET,"3127 FERNWOOD DR BOYNTON BEACH, FL- 33435","$1,269,403.02",,"$1,269,403.02",08434605010090150
2026-05-15T02:51:36,NEW,502025CA010357XXXAMB,08/04/2026 10:00 AM ET,"6162 BAY ISLES DR BOYNTON BEACH, FL- 33437","$222,265.13",,"$13,917.41",Property
2026-05-15T02:51:36,NEW,502025CA003741XXXAMB,08/06/2026 10:00 AM ET,"1261 W 3RD ST RIVIERA BEACH, FL- 33404","$2,221,772.34",,"$54,454.12",Property
2026-05-15T02:51:36,CLOSED,502019CA015364XXXXMB,05/14/2026 10:00 AM ET,"1474 13TH ST WEST PALM BEACH, FL- 33401","$229,843.08",,Hidden,74434309070360320
2026-05-15T02:51:36,CLOSED,502025CA005319XXXAMB,05/14/2026 10:00 AM ET,"7830 STIRLING BRIDGE BLVD S DELRAY BEACH, FL- 33446","$17,403.61",,"$17,403.61",Property
2026-05-15T02:51:36,CLOSED,502025CA009185XXXAMB,06/22/2026 10:00 AM ET,"1009 SW 3RD AVE BOYNTON BEACH, FL- 33426","$233,168.03",,"$233,168.03",08434529040110130
2026-05-15T02:51:36,CLOSED,502025CA010301XXXAMB,06/29/2026 10:00 AM ET,"7706 LARKSPUR LN WEST PALM BEACH, FL- 33412","$180,639.46",,"$180,639.46",74414225070000700
2026-05-15T02:51:36,CLOSED,502025CA005726XXXAMB,08/06/2026 10:00 AM ET,"1261 W 3RD ST RIVIERA BEACH, FL- 33404","$54,454.12",,"$54,454.12",56434232090007160
2026-05-18T02:51:35,NEW,502025CA007722XXXAMB,05/18/2026 10:00 AM ET,"219 N L ST 100 LAKE WORTH BEACH, FL- 33460","$286,535.77",,Hidden,38434422380000010
2026-05-18T02:51:35,NEW,502025CA011666XXXAMB,05/18/2026 10:00 AM ET,"10073 44TH AVE S BOYNTON BEACH, FL- 33436","$18,217.45",,"$18,217.45",00424525050003410
2026-05-18T02:51:35,NEW,502025CC014365XXXASB,05/18/2026 10:00 AM ET,"581 BRITTANY M DELRAY BEACH, FL- 33446","$28,651.82",,"$29,861.32",00424622070135810
2026-05-18T02:51:35,NEW,502025CA003522XXXAMB,06/11/2026 10:00 AM ET,"7286 HUNTINGTON LN 204 DELRAY BEACH, FL- 33446","$392,391.44","$146,185.00","$40,439.66",Property
2026-05-18T02:51:35,NEW,502023CA012360XXXXMB,06/22/2026 10:00 AM ET,"1251 SUMMIT RUN CIR WEST PALM BEACH, FL- 33415","$143,063.72",,"$143,063.72",00424411210000422
2026-05-18T02:51:35,NEW,502025CA005960XXXAMB,06/29/2026 10:00 AM ET,"7178 MONTEREAL PATH LAKE WORTH, FL- 33463","$775,587.42",,"$775,587.42",00424512350000330
2026-05-18T02:51:35,NEW,502023CA016824XXXAMB,08/04/2026 10:00 AM ET,"14813 DRAFT HORSE LN WELLINGTON, FL- 33414","$3,025,000.00",,"$3,025,000.00",73414408010350010
2026-05-18T02:51:35,NEW,502025CA012169XXXAMB,08/04/2026 10:00 AM ET,"318 SW 9TH ST DELRAY BEACH, FL- 33444","$122,195.44",,"$122,195.44",12434620090020020
2026-05-18T02:51:35,NEW,502025CC014766XXXAMB,08/04/2026 10:00 AM ET,"6162 BAY ISLES DR BOYNTON BEACH, FL- 33437","$13,917.41",,"$13,917.41",00424603020001090
2026-05-18T02:51:35,NEW,502026CA000664XXXAMB,08/04/2026 10:00 AM ET,"3001 LINTON BLVD # C-105 DELRAY BEACH, FL- 33445","$13,381.25",,"$13,381.25",Property
2026-05-18T02:51:35,NEW,502025CA005726XXXAMB,08/06/2026 10:00 AM ET,"1261 W 3RD ST RIVIERA BEACH, FL- 33404","$54,454.12",,"$54,454.12",56434232090007160
2026-05-18T02:51:35,NEW,502025CA010694XXXAMB,08/06/2026 10:00 AM ET,"17269 71ST LN N LOXAHATCHEE, FL- 33470","$641,913.48",,"$641,913.48",00404226000005610
2026-05-18T02:51:35,NEW,502025CA009901XXXAMB,09/03/2026 10:00 AM ET,"1014 VIA JARDIN RIVIERA BEACH, FL- 33418","$214,550.01",,"$214,550.01",56424225230001290
2026-05-18T02:51:35,NEW,502025CA010805XXXAMB,09/03/2026 10:00 AM ET,"128 SEVILLA AVE ROYAL PALM BEACH, FL- 33411","$505,315.06",,"$505,315.06",72414314030100230
2026-05-18T02:51:35,NEW,502025CA012845XXXAMB,09/03/2026 10:00 AM ET,"17695 HAYNIE LN JUPITER, FL- 33478","$350,351.27",,"$350,351.27",00414102000003490
2026-05-18T02:51:35,NEW,502024CA009238XXXAMB,09/16/2026 10:00 AM ET,"291 GUAVA AVE WEST PALM BEACH, FL- 33413","$366,425.45",,"$366,425.45",00424335100130120
2026-05-18T02:51:35,CLOSED,502024CA003565XXXAMB,05/18/2026 10:00 AM ET,"7187 VILLAMAR WAY LAKE WORTH, FL- 33463","$562,182.78",,"$562,182.78",00424512360001910
2026-05-18T02:51:35,CLOSED,502025CA001116XXXAMB,05/18/2026 10:00 AM ET,"8484 GRAND PRIX LN BOYNTON BEACH, FL- 33472","$1,447,834.17",,"$1,487,004.60",00424517100001760
2026-05-18T02:51:35,CLOSED,502025CA004167XXXAMB,05/18/2026 10:00 AM ET,"219 N L ST 100 LAKE WORTH BEACH, FL- 33460","$42,567,324.83",,"$286,535.77",MULTIPLE
2026-05-18T02:51:35,CLOSED,502022CA005724XXXXMB,05/20/2026 10:00 AM ET,"6069 HELICONIA RD DELRAY BEACH, FL- 33484","$190,065.65",,"$190,065.65",00424622240042080
2026-05-18T02:51:35,CLOSED,502025CA007351XXXAMB,06/22/2026 10:00 AM ET,"4648 SILVER SAW LN LAKE WORTH, FL- 33463","$27,767.36",,"$282,955.05",TIMESHARE
2026-05-19T02:51:25,NEW,502025CC013033XXXASB,06/16/2026 10:00 AM ET,"7702 MAJESTIC PALM DR BOYNTON BEACH, FL- 33437","$43,361.26",,"$43,361.26",00424521032570020
2026-05-19T02:51:25,NEW,502023CC013265XXXASB,06/22/2026 10:00 AM ET,"208 E TIFFANY DR 4 MANGONIA PARK, FL- 33407","$89,360.80",,"$90,304.22",44434305200590040
2026-05-19T02:51:25,NEW,502024CA011824XXXAMB,06/29/2026 10:00 AM ET,"11407 BLUE VIOLET LN WEST PALM BEACH, FL- 33411","$114,760.55",,"$114,760.55",72414335070030430
2026-05-19T02:51:25,NEW,502023CA002098XXXXMB,07/16/2026 10:00 AM ET,"114 SEACREST CT BOYNTON BEACH, FL- 33435","$271,107.56",,"$271,107.56",08434521030120090
2026-05-19T02:51:25,NEW,502024CC010024XXXAMB,08/10/2026 10:00 AM ET,"902 S SEACREST BLVD BOYNTON BEACH, FL- 33435","$32,205.00",,"$687,541.07",Property
2026-05-19T02:51:25,CLOSED,502023CA000502XXXXMB,05/18/2026 10:00 AM ET,"14772 ORANGE BLVD LOXAHATCHEE, FL- 33470","$689,258.82",,Hidden,00414232000003080
2026-05-19T02:51:25,CLOSED,502024CA012258XXXAMB,05/18/2026 10:00 AM ET,"1822 N N ST LAKE WORTH, FL- 33460","$500,225.77",,"$385,000.00",38434415160060040
2026-05-19T02:51:25,CLOSED,502025CA007722XXXAMB,05/18/2026 10:00 AM ET,"219 N L ST 100 LAKE WORTH BEACH, FL- 33460","$286,535.77",,Hidden,38434422380000010
2026-05-19T02:51:25,CLOSED,502025CA008732XXXAMB,05/18/2026 10:00 AM ET,"6215 EATON ST WEST PALM BEACH, FL- 33411","$405,233.49",,Hidden,74424315050003230
2026-05-19T02:51:25,CLOSED,502025CA009085XXXAMB,05/18/2026 10:00 AM ET,"5305 CLEVELAND RD DELRAY BEACH, FL- 33484","$467,869.31",,Hidden,00424623030007791
2026-05-19T02:51:25,CLOSED,502025CA010372XXXAMB,05/18/2026 10:00 AM ET,"519 N J ST 1 & 2 LAKE WORTH, FL- 33460","$169,122.07",,Hidden,Property
2026-05-19T02:51:25,CLOSED,502025CA011162XXXAMB,05/18/2026 10:00 AM ET,"8237 SEVERN DR C BOCA RATON, FL- 33433","$11,278.32",,"$11,278.32",00424729110001423
2026-05-19T02:51:25,CLOSED,502025CA011666XXXAMB,05/18/2026 10:00 AM ET,"10073 44TH AVE S BOYNTON BEACH, FL- 33436","$18,217.45",,"$18,217.45",00424525050003410
2026-05-19T02:51:25,CLOSED,502025CC014365XXXASB,05/18/2026 10:00 AM ET,"581 BRITTANY M DELRAY BEACH, FL- 33446","$28,651.82",,"$29,861.32",00424622070135810
2026-05-19T02:51:25,CLOSED,502025CA000880XXXAMB,06/15/2026 10:00 AM ET,"17433 90TH ST N LOXAHATCHEE, FL- 33470","$190,464.56",,"$190,464.56",00404214000005950
2026-05-19T02:51:25,CLOSED,502025CA003333XXXAMB,08/10/2026 10:00 AM ET,"902 S SEACREST BLVD BOYNTON BEACH, FL- 33435","$687,541.07",,"$687,541.07",08434528120200110
2026-05-20T02:51:34,NEW,502023CA000502XXXXMB,07/14/2026 10:00 AM ET,"14772 ORANGE BLVD LOXAHATCHEE, FL- 33470","$689,258.82",,"$689,258.82",00414232000003080
2026-05-20T02:51:34,NEW,502025CA000103XXXAMB,08/12/2026 10:00 AM ET,"5196 PALM RIDGE BLVD DELRAY BEACH, FL- 33484","$353,649.37",,"$353,649.37",00424611020001240
2026-05-20T02:51:34,CLOSED,502022CA000642XXXXMB,05/19/2026 10:00 AM ET,"18238 COVINA WAY BOCA RATON, FL- 33498","$457,712.36",,Hidden,00414701190000670
2026-05-20T02:51:34,CLOSED,502023CA011181XXXXMB,05/20/2026 10:00 AM ET,"10766 VERSAILLES BLVD WELLINGTON, FL- 33449","$1,009,744.72",,"$1,009,744.72",73414424050002840
2026-05-20T02:51:34,CLOSED,502024CA003779XXXAMB,05/20/2026 10:00 AM ET,"18428 VIA DI VERONA BOCA RATON, FL- 33496","$107,331.72",,"$310,605.24",Property
2026-05-20T02:51:34,CLOSED,502017CA010903XXXXMB,05/21/2026 10:00 AM ET,"3641 CHESAPEAKE CT WELLINGTON, FL- 33414","$35,934.30","$472,560.00","$35,934.30",73414423080000470
2026-05-21T02:51:26,NEW,502025CA011684XXXAMB,05/26/2026 10:00 AM ET,"468 NORMANDY J DELRAY BEACH, FL- 33484","$104,595.90",,"$89,000.00",00424622130104680
2026-05-21T02:51:26,NEW,502026CA000495XXXAMB,06/15/2026 10:00 AM ET,"4171 N HAVERHILL RD UNIT 1001 WEST PALM BEACH, FL- 33417","$15,779.69","$215,000.00","$15,779.69",74424311060101001
2026-05-21T02:51:26,NEW,502025CA003241XXXAMB,06/29/2026 10:00 AM ET,"1350 CRYSTAL WAY 102 DELRAY BEACH, FL- 33444","$23,614.32",,"$23,614.32",12434629520070720
2026-05-21T02:51:26,CLOSED,502023CA009400XXXXMB,05/20/2026 10:00 AM ET,"777 CARISSA DR ROYAL PALM BEACH, FL- 33411","$423,945.60",,Hidden,72414335020070010
2026-05-21T02:51:26,CLOSED,502025CA003452XXXAMB,05/26/2026 10:00 AM ET,"1717 FOREST LAKES CIR C WEST PALM BEACH, FL- 33406","$133,600.46",,"$133,600.46",00424412220002910
2026-05-22T02:51:25,NEW,502023CA014855XXXAMB,07/20/2026 10:00 AM ET,"4804 WATERVIEW CIR PALM SPRINGS, FL- 33461","$249,110.43","$255,294.00","$249,110.43",70434419240000484
2026-05-22T02:51:25,NEW,502024CA001029XXXAMB,07/20/2026 10:00 AM ET,"1408 LAKE BASS DRIVE LAKE WORTH, FL- 33461","$295,863.53",,"$295,863.53",Property
2026-05-22T02:51:25,CLOSED,502024CA009457XXXAMB,05/21/2026 10:00 AM ET,"560 BETHANY LN HAVERHILL, FL- 33415","$905,648.08",,"$775,000.00",22424335050250030
2026-05-22T02:51:25,CLOSED,502025CC017271XXXASB,05/21/2026 10:00 AM ET,"7061 DUBONNET DR BOCA RATON, FL- 33433","$50,236.25",,"$50,236.25",00424721280000500
2026-05-25T02:51:57,NEW,502025CC011501XXXAMB,05/26/2026 10:00 AM ET,"689 NE 6TH CT 4060 BOYNTON BEACH, FL- 33435","$39,092.74",,"$42,667.00",08434522170024060
2026-05-25T02:51:57,NEW,502025CC011192XXXAMB,06/23/2026 10:00 AM ET,"3003 S CONGRESS AVE 2A PALM SPRINGS, FL- 33461","$60,643.29","$244,819.00","$60,643.29",70434418230000021
2026-05-25T02:51:57,NEW,502023CA011181XXXXMB,06/24/2026 10:00 AM ET,"10766 VERSAILLES BLVD WELLINGTON, FL- 33449","$1,009,744.72",,"$1,009,744.72",73414424050002840
2026-05-25T02:51:57,NEW,502024CA011428XXXAMB,06/24/2026 10:00 AM ET,"2570 BARKLEY DR E E WEST PALM BEACH, FL- 33415","$79,266.80",,"$79,266.80",00424414130070050
2026-05-25T02:51:57,NEW,502025CA000927XXXAMB,07/08/2026 10:00 AM ET,"127 W BLUE HERON BLVD RIVIERA BEACH, FL- 33404","$1,388,895.72",,"$1,388,895.72",56434228140090150
2026-05-25T02:51:57,NEW,502025CA011004XXXAMB,08/17/2026 10:00 AM ET,"703 LOCHWICK TER PALM BEACH GARDENS, FL- LF 33418","$84,313.32",,"$13,666.37",Property
2026-05-25T02:51:57,CLOSED,502024CA001636XXXAMB,05/26/2026 10:00 AM ET,"90 SOUTH BLVD 1D BOYNTON BEACH, FL- 33435","$56,506.92",,"$56,506.92",08434533150900040
2026-05-25T02:51:57,CLOSED,502025CA009871XXXAMB,05/26/2026 10:00 AM ET,"608 SE 2ND AVE DELRAY BEACH, FL- 33483","$751,576.32",,Hidden,12434621010070390
2026-05-25T02:51:57,CLOSED,502025CA010116XXXAMB,05/26/2026 10:00 AM ET,"3589 S OCEAN BLVD 303 PALM BEACH, FL- 33480","$103,399.93",,"$103,399.93",62434435100023030
2026-05-25T02:51:57,CLOSED,502025CA008709XXXAMB,07/06/2026 10:00 AM ET,"2625 WEST WAY RIVIERA BEACH, FL- 33404","$523,265.56",,"$523,265.56",56434227040005140
2026-05-25T02:51:57,CLOSED,502025CA011510XXXAMB,08/17/2026 10:00 AM ET,"703 LOCHWICK TER PALM BEACH GARDENS, FL- LF 33418","$13,666.37",,"$13,666.37",52424210100030110
2026-05-26T02:52:36,NEW,502016CA001480XXXXMB,06/22/2026 10:00 AM ET,"401 W 5TH TER PAHOKEE, FL- 33476","$349,274.16",,"$151,103.95",Property
2026-05-26T02:52:36,NEW,502025CA000239XXXAMB,06/22/2026 10:00 AM ET,"7481 CAMPO FLORIDO BOCA RATON, FL- 33433","$21,434.73",,"$449,113.68",Property
2026-05-26T02:52:36,NEW,502024CA001636XXXAMB,07/06/2026 10:00 AM ET,"1127 E SEMINOLE AVE 22B JUPITER, FL- 33477","$56,506.92",,"$507,156.93",Property
2026-05-26T02:52:36,NEW,502025CA009871XXXAMB,07/22/2026 10:00 AM ET,"6198 RIVERWALK LN 1 JUPITER, FL- 33458","$751,576.32",,"$69,388.67",Property
2026-05-26T02:52:36,NEW,502025CA005176XXXAMB,11/04/2026 10:00 AM ET,"726 NE 20TH LN BOYNTON BEACH, FL- 33435","$652,864.18",,"$652,864.18",08434515110050010
2026-05-26T02:52:36,CLOSED,502019CA014210XXXXMB,06/22/2026 10:00 AM ET,"401 W 5TH TER PAHOKEE, FL- 33476","$151,103.95",,"$151,103.95",48374218240000090
2026-05-26T02:52:36,CLOSED,502025CA001202XXXAMB,06/22/2026 10:00 AM ET,"7481 CAMPO FLORIDO BOCA RATON, FL- 33433","$449,113.68",,"$449,113.68",00424721210000040
2026-05-26T02:52:36,CLOSED,502025CA005147XXXAMB,06/22/2026 10:00 AM ET,"548 NW 54TH ST BOCA RATON, FL- 33487","$595,830.62",,"$595,830.62",06434706010070180
2026-05-26T02:52:36,CLOSED,502025CA006059XXXAMB,06/22/2026 10:00 AM ET,"14717 WILDFLOWER LN DELRAY BEACH, FL- 33446","$124,833.29",,"$124,833.29",00424615100260020
2026-05-26T02:52:36,CLOSED,502024CA005511XXXAMB,07/06/2026 10:00 AM ET,"1127 E SEMINOLE AVE 22B JUPITER, FL- 33477","$507,156.93",,"$507,156.93",30434105070000222
2026-05-26T02:52:36,CLOSED,502025CA010811XXXAMB,07/22/2026 10:00 AM ET,"6198 RIVERWALK LN 1 JUPITER, FL- 33458","$69,388.67",,"$69,388.67",30424103200430010
2026-05-26T02:52:36,CLOSED,502025CA011004XXXAMB,08/17/2026 10:00 AM ET,"703 LOCHWICK TER PALM BEACH GARDENS, FL- LF 33418","$84,313.32",,"$13,666.37",Property
2026-05-27T02:52:29,NEW,502025CC017204XXXAMB,06/08/2026 10:00 AM ET,"866 NW 25TH AVE DELRAY BEACH, FL- 33445","$19,038.18",,"$19,038.18",12434607030040090
2026-05-27T02:52:29,NEW,502025CA011381XXXAMB,06/15/2026 10:00 AM ET,"1135 22ND STREET WEST PALM BEACH, FL- 33407","$233,146.10",,"$233,146.10",Property
2026-05-27T02:52:29,NEW,502019CA014210XXXXMB,06/22/2026 10:00 AM ET,"401 W 5TH TER PAHOKEE, FL- 33476","$151,103.95",,"$151,103.95",48374218240000090
2026-05-27T02:52:29,NEW,502025CA001202XXXAMB,06/22/2026 10:00 AM ET,"7481 CAMPO FLORIDO BOCA RATON, FL- 33433","$449,113.68",,"$449,113.68",00424721210000040
2026-05-27T02:52:29,NEW,502025CC009330XXXAMB,07/01/2026 10:00 AM ET,"527 NORMANDY K DELRAY BEACH, FL- 33484","$30,125.25",,"$30,125.25",00424622130115270
2026-05-27T02:52:29,NEW,502024CA005511XXXAMB,07/06/2026 10:00 AM ET,"1127 E SEMINOLE AVE 22B JUPITER, FL- 33477","$507,156.93",,"$507,156.93",30434105070000222
2026-05-27T02:52:29,NEW,502025CA009605XXXAMB,07/15/2026 10:00 AM ET,"14596 BELMONT TRCE WELLINGTON, FL- 33414","$5,329,240.26",,"$5,329,240.26",73414417010720010
2026-05-27T02:52:29,NEW,502025CA005012XXXAMB,07/20/2026 10:00 AM ET,"6486 BRAVA WAY BOCA RATON, FL- 33433","$99,000.46",,"$325,897.97",Property
2026-05-27T02:52:29,NEW,502025CA013104XXXAMB,07/20/2026 10:00 AM ET,"16198 SEA TURTLE PL WESTLAKE, FL- 33470","$684,862.74",,"$684,862.74",77404312140001660
2026-05-27T02:52:29,CLOSED,502025CA002671XXXAMB,05/26/2026 10:00 AM ET,"8017 ABERDEEN DR 201 BOYNTON BEACH, FL- 33472","$25,326.92",,"$25,326.92",00424515090082010
2026-05-27T02:52:29,CLOSED,502025CA004217XXXAMB,05/26/2026 10:00 AM ET,"5454 FIRENZE DR H BOYNTON BEACH, FL- 33437","$344,300.18",,"$200,000.00",00424523090052608
2026-05-27T02:52:29,CLOSED,502025CA007268XXXAMB,05/26/2026 10:00 AM ET,"8 MEADOWS PARK LN BOYNTON BEACH, FL- 33436","$205,253.30",,"$205,253.30",08434507100000080
2026-05-27T02:52:29,CLOSED,502025CA007886XXXAMB,05/26/2026 10:00 AM ET,"18 AMHERST CT D ROYAL PALM BEACH, FL- 33411","$396,576.87",,"$176,900.00",72414323080000184
2026-05-27T02:52:29,CLOSED,502025CA008182XXXAMB,05/26/2026 10:00 AM ET,"3146 VIA POINCIANA 303 LAKE WORTH, FL- 33467","$34,485.02",,"$34,485.02",00424422480063030
2026-05-27T02:52:29,CLOSED,502025CA008814XXXAMB,05/26/2026 10:00 AM ET,"10655 SHORE DR BOCA RATON, FL- 33428","$55,072.55",,Hidden,00414725020003120
2026-05-27T02:52:29,CLOSED,502025CA011684XXXAMB,05/26/2026 10:00 AM ET,"468 NORMANDY J DELRAY BEACH, FL- 33484","$104,595.90",,"$89,000.00",00424622130104680
2026-05-27T02:52:29,CLOSED,502025CC011501XXXAMB,05/26/2026 10:00 AM ET,"689 NE 6TH CT 4060 BOYNTON BEACH, FL- 33435","$39,092.74",,"$42,667.00",08434522170024060
2026-05-27T02:52:29,CLOSED,502024CA010265XXXAMB,06/03/2026 10:00 AM ET,"4118 41ST WAY WEST PALM BEACH, FL- 33407","$20,323.36",,"$20,323.36",74424301090001731
2026-05-27T02:52:29,CLOSED,502024CA011428XXXAMB,06/24/2026 10:00 AM ET,"2570 BARKLEY DR E E WEST PALM BEACH, FL- 33415","$79,266.80",,"$79,266.80",00424414130070050
2026-05-27T02:52:29,CLOSED,502023CA010036XXXXMB,07/02/2026 10:00 AM ET,"7065 CATALINA ISLE DR LAKE WORTH, FL- 33467","$398,278.49","$561,306.00","$398,278.49",00424509100000120
2026-05-28T02:52:22,NEW,502025CA007102XXXAMB,07/20/2026 10:00 AM ET,"857 WANDERING WILLOW WAY LOXAHATCHEE, FL- 33470","$795,299.59",,"$795,299.59",00404328020002780
2026-05-28T02:52:22,NEW,502025CA011154XXXAMB,07/20/2026 10:00 AM ET,"6486 BRAVA WAY BOCA RATON, FL- 33433","$325,897.97",,"$325,897.97",00424734220000120
2026-05-28T02:52:22,NEW,502025CA010811XXXAMB,07/22/2026 10:00 AM ET,"6198 RIVERWALK LN 1 JUPITER, FL- 33458","$69,388.67",,"$69,388.67",30424103200430010
2026-05-28T02:52:22,NEW,502025CC020000XXXAMB,07/24/2026 10:00 AM ET,"1015 GREEN PINE BLVD F1 WEST PALM BEACH, FL- 33409","$20,340.65",,"$20,340.65",74424313080150061
2026-05-28T02:52:22,NEW,502025CA010656XXXAMB,08/03/2026 10:00 AM ET,"5373 GENE CIR WEST PALM BEACH, FL- 33415","$229,110.38",,"$229,110.38",00424411210000911
2026-05-28T02:52:22,NEW,502025CA001761XXXAMB,08/17/2026 10:00 AM ET,"6113 GREENSPOINTE DR BOYNTON BEACH, FL- 33437","$90,779.37",,"$90,779.37",00424534180000100
2026-05-28T02:52:22,NEW,502025CA011004XXXAMB,08/17/2026 10:00 AM ET,"56 SW 15TH COURT BOCA RATON, FL- 33486","$84,313.32",,"$84,313.32",Property
2026-05-28T02:52:22,NEW,502025CA011510XXXAMB,08/17/2026 10:00 AM ET,"703 LOCHWICK TER PALM BEACH GARDENS, FL- LF 33418","$13,666.37",,"$13,666.37",52424210100030110
2026-05-28T02:52:22,NEW,502025CC016197XXXAMB,08/17/2026 10:00 AM ET,"343 CAPRI H DELRAY BEACH, FL- 33484","$15,320.86",,"$15,320.86",00424623060083430
2026-05-28T02:52:22,NEW,502025CA000608XXXAMB,08/18/2026 10:00 AM ET,"11894 DUNBAR CT PALM BEACH GARDENS, FL- 33412","$1,183,632.85",,"$1,183,632.85",52414214070000160
2026-05-28T02:52:22,CLOSED,502024CA007012XXXAMB,05/27/2026 10:00 AM ET,"1809 S CLUB DR WELLINGTON, FL- 33414","$536,854.23",,Hidden,73414407040000080
2026-05-28T02:52:22,CLOSED,502024CA012038XXXAMB,05/27/2026 10:00 AM ET,"16318 SEA TURTLE PL WESTLAKE, FL- 33470","$1,965.85",,"$8,622.05",77404312140001460
2026-05-28T02:52:22,CLOSED,502025CA006085XXXAMB,05/27/2026 10:00 AM ET,"62 WILLOW CIR BOYNTON BEACH, FL- 33436","$462,785.19",,"$419,900.00",08434530200000620
2026-05-28T02:52:22,CLOSED,502025CA007735XXXAMB,05/27/2026 10:00 AM ET,"4725 LUCERNE LAKES BLVD EAST # LAKE WORTH, FL- 33467","$15,799.90",,"$15,799.90",Property
2026-05-28T02:52:22,CLOSED,502022CA006726XXXXMB,05/28/2026 10:00 AM ET,"6105 SEVEN SPRINGS BLVD GREENACRES, FL- 33463","$89,593.50",,"$89,593.50",18424422450000362
2026-05-28T02:52:22,CLOSED,502025CA000563XXXAMB,05/28/2026 10:00 AM ET,"550 OKEECHOBEE BLVD UNIT 1103 WEST PALM BEACH, FL- 33401","$390,028.16",,"$390,028.16",74434328340001103
2026-05-29T02:45:08,CLOSED,502024CA001652XXXAMB,05/28/2026 10:00 AM ET,"5260 DEERHURST CRESCENT CIR BOCA RATON, FL- 33486","$530,644.97",,"$545,369.28",06424735090020150
2026-05-29T02:45:08,CLOSED,502025CA003035XXXAMB,05/28/2026 10:00 AM ET,"8293 BERMUDA SOUND WAY BOYNTON BEACH, FL- 33436","$261,860.53",,Hidden,08424513150002930
2026-05-29T02:45:08,CLOSED,502025CA011533XXXAMB,05/28/2026 10:00 AM ET,"4200 PALM BAY CIR D WEST PALM BEACH, FL- 33406","$9,731.90",,"$10,637.40",00424401250000544
2026-05-29T02:45:08,CLOSED,502025CC010441XXXASB,05/29/2026 10:00 AM ET,"15979 MATARO BAY CT DELRAY BEACH, FL- 33446","$31,004.55",,"$31,004.55",00424619070000080
2026-05-29T02:45:08,CLOSED,502022CA005253XXXXMB,06/01/2026 10:00 AM ET,"1571 NW 20TH AVE 104 DELRAY BEACH, FL- 33445","$400,182.49",,"$400,182.49",12434607050641040
2026-05-29T02:45:08,CLOSED,502023CA008578XXXXMB,06/01/2026 10:00 AM ET,"300 OCEAN TRAIL WAY 103 JUPITER, FL- 33477","$445,376.63",,"$445,376.63",30434105120030103
2026-05-29T02:45:08,CLOSED,502023CA010360XXXXMB,06/01/2026 10:00 AM ET,"6896 140TH AVE N WEST PALM BEACH, FL- 33412","$215,269.77",,"$215,269.77",00414233000003200
2026-05-29T02:45:08,CLOSED,502025CA000159XXXAMB,06/01/2026 10:00 AM ET,"3814 GREENWOOD AVE WEST PALM BEACH, FL- 33407","$28,575.54",,"$28,575.54",74434309050560190
2026-05-29T02:45:08,CLOSED,502025CA001846XXXAMB,06/01/2026 10:00 AM ET,"11656 154TH RD N JUPITER, FL- 33478","$247,583.84",,"$247,583.84",00414114000007300
2026-05-29T02:45:08,CLOSED,502025CA002344XXXAMB,06/01/2026 10:00 AM ET,"7705 MANSFIELD HOLW DELRAY BEACH, FL- 33446","$521,505.00",,"$565,610.00",00424609030001740
2026-05-29T02:45:08,CLOSED,502025CA003364XXXAMB,06/01/2026 10:00 AM ET,"8311 WATERWAY DR LAKE CLARKE SHORES, FL- 33406",$0.00,,$0.00,34434417180000120
2026-05-29T02:45:08,CLOSED,502025CA003440XXXAMB,06/01/2026 10:00 AM ET,"3580 AIKEN CT WELLINGTON, FL- 33414","$2,100,000.00",,Hidden,73414421030000230
2026-05-29T02:45:08,CLOSED,502025CA004914XXXAMB,06/02/2026 10:00 AM ET,"194 MASTIC TREE CT ROYAL PALM BEACH, FL- 33411","$21,901.14",,Hidden,72414326210001940
2026-05-29T02:45:08,CLOSED,502024CA005195XXXAMB,06/03/2026 10:00 AM ET,"2696 FLAMANGO LAKE DR WEST PALM BEACH, FL- 33406","$221,297.48",,Hidden,00434405190000170
2026-05-29T02:45:08,CLOSED,502025CA007649XXXAMB,06/03/2026 10:00 AM ET,"4005 ROCKS POINT PL RIVIERA BEACH, FL- 33407","$17,692.22",,"$17,824.47",56424236360001130
2026-05-29T02:45:08,CLOSED,502023CA013385XXXAMB,06/08/2026 10:00 AM ET,"301 SW 9TH AVE BOYNTON BEACH, FL- 33435","$511,697.44",,"$511,697.44",08434528220080450
2026-05-29T02:45:08,CLOSED,502025CA000429XXXAMB,06/08/2026 10:00 AM ET,"5235 EUROPA DR M BOYNTON BEACH, FL- 33437","$18,241.94",,"$18,241.94",00424523140001613
2026-05-29T02:45:08,CLOSED,502025CA000657XXXAMB,06/08/2026 10:00 AM ET,"711 12TH AVENUE NORTH LAKE WORTH BEACH, FL- 33460","$484,389.97",,"$470,038.59",Property
2026-05-29T02:45:08,CLOSED,502025CA001565XXXAMB,06/08/2026 10:00 AM ET,"178 JONES CREEK DR JUPITER, FL- 33458","$434,334.26",,"$434,334.26",30424111230000330
2026-05-29T02:45:08,CLOSED,502025CA003819XXXAMB,06/08/2026 10:00 AM ET,"3155 NW 9TH ST DELRAY BEACH, FL- 33445","$209,600.59",,Hidden,12434607150090040
2026-05-29T02:45:08,CLOSED,502025CA007853XXXAMB,06/08/2026 10:00 AM ET,"401 4TH TERRACE PALM BEACH GARDENS, FL- 33418-3603","$380,801.40",,"$380,801.40",Property
2026-05-29T02:45:08,CLOSED,502025CA010910XXXAMB,06/08/2026 10:00 AM ET,"1274 TANGLED ORCHARD TRCE LOXAHATCHEE, FL- 33470","$579,282.20",,"$579,282.20",00404327050000930
2026-05-29T02:45:08,CLOSED,502025CA011836XXXAMB,06/08/2026 10:00 AM ET,"15484 LAKES OF DELRAY BLVD 206 DELRAY BEACH, FL- 33484","$17,057.81",,"$17,672.17",00424623280012060
2026-05-29T02:45:08,CLOSED,502025CA012355XXXAMB,06/08/2026 10:00 AM ET,"1064 SIENA OAKS CIR E PALM BEACH GARDENS, FL- 33410","$285,042.80",,"$285,042.80",52434207280000640
2026-05-29T02:45:08,CLOSED,502025CC017204XXXAMB,06/08/2026 10:00 AM ET,"866 NW 25TH AVE DELRAY BEACH, FL- 33445","$19,038.18",,"$19,038.18",12434607030040090
2026-05-29T02:45:08,CLOSED,502023CA001559XXXXMB,06/09/2026 10:00 AM ET,"9902 WARNER LN WELLINGTON, FL- 33414","$744,350.90",,"$744,350.90",73424407030004650
2026-05-29T02:45:08,CLOSED,502024CA005741XXXAMB,06/09/2026 10:00 AM ET,"285 TUSCANY E DELRAY BEACH, FL- 33446","$234,990.56",,"$234,990.56",00424622050042850
2026-05-29T02:45:08,CLOSED,502025CA001875XXXAMB,06/09/2026 10:00 AM ET,"5800 FERNLEY DR W 53 WEST PALM BEACH, FL- 33415","$144,640.16",,"$144,640.16",00424414560000530
2026-05-29T02:45:08,CLOSED,502025CA001925XXXAMB,06/09/2026 10:00 AM ET,"5600 N FLAGLER DR 2703 WEST PALM BEACH, FL- 33407","$99,049.51",,"$99,049.51",74434304250012703
2026-05-29T02:45:08,CLOSED,502025CA005825XXXAMB,06/09/2026 10:00 AM ET,"11889 OSPREY POINTE CIR WELLINGTON, FL- 33449","$669,471.79",,"$669,471.79",73414426040000360
2026-05-29T02:45:08,CLOSED,502025CA005826XXXAMB,06/09/2026 10:00 AM ET,"11889 OSPREY POINTE CIR WELLINGTON, FL- 33449","$669,471.79",,"$669,471.79",73414426040000360
2026-05-29T02:45:08,CLOSED,502025CA007657XXXAMB,06/09/2026 10:00 AM ET,"769 DAFFODIL DR WELLINGTON, FL- 33414","$278,250.56",,"$278,250.56",73414404010050150
2026-05-29T02:45:08,CLOSED,502025CA007691XXXAMB,06/09/2026 10:00 AM ET,"505 SPENCER DR 307 WEST PALM BEACH, FL- 33409","$46,097.31",,"$46,097.31",74434319140003070
2026-05-29T02:45:08,CLOSED,502025CA008769XXXAMB,06/09/2026 10:00 AM ET,"7032 CHESAPEAKE CIR BOYNTON BEACH, FL- 33436","$557,828.50",,"$557,828.50",08434507170002830
2026-05-29T02:45:08,CLOSED,502025CA010701XXXAMB,06/09/2026 10:00 AM ET,"9436 LAGO DR BOYNTON BEACH, FL- 33472","$70,592.05",,"$70,592.05",00424518050000320
2026-05-29T02:45:08,CLOSED,502024CA010909XXXAMB,06/10/2026 10:00 AM ET,"500 EGRET CIR 8308 DELRAY BEACH, FL- 33444","$25,375.27",,"$25,375.27",12434629160088308
2026-05-29T02:45:08,CLOSED,502024CA011064XXXAMB,06/10/2026 10:00 AM ET,"1585 W 36TH ST RIVIERA BEACH, FL- 33404","$60,838.34",,"$60,838.34",56434229020060010
2026-05-29T02:45:08,CLOSED,502024CA011410XXXAMB,06/10/2026 10:00 AM ET,"196 BANDOL ST RIVIERA BEACH, FL- 33404","$8,589.51",,"$8,589.51",56434228700000010
2026-05-29T02:45:08,CLOSED,502024CC000801XXXAMB,06/10/2026 10:00 AM ET,"9413 BOCA GARDENS CIR S B BOCA RATON, FL- 33496","$42,659.47",,"$42,659.47",00424706050970020
2026-05-29T02:45:08,CLOSED,502025CA000738XXXAMB,06/10/2026 10:00 AM ET,"4187 N HAVERHILL RD UNIT 506 WEST PALM BEACH, FL- 33417","$19,686.19",,"$19,686.19",74424311060055060
2026-05-29T02:45:08,CLOSED,502025CA007916XXXAMB,06/10/2026 10:00 AM ET,"7518 ACE RD S LAKE WORTH, FL- 33467","$9,433.44",,"$9,433.44",00424421090030100
2026-05-29T02:45:08,CLOSED,502025CA008750XXXAMB,06/10/2026 10:00 AM ET,"90 SOUTH BLVD 1D BOYNTON BEACH, FL- 33435","$75,404.09",,"$75,404.09",08434533150900040
2026-05-29T02:45:08,CLOSED,502025CA008801XXXAMB,06/10/2026 10:00 AM ET,"750 EGRET CIR 6511 DELRAY BEACH, FL- 33444","$3,468.40",,"$3,468.40",12434629160066511
2026-05-29T02:45:08,CLOSED,502025CA009239XXXAMB,06/10/2026 10:00 AM ET,"4723 LUCERNE LAKES BLVD UNIT 6 LAKE WORTH, FL- 33467","$27,936.52",,"$27,936.52",00424428340006360
2026-05-29T02:45:08,CLOSED,502025CA009849XXXAMB,06/10/2026 10:00 AM ET,"201 E TIFFANY DR 1 MANGONIA PARK, FL- 33407","$53,325.17",,"$53,325.17",44434305200520010
2026-05-29T02:45:08,CLOSED,502008CA003941XXXXMB,06/11/2026 10:00 AM ET,"6424 96TH PL S BOYNTON BEACH, FL- 33437-2840","$509,634.85",,"$509,634.85",00424522030000780
2026-05-29T02:45:08,CLOSED,502024CA007663XXXAMB,06/11/2026 10:00 AM ET,"7830 STIRLING BRIDGE BLVD S DELRAY BEACH, FL- 33446","$2,555,356.22",,"$701,495.98",MULTIPLE
2026-05-29T02:45:08,CLOSED,502025CA003522XXXAMB,06/11/2026 10:00 AM ET,"7286 HUNTINGTON LN 204 DELRAY BEACH, FL- 33446","$392,391.44","$146,185.00","$40,439.66",Property
2026-05-29T02:45:08,CLOSED,502025CA005317XXXAMB,06/11/2026 10:00 AM ET,"4414 HEMLOCK DR RIVIERA BEACH, FL- 33410","$340,587.12",,"$340,587.12",56424225440000270
2026-05-29T02:45:08,CLOSED,502025CA005588XXXAMB,06/11/2026 10:00 AM ET,"828 QUARTZ TER WEST PALM BEACH, FL- 33413","$450,618.53",,"$477,200.00",00424335270000180
2026-05-29T02:45:08,CLOSED,502025CA006006XXXAMB,06/11/2026 10:00 AM ET,"755 DATE PALM DR LAKE PARK, FL- 33403","$363,414.36",,"$363,414.36",36434220010550250
2026-05-29T02:45:08,CLOSED,502025CA007311XXXAMB,06/11/2026 10:00 AM ET,"327 N H ST LAKE WORTH, FL- 33460","$202,109.65",,"$202,109.65",38434421150820190
2026-05-29T02:45:08,CLOSED,502025CA003617XXXAMB,06/15/2026 10:00 AM ET,"9 ATRIUM CIR A LAKE WORTH, FL- 33462","$43,640.87",,"$43,640.87",02434431260090010
2026-05-29T02:45:08,CLOSED,502025CA003910XXXAMB,06/15/2026 10:00 AM ET,"501 SANDPIPER WAY BOCA RATON, FL- 33431","$1,764,000.00",,"$1,764,000.00",06434708220001030
2026-05-29T02:45:08,CLOSED,502025CA004380XXXAMB,06/15/2026 10:00 AM ET,"5872 RAMBLER ROSE WAY WEST PALM BEACH, FL- 33415","$6,406.17",,"$6,406.17",00424411190070140
2026-05-29T02:45:08,CLOSED,502025CA005312XXXAMB,06/15/2026 10:00 AM ET,"17194 BRULEE BREEZE WAY BOCA RATON, FL- 33496","$4,842,336.72",,"$4,842,336.72",00424631130002600
2026-05-29T02:45:08,CLOSED,502025CA008176XXXAMB,06/15/2026 10:00 AM ET,"11450 HEIDI LEE LANE # A FORT MYERS, FL- 33908","$424,391.68",,"$424,391.68",Property
2026-05-29T02:45:08,CLOSED,502025CA011381XXXAMB,06/15/2026 10:00 AM ET,"1135 22ND STREET WEST PALM BEACH, FL- 33407","$233,146.10",,"$233,146.10",Property
2026-05-29T02:45:08,CLOSED,502025CA012197XXXAMB,06/15/2026 10:00 AM ET,"3515 VILLAGE BLVD 105 WEST PALM BEACH, FL- 33409","$267,598.72",,"$267,598.72",74434307070031050
2026-05-29T02:45:08,CLOSED,502026CA000495XXXAMB,06/15/2026 10:00 AM ET,"4171 N HAVERHILL RD UNIT 1001 WEST PALM BEACH, FL- 33417","$15,779.69","$215,000.00","$15,779.69",74424311060101001
2026-05-29T02:45:08,CLOSED,502024CA011554XXXAMB,06/16/2026 10:00 AM ET,"2313 N CONGRESS AVE APT 23 BOYNTON BEACH, FL- 33426","$126,859.95",,"$126,859.95",08434518220060230
2026-05-29T02:45:08,CLOSED,502025CC013033XXXASB,06/16/2026 10:00 AM ET,"7702 MAJESTIC PALM DR BOYNTON BEACH, FL- 33437","$43,361.26",,"$43,361.26",00424521032570020
2026-05-29T02:45:08,CLOSED,502025CA000480XXXAMB,06/17/2026 10:00 AM ET,"93 SAXONY B DELRAY BEACH, FL- 33446","$35,603.95",,"$35,603.95",00424622090020930
2026-05-29T02:45:08,CLOSED,502025CA012283XXXAMB,06/17/2026 10:00 AM ET,"185 ANDOVER H # 185 WEST PALM BEACH, FL- 33417","$15,451.02",,"$15,451.02",00424323210081850
2026-05-29T02:45:08,CLOSED,502025CC011253XXXAMB,06/17/2026 10:00 AM ET,"2811 S GARDEN DR 205 LAKE WORTH, FL- 33461","$29,168.35",,"$29,168.35",00434417490002050
2026-05-29T02:45:08,CLOSED,502025CA012379XXXAMB,06/18/2026 10:00 AM ET,"240 NW 8TH AVE DELRAY BEACH, FL- 33444","$146,998.25",,"$146,998.25",12434617250020270
2026-05-29T02:45:08,CLOSED,502016CA001480XXXXMB,06/22/2026 10:00 AM ET,"11845 171ST LN N JUPITER, FL- 33478","$349,274.16",,"$349,274.16",00414102000007390
2026-05-29T02:45:08,CLOSED,502019CA014210XXXXMB,06/22/2026 10:00 AM ET,"401 W 5TH TER PAHOKEE, FL- 33476","$151,103.95",,"$151,103.95",48374218240000090
2026-05-29T02:45:08,CLOSED,502023CA012360XXXXMB,06/22/2026 10:00 AM ET,"1251 SUMMIT RUN CIR WEST PALM BEACH, FL- 33415","$143,063.72",,"$143,063.72",00424411210000422
2026-05-29T02:45:08,CLOSED,502023CA012517XXXXMB,06/22/2026 10:00 AM ET,"17146 87TH LN N LOXAHATCHEE, FL- 33470","$364,936.14",,"$364,936.14",00404223000001760
2026-05-29T02:45:08,CLOSED,502023CC013265XXXASB,06/22/2026 10:00 AM ET,"208 E TIFFANY DR 4 MANGONIA PARK, FL- 33407","$89,360.80",,"$90,304.22",44434305200590040
2026-05-29T02:45:08,CLOSED,502024CA011242XXXAMB,06/22/2026 10:00 AM ET,"17029 TETON RIVER RD BOCA RATON, FL- 33496","$1,690,708.03",,"$1,690,708.03",00424632100007590
2026-05-29T02:45:08,CLOSED,502025CA000239XXXAMB,06/22/2026 10:00 AM ET,"94 DORSET C BOCA RATON, FL- 33434","$21,434.73",,"$21,434.73",00424708080030940
2026-05-29T02:45:08,CLOSED,502025CA001202XXXAMB,06/22/2026 10:00 AM ET,"7481 CAMPO FLORIDO BOCA RATON, FL- 33433","$449,113.68",,"$449,113.68",00424721210000040
2026-05-29T02:45:08,CLOSED,502025CA001412XXXAMB,06/22/2026 10:00 AM ET,"6 GREENWAY VILLAGE N 105 ROYAL PALM BEACH, FL- 33411","$195,038.66",,"$195,038.66",72414326060061050
2026-05-29T02:45:08,CLOSED,502025CA004718XXXAMB,06/22/2026 10:00 AM ET,"9769 BOZZANO DR DELRAY BEACH, FL- 33446","$2,007,388.30",,"$2,007,388.30",00424630110005840
2026-05-29T02:45:08,CLOSED,502025CC011192XXXAMB,06/23/2026 10:00 AM ET,"3003 S CONGRESS AVE 2A PALM SPRINGS, FL- 33461","$60,643.29","$244,819.00","$60,643.29",70434418230000021
2026-05-29T02:45:08,CLOSED,502023CA011181XXXXMB,06/24/2026 10:00 AM ET,"10766 VERSAILLES BLVD WELLINGTON, FL- 33449","$1,009,744.72",,"$1,009,744.72",73414424050002840
2026-05-29T02:45:08,CLOSED,502025CC011255XXXAMB,06/24/2026 10:00 AM ET,"2615 N GARDEN DR 109 LAKE WORTH, FL- 33461","$39,872.10",,"$39,872.10",00434417300001090
2026-05-29T02:45:08,CLOSED,502026CA000288XXXAMB,06/24/2026 10:00 AM ET,"722 RIDGE RD 11 LANTANA, FL- 33462","$19,997.04",,"$19,997.04",40434433230000110
2026-05-29T02:45:08,CLOSED,502025CA003818XXXAMB,06/25/2026 10:00 AM ET,"117 KINGSWOOD II F 1170 # 10 WEST PALM BEACH, FL- 33417","$92,535.91",,"$6,252,026.00",Property
2026-05-29T02:45:08,CLOSED,502025CA006240XXXAMB,06/25/2026 10:00 AM ET,"790 PALM TREE LN HAVERHILL, FL- 33415","$421,601.55",,"$421,601.55",22424336270000140
2026-05-29T02:45:08,CLOSED,502025CA009993XXXAMB,06/25/2026 10:00 AM ET,"518 GARDENIA TER DELRAY BEACH, FL- 33444","$1,888,042.06","$1,270,201.00",Hidden,12434608190040110
2026-05-29T02:45:08,CLOSED,502024CA000461XXXAMB,06/29/2026 10:00 AM ET,"10898 LAKE WYNDS CT BOYNTON BEACH, FL- 33437","$599,969.90",,"$599,969.90",00424527150000360
2026-05-29T02:45:08,CLOSED,502024CA011824XXXAMB,06/29/2026 10:00 AM ET,"11407 BLUE VIOLET LN WEST PALM BEACH, FL- 33411","$114,760.55",,"$114,760.55",72414335070030430
2026-05-29T02:45:08,CLOSED,502025CA003241XXXAMB,06/29/2026 10:00 AM ET,"1350 CRYSTAL WAY 102 DELRAY BEACH, FL- 33444","$23,614.32",,"$23,614.32",12434629520070720
2026-05-29T02:45:08,CLOSED,502025CA004771XXXAMB,06/29/2026 10:00 AM ET,"2791 VILLAGE BLVD 104 WEST PALM BEACH, FL- 33409","$117,727.77",,"$117,727.77",74434307070081040
2026-05-29T02:45:08,CLOSED,502025CA005960XXXAMB,06/29/2026 10:00 AM ET,"7178 MONTEREAL PATH LAKE WORTH, FL- 33463","$775,587.42",,"$775,587.42",00424512350000330
2026-05-29T02:45:08,CLOSED,502025CA007512XXXAMB,06/29/2026 10:00 AM ET,"129 COUNTRY CLUB WAY ROYAL PALM BEACH, FL- 33411","$592,195.28",,"$592,195.28",72414323200000150
2026-05-29T02:45:08,CLOSED,502025CC010048XXXAMB,06/29/2026 10:00 AM ET,"1151 SEPIA LN LAKE WORTH, FL- 33461","$14,245.48",,"$14,245.48",38434420360000210
2026-05-29T02:45:08,CLOSED,502026CA000528XXXAMB,06/29/2026 10:00 AM ET,"3300 S CONGRESS AVE UNIT 16 BOYNTON BEACH, FL- 33426","$1,265,641.48",,"$1,265,641.48",08434605180000160
2026-05-29T02:45:08,CLOSED,502025CC009330XXXAMB,07/01/2026 10:00 AM ET,"527 NORMANDY K DELRAY BEACH, FL- 33484","$30,125.25",,"$30,125.25",00424622130115270
2026-05-29T02:45:08,CLOSED,502024CA008808XXXAMB,07/02/2026 10:00 AM ET,"8635 GRAND PRIX LN BOYNTON BEACH, FL- 33472","$106,494.87","$1,010,104.00","$106,494.87",00424517100000500
2026-05-29T02:45:08,CLOSED,502024CA001636XXXAMB,07/06/2026 10:00 AM ET,"90 SOUTH BLVD 1D BOYNTON BEACH, FL- 33435","$56,506.92",,"$56,506.92",08434533150900040
2026-05-29T02:45:08,CLOSED,502024CA005511XXXAMB,07/06/2026 10:00 AM ET,"1127 E SEMINOLE AVE 22B JUPITER, FL- 33477","$507,156.93",,"$507,156.93",30434105070000222
2026-05-29T02:45:08,CLOSED,502024CC012528XXXAMB,07/06/2026 10:00 AM ET,"5315 10TH FAIRWAY DR 2 DELRAY BEACH, FL- 33484","$65,335.04",,"$65,335.04",00424626140020020
2026-05-29T02:45:08,CLOSED,502025CA006734XXXAMB,07/06/2026 10:00 AM ET,"5301 NW 2ND AVE 3050 BOCA RATON, FL- 33487","$51,407.07",,"$51,407.07",06434705190003050
2026-05-29T02:45:08,CLOSED,502025CA007842XXXAMB,07/06/2026 10:00 AM ET,"2441 VILLAGE BLVD 102 WEST PALM BEACH, FL- 33409","$246,114.07",,"$246,114.07",74434307070181020
2026-05-29T02:45:08,CLOSED,502025CA009456XXXAMB,07/06/2026 10:00 AM ET,"112 SWAN PKWY E ROYAL PALM BEACH, FL- 33411","$130,018.37",,"$130,018.37",72414326070150400
2026-05-29T02:45:08,CLOSED,502025CA011590XXXAMB,07/06/2026 10:00 AM ET,"1501 CRESCENT CIR C19 LAKE PARK, FL- 33403","$14,680.43",,"$14,680.43",36434221300090030
2026-05-29T02:45:08,CLOSED,502025CA012415XXXAMB,07/06/2026 10:00 AM ET,"1006 SEMINOLE PALMS DR GREENACRES, FL- 33463","$210,662.54",,"$210,662.54",18424427300000270
2026-05-29T02:45:08,CLOSED,502025CA013082XXXAMB,07/06/2026 10:00 AM ET,"9052 GULF RUN WAY C9 LAKE WORTH, FL- 33467","$21,051.38",,"$21,051.38",00424430140030090
2026-05-29T02:45:08,CLOSED,502025CA001688XXXAMB,07/07/2026 10:00 AM ET,"1331 PEBBLE RIDGE LN WEST PALM BEACH, FL- 33411","$67,722.02",,"$67,722.02",00424407010000190
2026-05-29T02:45:08,CLOSED,502025CA007261XXXAMB,07/07/2026 10:00 AM ET,"300 S AUSTRALIAN AVE 611 WEST PALM BEACH, FL- 33401","$40,620.77",,"$40,620.77",74434321260000611
2026-05-29T02:45:08,CLOSED,502025CA007679XXXAMB,07/07/2026 10:00 AM ET,"1754 PIERSIDE CIR WELLINGTON, FL- 33414","$15,840.23",,"$15,840.23",73414410260000190
2026-05-29T02:45:08,CLOSED,502024CA006899XXXAMB,07/08/2026 10:00 AM ET,"934 PASEO CASTALLA WEST PALM BEACH, FL- 33405","$357,353.34",,"$357,353.34",74434333060050071
2026-05-29T02:45:08,CLOSED,502025CA000927XXXAMB,07/08/2026 10:00 AM ET,"127 W BLUE HERON BLVD RIVIERA BEACH, FL- 33404","$1,388,895.72",,"$1,388,895.72",56434228140090150
2026-05-29T02:45:08,CLOSED,502025CA001709XXXAMB,07/09/2026 10:00 AM ET,"3664 ALDER DR F1 WEST PALM BEACH, FL- 33417","$250,630.97",,"$250,630.97",00424313121230061
2026-05-29T02:45:08,CLOSED,502025CA002811XXXAMB,07/09/2026 10:00 AM ET,"2820 TENNIS CLUB DR 205 WEST PALM BEACH, FL- 33417","$27,226.32",,"$27,226.32",00424324160012080
2026-05-29T02:45:08,CLOSED,502025CA005722XXXAMB,07/09/2026 10:00 AM ET,"207 ANHINGA LN JUPITER, FL- 33458","$89,502.30",,"$89,261.70",30424115020000130
2026-05-29T02:45:08,CLOSED,502025CA008552XXXAMB,07/09/2026 10:00 AM ET,"3997 ISLAND CLUB DR LAKE WORTH, FL- 33462","$297,029.17",,"$297,029.17",00434439020000390
2026-05-29T02:45:08,CLOSED,502024CA003222XXXAMB,07/13/2026 10:00 AM ET,"1015 NE 3RD ST BELLE GLADE, FL- 33430","$207,254.40",,"$207,254.40",04374332160000060
2026-05-29T02:45:08,CLOSED,502025CA007181XXXAMB,07/13/2026 10:00 AM ET,"625 FLANDERS N DELRAY BEACH, FL- 33484","$157,472.43",,"$157,472.43",00424622100146250
2026-05-29T02:45:08,CLOSED,502025CA011335XXXAMB,07/13/2026 10:00 AM ET,"250 NW 39TH ST BOCA RATON, FL- 33431","$259,117.26",,"$259,117.26",06434708020000040
2026-05-29T02:45:08,CLOSED,502023CA000502XXXXMB,07/14/2026 10:00 AM ET,"14772 ORANGE BLVD LOXAHATCHEE, FL- 33470","$689,258.82",,"$689,258.82",00414232000003080
2026-05-29T02:45:08,CLOSED,502025CA002930XXXAMB,07/15/2026 10:00 AM ET,"638 SHORE DR BOYNTON BEACH, FL- 33435","$525,922.67",,"$525,922.67",08434522060000610
2026-05-29T02:45:08,CLOSED,502025CA008794XXXAMB,07/15/2026 10:00 AM ET,"10960 STAFFORD CIR S BOYNTON BEACH, FL- 33436","$14,135.77",,"$14,135.77",00424525110001040
2026-05-29T02:45:08,CLOSED,502025CA009605XXXAMB,07/15/2026 10:00 AM ET,"14596 BELMONT TRCE WELLINGTON, FL- 33414","$5,329,240.26",,"$5,329,240.26",73414417010720010
2026-05-29T02:45:08,CLOSED,502023CA002098XXXXMB,07/16/2026 10:00 AM ET,"114 SEACREST CT BOYNTON BEACH, FL- 33435","$271,107.56",,"$271,107.56",08434521030120090
2026-05-29T02:45:08,CLOSED,502025CA005911XXXAMB,07/16/2026 10:00 AM ET,"1773 OCALA RD NORTH PALM BEACH, FL- 33408","$521,917.33",,"$521,917.33",00434132070001100
2026-05-29T02:45:08,CLOSED,502023CA014855XXXAMB,07/20/2026 10:00 AM ET,"4804 WATERVIEW CIR PALM SPRINGS, FL- 33461","$249,110.43","$255,294.00","$249,110.43",70434419240000484
2026-05-29T02:45:08,CLOSED,502024CA001029XXXAMB,07/20/2026 10:00 AM ET,"1408 LAKE BASS DRIVE LAKE WORTH, FL- 33461","$295,863.53",,"$295,863.53",Property
2026-05-29T02:45:08,CLOSED,502025CA005012XXXAMB,07/20/2026 10:00 AM ET,"1630 EMBASSY DR 204 WEST PALM BEACH, FL- 33401","$9,900.46",,"$9,900.46",74434317160002040
2026-05-29T02:45:08,CLOSED,502025CA007102XXXAMB,07/20/2026 10:00 AM ET,"857 WANDERING WILLOW WAY LOXAHATCHEE, FL- 33470","$795,299.59",,"$795,299.59",00404328020002780
2026-05-29T02:45:08,CLOSED,502025CA011154XXXAMB,07/20/2026 10:00 AM ET,"6486 BRAVA WAY BOCA RATON, FL- 33433","$325,897.97",,"$325,897.97",00424734220000120
2026-05-29T02:45:08,CLOSED,502025CA013104XXXAMB,07/20/2026 10:00 AM ET,"16198 SEA TURTLE PL WESTLAKE, FL- 33470","$684,862.74",,"$684,862.74",77404312140001660
2026-05-29T02:45:08,CLOSED,502025CA004575XXXAMB,07/22/2026 10:00 AM ET,"7791 BRIDLINGTON DR BOYNTON BEACH, FL- 33472","$30,250.79",,Hidden,00424516070000650
2026-05-29T02:45:08,CLOSED,502025CA009871XXXAMB,07/22/2026 10:00 AM ET,"608 SE 2ND AVE DELRAY BEACH, FL- 33483","$751,576.32",,"$751,576.32",12434621010070390
2026-05-29T02:45:08,CLOSED,502025CA010811XXXAMB,07/22/2026 10:00 AM ET,"6198 RIVERWALK LN 1 JUPITER, FL- 33458","$69,388.67",,"$69,388.67",30424103200430010
2026-05-29T02:45:08,CLOSED,502025CA004084XXXAMB,07/23/2026 10:00 AM ET,"6461 NW 2ND AVE 4110 BOCA RATON, FL- 33487","$186,804.08",,"$186,804.08",06434705140004110
2026-05-29T02:45:08,CLOSED,502025CA008521XXXAMB,07/23/2026 10:00 AM ET,"10150 YEOMAN LN ROYAL PALM BEACH, FL- 33411","$151,207.01",,"$151,207.01",72414325060004950
2026-05-29T02:45:08,CLOSED,502025CC020000XXXAMB,07/24/2026 10:00 AM ET,"1015 GREEN PINE BLVD F1 WEST PALM BEACH, FL- 33409","$20,340.65",,"$20,340.65",74424313080150061
2026-05-29T02:45:08,CLOSED,502024CA007243XXXAMB,07/27/2026 10:00 AM ET,"506 W 1ST ST RIVIERA BEACH, FL- 33404","$244,646.71",,"$244,646.71",56434233110002110
2026-05-29T02:45:08,CLOSED,502025CA001820XXXAMB,07/27/2026 10:00 AM ET,"402 NE 10TH TER BOCA RATON, FL- 33432","$360,876.01",,"$360,876.01",Property
2026-05-29T02:45:08,CLOSED,502026CA000685XXXAMB,07/27/2026 10:00 AM ET,"3351 N FEDERAL HWY DELRAY BEACH, FL- 33483","$993,885.33",,"$993,885.33",00434604120000170
2026-05-29T02:45:08,CLOSED,502023CA013439XXXAMB,07/28/2026 10:00 AM ET,"4113 ITALIA WAY LAKE WORTH, FL- 33467","$560,490.85",,"$560,490.85",00424419130000230
2026-05-29T02:45:08,CLOSED,502025CA001696XXXAMB,07/28/2026 10:00 AM ET,"3127 FERNWOOD DR BOYNTON BEACH, FL- 33435","$1,269,403.02",,"$1,269,403.02",08434605010090150
2026-05-29T02:45:08,CLOSED,502025CA011098XXXAMB,07/28/2026 10:00 AM ET,"516 OSPREY DR 15-A DELRAY BEACH, FL- 33444","$100,035.07",,"$100,035.07",12434629130030151
2026-05-29T02:45:08,CLOSED,502025CA010656XXXAMB,08/03/2026 10:00 AM ET,"5373 GENE CIR WEST PALM BEACH, FL- 33415","$229,110.38",,"$229,110.38",00424411210000911
2026-05-29T02:45:08,CLOSED,502023CA016824XXXAMB,08/04/2026 10:00 AM ET,"14813 DRAFT HORSE LN WELLINGTON, FL- 33414","$3,025,000.00",,"$3,025,000.00",73414408010350010
2026-05-29T02:45:08,CLOSED,502024CA008156XXXAMB,08/04/2026 10:00 AM ET,"4969 MESSANA TER LAKE WORTH, FL- 33463","$291,584.97",,"$291,584.97",00424501030001350
2026-05-29T02:45:08,CLOSED,502025CA010357XXXAMB,08/04/2026 10:00 AM ET,"421 N C ST LAKE WORTH, FL- 33460","$222,265.13",,"$222,265.13",38434421151300110
2026-05-29T02:45:08,CLOSED,502025CA012169XXXAMB,08/04/2026 10:00 AM ET,"318 SW 9TH ST DELRAY BEACH, FL- 33444","$122,195.44",,"$122,195.44",12434620090020020
2026-05-29T02:45:08,CLOSED,502025CC014766XXXAMB,08/04/2026 10:00 AM ET,"6162 BAY ISLES DR BOYNTON BEACH, FL- 33437","$13,917.41",,"$13,917.41",00424603020001090
2026-05-29T02:45:08,CLOSED,502026CA000664XXXAMB,08/04/2026 10:00 AM ET,"3001 LINTON BLVD # C-105 DELRAY BEACH, FL- 33445","$13,381.25",,"$13,381.25",Property
2026-05-29T02:45:08,CLOSED,502025CA003741XXXAMB,08/06/2026 10:00 AM ET,"3950 FIELDVIEW WAY WELLINGTON, FL- 33414","$2,221,772.34",,"$2,221,772.34",73414421040000510
2026-05-29T02:45:08,CLOSED,502025CA005726XXXAMB,08/06/2026 10:00 AM ET,"1261 W 3RD ST RIVIERA BEACH, FL- 33404","$54,454.12",,"$54,454.12",56434232090007160
2026-05-29T02:45:08,CLOSED,502025CA008442XXXAMB,08/06/2026 10:00 AM ET,"18020 46TH COURT NORTH LOXAHATCHEE, FL- 33470","$331,131.02",,"$331,131.02",Property
2026-05-29T02:45:08,CLOSED,502025CA010694XXXAMB,08/06/2026 10:00 AM ET,"17269 71ST LN N LOXAHATCHEE, FL- 33470","$641,913.48",,"$641,913.48",00404226000005610
2026-05-29T02:45:08,CLOSED,502024CC010024XXXAMB,08/10/2026 10:00 AM ET,"902 S SEACREST BLVD BOYNTON BEACH, FL- 33435","$39,005.00",,"$687,541.07",MULTIPLE
2026-05-29T02:45:08,CLOSED,502025CA005366XXXAMB,08/10/2026 10:00 AM ET,"760 E OCEAN AVE 203 BOYNTON BEACH, FL- 33435","$277,553.67",,"$277,553.67",08434527450032030
2026-05-29T02:45:08,CLOSED,502025CA000103XXXAMB,08/12/2026 10:00 AM ET,"5196 PALM RIDGE BLVD DELRAY BEACH, FL- 33484","$353,649.37",,"$353,649.37",00424611020001240
2026-05-29T02:45:08,CLOSED,502024CA009569XXXAMB,08/17/2026 10:00 AM ET,"17928 36TH CT N LOXAHATCHEE, FL- 33470","$654,381.77",,"$654,381.77",00404314000004060
2026-05-29T02:45:08,CLOSED,502025CA001761XXXAMB,08/17/2026 10:00 AM ET,"6113 GREENSPOINTE DR BOYNTON BEACH, FL- 33437","$90,779.37",,"$90,779.37",00424534180000100
2026-05-29T02:45:08,CLOSED,502025CA011004XXXAMB,08/17/2026 10:00 AM ET,"56 SW 15TH COURT BOCA RATON, FL- 33486","$84,313.32",,"$84,313.32",Property
2026-05-29T02:45:08,CLOSED,502025CA011510XXXAMB,08/17/2026 10:00 AM ET,"703 LOCHWICK TER PALM BEACH GARDENS, FL- LF 33418","$13,666.37",,"$13,666.37",52424210100030110
2026-05-29T02:45:08,CLOSED,502025CC016197XXXAMB,08/17/2026 10:00 AM ET,"343 CAPRI H DELRAY BEACH, FL- 33484","$15,320.86",,"$15,320.86",00424623060083430
2026-05-29T02:45:08,CLOSED,502025CA000608XXXAMB,08/18/2026 10:00 AM ET,"11894 DUNBAR CT PALM BEACH GARDENS, FL- 33412","$1,183,632.85",,"$1,183,632.85",52414214070000160
2026-05-29T02:45:08,CLOSED,502025CA008124XXXAMB,08/20/2026 10:00 AM ET,"87 PHEASANT RUN BLVD WEST PALM BEACH, FL- 33415","$354,151.21",,"$354,151.21",00424402310001090
2026-05-29T02:45:08,CLOSED,502025CA012662XXXAMB,08/20/2026 10:00 AM ET,"13052 COMPTON RD LOXAHATCHEE, FL- 33470","$917,051.29",,"$917,051.29",Property
2026-05-29T02:45:08,CLOSED,502025CA000861XXXAMB,08/24/2026 10:00 AM ET,"618 GARDENIA TER DELRAY BEACH, FL- 33444","$532,655.84",,"$532,655.84",12434608190010080
2026-05-29T02:45:08,CLOSED,502025CA004424XXXAMB,08/24/2026 10:00 AM ET,"9393 CASCADE CT BOYNTON BEACH, FL- 33437","$434,692.96",,"$434,692.96",00424522110000390
2026-05-29T02:45:08,CLOSED,502025CA002931XXXAMB,08/26/2026 10:00 AM ET,"22261 FESTIVAL WAY BOCA RATON, FL- 33428","$416,095.83",,"$416,095.83",00414725170000420
2026-05-29T02:45:08,CLOSED,502025CA008509XXXAMB,08/26/2026 10:00 AM ET,"16298 90TH ST N LOXAHATCHEE, FL- 33470","$582,791.10",,"$582,791.10",00404213000006120
2026-05-29T02:45:08,CLOSED,502025CA009596XXXAMB,09/03/2026 10:00 AM ET,"6606 WINDMILL WAY GREENACRES, FL- 33413","$68,673.81",,"$68,673.81",18424403090000820
2026-05-29T02:45:08,CLOSED,502025CA009790XXXAMB,09/03/2026 10:00 AM ET,"1610 S PALMWAY LAKE WORTH, FL- 33460","$570,591.28",,"$570,591.28",38434427010910040
2026-05-29T02:45:08,CLOSED,502025CA009901XXXAMB,09/03/2026 10:00 AM ET,"1014 VIA JARDIN RIVIERA BEACH, FL- 33418","$214,550.01",,"$214,550.01",56424225230001290
2026-05-29T02:45:08,CLOSED,502025CA010805XXXAMB,09/03/2026 10:00 AM ET,"128 SEVILLA AVE ROYAL PALM BEACH, FL- 33411","$505,315.06",,"$505,315.06",72414314030100230
2026-05-29T02:45:08,CLOSED,502025CA012845XXXAMB,09/03/2026 10:00 AM ET,"17695 HAYNIE LN JUPITER, FL- 33478","$350,351.27",,"$350,351.27",00414102000003490
2026-05-29T02:45:08,CLOSED,502025CA001782XXXAMB,09/08/2026 10:00 AM ET,"2513 NW 4TH CT BOYNTON BEACH, FL- 33426","$194,133.00",,"$194,133.00",08434516370190070
2026-05-29T02:45:08,CLOSED,502025CA010082XXXAMB,09/08/2026 10:00 AM ET,"13651 EXOTICA LN WELLINGTON, FL- 33414","$367,313.92",,"$367,313.92",73414404010480010
2026-05-29T02:45:08,CLOSED,502024CA009238XXXAMB,09/16/2026 10:00 AM ET,"291 GUAVA AVE WEST PALM BEACH, FL- 33413","$366,425.45",,"$366,425.45",00424335100130120
2026-05-29T02:45:08,CLOSED,502025CA003966XXXAMB,09/22/2026 10:00 AM ET,"1080 STERLING PINE PLACE LOXAHATCHEE, FL- 33470","$807,448.10",,"$807,448.10",Property
2026-05-29T02:45:08,CLOSED,502025CA008289XXXAMB,09/28/2026 10:00 AM ET,"1880 GULFSTREAM WAY WEST PALM BEACH, FL- 33411","$680,736.59",,"$680,736.59",00424330060000160
2026-05-29T02:45:08,CLOSED,502025CA005176XXXAMB,11/04/2026 10:00 AM ET,"726 NE 20TH LN BOYNTON BEACH, FL- 33435","$652,864.18",,"$652,864.18",08434515110050010
2026-06-01T02:52:09,NEW,502022CA005253XXXXMB,06/01/2026 10:00 AM ET,"1571 NW 20TH AVE 104 DELRAY BEACH, FL- 33445","$400,182.49",,"$400,182.49",12434607050641040
2026-06-01T02:52:09,NEW,502023CA010360XXXXMB,06/01/2026 10:00 AM ET,"6896 140TH AVE N WEST PALM BEACH, FL- 33412","$215,269.77",,"$241,290.86",00414233000003200
2026-06-01T02:52:09,NEW,502025CA004914XXXAMB,06/02/2026 10:00 AM ET,"194 MASTIC TREE CT ROYAL PALM BEACH, FL- 33411","$21,901.14",,Hidden,72414326210001940
2026-06-01T02:52:09,NEW,502024CA005195XXXAMB,06/03/2026 10:00 AM ET,"2696 FLAMANGO LAKE DR WEST PALM BEACH, FL- 33406","$221,297.48",,Hidden,00434405190000170
2026-06-01T02:52:09,NEW,502025CA007649XXXAMB,06/03/2026 10:00 AM ET,"4005 ROCKS POINT PL RIVIERA BEACH, FL- 33407","$17,692.22",,"$17,824.47",56424236360001130
2026-06-01T02:52:09,NEW,502023CA013385XXXAMB,06/08/2026 10:00 AM ET,"301 SW 9TH AVE BOYNTON BEACH, FL- 33435","$511,697.44",,"$511,697.44",08434528220080450
2026-06-01T02:52:09,NEW,502025CA000429XXXAMB,06/08/2026 10:00 AM ET,"5235 EUROPA DR M BOYNTON BEACH, FL- 33437","$18,241.94",,"$18,241.94",00424523140001613
2026-06-01T02:52:09,NEW,502025CA000657XXXAMB,06/08/2026 10:00 AM ET,"711 12TH AVENUE NORTH LAKE WORTH BEACH, FL- 33460","$484,389.97",,"$470,038.59",Property
2026-06-01T02:52:09,NEW,502025CA001565XXXAMB,06/08/2026 10:00 AM ET,"178 JONES CREEK DR JUPITER, FL- 33458","$434,334.26",,"$434,334.26",30424111230000330
2026-06-01T02:52:09,NEW,502025CA003819XXXAMB,06/08/2026 10:00 AM ET,"3155 NW 9TH ST DELRAY BEACH, FL- 33445","$209,600.59",,Hidden,12434607150090040
2026-06-01T02:52:09,NEW,502025CA007853XXXAMB,06/08/2026 10:00 AM ET,"401 4TH TERRACE PALM BEACH GARDENS, FL- 33418-3603","$380,801.40",,"$380,801.40",Property
2026-06-01T02:52:09,NEW,502025CA011836XXXAMB,06/08/2026 10:00 AM ET,"15484 LAKES OF DELRAY BLVD 206 DELRAY BEACH, FL- 33484","$17,057.81",,"$17,672.17",00424623280012060
2026-06-01T02:52:09,NEW,502025CA012355XXXAMB,06/08/2026 10:00 AM ET,"1064 SIENA OAKS CIR E PALM BEACH GARDENS, FL- 33410","$285,042.80",,"$285,042.80",52434207280000640
2026-06-01T02:52:09,NEW,502025CC017204XXXAMB,06/08/2026 10:00 AM ET,"866 NW 25TH AVE DELRAY BEACH, FL- 33445","$19,038.18",,"$19,038.18",12434607030040090
2026-06-01T02:52:09,NEW,502026CC000961XXXAWB,06/08/2026 10:00 AM ET,"4550 NW 4TH ST B DELRAY BEACH, FL- 33445","$15,010.17","$120,463.00","$15,010.17",12424613110860020
2026-06-01T02:52:09,NEW,502023CA001559XXXXMB,06/09/2026 10:00 AM ET,"9902 WARNER LN WELLINGTON, FL- 33414","$744,350.90",,"$744,350.90",73424407030004650
2026-06-01T02:52:09,NEW,502024CA005741XXXAMB,06/09/2026 10:00 AM ET,"285 TUSCANY E DELRAY BEACH, FL- 33446","$234,990.56",,"$234,990.56",00424622050042850
2026-06-01T02:52:09,NEW,502025CA001875XXXAMB,06/09/2026 10:00 AM ET,"5800 FERNLEY DR W 53 WEST PALM BEACH, FL- 33415","$144,640.16",,"$144,640.16",00424414560000530
2026-06-01T02:52:09,NEW,502025CA001925XXXAMB,06/09/2026 10:00 AM ET,"5600 N FLAGLER DR 2703 WEST PALM BEACH, FL- 33407","$99,049.51",,"$99,049.51",74434304250012703
2026-06-01T02:52:09,NEW,502025CA005825XXXAMB,06/09/2026 10:00 AM ET,"11889 OSPREY POINTE CIR WELLINGTON, FL- 33449","$669,471.79",,"$669,471.79",73414426040000360
2026-06-01T02:52:09,NEW,502025CA007657XXXAMB,06/09/2026 10:00 AM ET,"769 DAFFODIL DR WELLINGTON, FL- 33414","$278,250.56",,"$278,250.56",73414404010050150
2026-06-01T02:52:09,NEW,502025CA007691XXXAMB,06/09/2026 10:00 AM ET,"505 SPENCER DR 307 WEST PALM BEACH, FL- 33409","$46,097.31",,"$46,097.31",74434319140003070
2026-06-01T02:52:09,NEW,502025CA008769XXXAMB,06/09/2026 10:00 AM ET,"7032 CHESAPEAKE CIR BOYNTON BEACH, FL- 33436","$557,828.50",,"$344,300.00",08434507170002830
2026-06-01T02:52:09,NEW,502025CA010701XXXAMB,06/09/2026 10:00 AM ET,"9436 LAGO DR BOYNTON BEACH, FL- 33472","$70,592.05",,"$70,592.05",00424518050000320
2026-06-01T02:52:09,NEW,502025CC016066XXXASB,06/09/2026 10:00 AM ET,"4801 CHANTILLY RD LAKE WORTH BEACH, FL- 33467","$15,877.02","$550,296.00","$15,877.02",00424429200000110
2026-06-01T02:52:09,NEW,502024CA010909XXXAMB,06/10/2026 10:00 AM ET,"500 EGRET CIR 8308 DELRAY BEACH, FL- 33444","$25,375.27",,"$25,375.27",12434629160088308
2026-06-01T02:52:09,NEW,502024CA011064XXXAMB,06/10/2026 10:00 AM ET,"1585 W 36TH ST RIVIERA BEACH, FL- 33404","$60,838.34",,"$60,838.34",56434229020060010
2026-06-01T02:52:09,NEW,502024CA011410XXXAMB,06/10/2026 10:00 AM ET,"196 BANDOL ST RIVIERA BEACH, FL- 33404","$8,589.51",,"$8,589.51",56434228700000010
2026-06-01T02:52:09,NEW,502024CC000801XXXAMB,06/10/2026 10:00 AM ET,"9413 BOCA GARDENS CIR S B BOCA RATON, FL- 33496","$42,659.47",,"$42,659.47",00424706050970020
2026-06-01T02:52:09,NEW,502025CA000738XXXAMB,06/10/2026 10:00 AM ET,"4187 N HAVERHILL RD UNIT 506 WEST PALM BEACH, FL- 33417","$19,686.19",,"$19,686.19",74424311060055060
2026-06-01T02:52:09,NEW,502025CA007916XXXAMB,06/10/2026 10:00 AM ET,"7518 ACE RD S LAKE WORTH, FL- 33467","$9,433.44",,"$9,433.44",00424421090030100
2026-06-01T02:52:09,NEW,502025CA008750XXXAMB,06/10/2026 10:00 AM ET,"90 SOUTH BLVD 1D BOYNTON BEACH, FL- 33435","$75,404.09",,"$75,404.09",08434533150900040
2026-06-01T02:52:09,NEW,502025CA008801XXXAMB,06/10/2026 10:00 AM ET,"750 EGRET CIR 6511 DELRAY BEACH, FL- 33444","$3,468.40",,"$3,468.40",12434629160066511
2026-06-01T02:52:09,NEW,502025CA009239XXXAMB,06/10/2026 10:00 AM ET,"4723 LUCERNE LAKES BLVD UNIT 6 LAKE WORTH, FL- 33467","$27,936.52",,"$27,936.52",00424428340006360
2026-06-01T02:52:09,NEW,502025CA009849XXXAMB,06/10/2026 10:00 AM ET,"201 E TIFFANY DR 1 MANGONIA PARK, FL- 33407","$53,325.17",,"$53,325.17",44434305200520010
2026-06-01T02:52:09,NEW,502008CA003941XXXXMB,06/11/2026 10:00 AM ET,"6424 96TH PL S BOYNTON BEACH, FL- 33437-2840","$509,634.85",,"$509,634.85",00424522030000780
2026-06-01T02:52:09,NEW,502024CA007663XXXAMB,06/11/2026 10:00 AM ET,"7830 STIRLING BRIDGE BLVD S DELRAY BEACH, FL- 33446","$2,555,356.22",,"$635,000.00",MULTIPLE
2026-06-01T02:52:09,NEW,502025CA003522XXXAMB,06/11/2026 10:00 AM ET,"7286 HUNTINGTON LN 204 DELRAY BEACH, FL- 33446","$392,391.44","$146,185.00","$40,439.66",Property
2026-06-01T02:52:09,NEW,502025CA005317XXXAMB,06/11/2026 10:00 AM ET,"4414 HEMLOCK DR RIVIERA BEACH, FL- 33410","$340,587.12",,"$340,587.12",56424225440000270
2026-06-01T02:52:09,NEW,502025CA005588XXXAMB,06/11/2026 10:00 AM ET,"828 QUARTZ TER WEST PALM BEACH, FL- 33413","$450,618.53",,"$477,200.00",00424335270000180
2026-06-01T02:52:09,NEW,502025CA006006XXXAMB,06/11/2026 10:00 AM ET,"755 DATE PALM DR LAKE PARK, FL- 33403","$363,414.36",,"$363,414.36",36434220010550250
2026-06-01T02:52:09,NEW,502025CA007311XXXAMB,06/11/2026 10:00 AM ET,"327 N H ST LAKE WORTH, FL- 33460","$202,109.65",,"$202,109.65",38434421150820190
2026-06-01T02:52:09,NEW,502025CA003617XXXAMB,06/15/2026 10:00 AM ET,"9 ATRIUM CIR A LAKE WORTH, FL- 33462","$43,640.87",,"$43,640.87",02434431260090010
2026-06-01T02:52:09,NEW,502025CA003910XXXAMB,06/15/2026 10:00 AM ET,"501 SANDPIPER WAY BOCA RATON, FL- 33431","$1,764,000.00",,"$1,764,000.00",06434708220001030
2026-06-01T02:52:09,NEW,502025CA004380XXXAMB,06/15/2026 10:00 AM ET,"5872 RAMBLER ROSE WAY WEST PALM BEACH, FL- 33415","$6,406.17",,"$6,406.17",00424411190070140
2026-06-01T02:52:09,NEW,502025CA005312XXXAMB,06/15/2026 10:00 AM ET,"17194 BRULEE BREEZE WAY BOCA RATON, FL- 33496","$4,842,336.72",,"$4,842,336.72",00424631130002600
2026-06-01T02:52:09,NEW,502025CA008176XXXAMB,06/15/2026 10:00 AM ET,"11450 HEIDI LEE LANE # A FORT MYERS, FL- 33908","$424,391.68",,"$424,391.68",Property
2026-06-01T02:52:09,NEW,502025CA011381XXXAMB,06/15/2026 10:00 AM ET,"1135 22ND STREET WEST PALM BEACH, FL- 33407","$233,146.10",,"$233,146.10",Property
2026-06-01T02:52:09,NEW,502025CA012197XXXAMB,06/15/2026 10:00 AM ET,"3515 VILLAGE BLVD 105 WEST PALM BEACH, FL- 33409","$267,598.72",,"$267,598.72",74434307070031050
2026-06-01T02:52:09,NEW,502026CA000495XXXAMB,06/15/2026 10:00 AM ET,"4171 N HAVERHILL RD UNIT 1001 WEST PALM BEACH, FL- 33417","$15,779.69","$215,000.00","$15,779.69",74424311060101001
2026-06-01T02:52:09,NEW,502024CA011554XXXAMB,06/16/2026 10:00 AM ET,"2313 N CONGRESS AVE APT 23 BOYNTON BEACH, FL- 33426","$126,859.95",,"$128,589.75",08434518220060230
2026-06-01T02:52:09,NEW,502025CC013033XXXASB,06/16/2026 10:00 AM ET,"7702 MAJESTIC PALM DR BOYNTON BEACH, FL- 33437","$43,361.26",,"$43,361.26",00424521032570020
2026-06-01T02:52:09,NEW,502025CA000480XXXAMB,06/17/2026 10:00 AM ET,"93 SAXONY B DELRAY BEACH, FL- 33446","$35,603.95",,"$35,603.95",00424622090020930
2026-06-01T02:52:09,NEW,502025CA012283XXXAMB,06/17/2026 10:00 AM ET,"185 ANDOVER H # 185 WEST PALM BEACH, FL- 33417","$15,451.02",,"$15,451.02",00424323210081850
2026-06-01T02:52:09,NEW,502025CC011253XXXAMB,06/17/2026 10:00 AM ET,"2811 S GARDEN DR 205 LAKE WORTH, FL- 33461","$29,168.35",,"$29,168.35",00434417490002050
2026-06-01T02:52:09,NEW,502025CA012379XXXAMB,06/18/2026 10:00 AM ET,"240 NW 8TH AVE DELRAY BEACH, FL- 33444","$146,998.25",,"$146,998.25",12434617250020270
2026-06-01T02:52:09,NEW,502016CA001480XXXXMB,06/22/2026 10:00 AM ET,"11845 171ST LN N JUPITER, FL- 33478","$349,274.16",,"$349,274.16",00414102000007390
2026-06-01T02:52:09,NEW,502019CA014210XXXXMB,06/22/2026 10:00 AM ET,"401 W 5TH TER PAHOKEE, FL- 33476","$151,103.95",,"$151,103.95",48374218240000090
2026-06-01T02:52:09,NEW,502023CA012360XXXXMB,06/22/2026 10:00 AM ET,"1251 SUMMIT RUN CIR WEST PALM BEACH, FL- 33415","$143,063.72",,"$143,063.72",00424411210000422
2026-06-01T02:52:09,NEW,502023CA012517XXXXMB,06/22/2026 10:00 AM ET,"17146 87TH LN N LOXAHATCHEE, FL- 33470","$364,936.14",,"$364,936.14",00404223000001760
2026-06-01T02:52:09,NEW,502023CC013265XXXASB,06/22/2026 10:00 AM ET,"208 E TIFFANY DR 4 MANGONIA PARK, FL- 33407","$89,360.80",,"$90,304.22",44434305200590040
2026-06-01T02:52:09,NEW,502024CA011242XXXAMB,06/22/2026 10:00 AM ET,"17029 TETON RIVER RD BOCA RATON, FL- 33496","$1,690,708.03",,"$1,690,708.03",00424632100007590
2026-06-01T02:52:09,NEW,502025CA000239XXXAMB,06/22/2026 10:00 AM ET,"94 DORSET C BOCA RATON, FL- 33434","$21,434.73",,"$21,434.73",00424708080030940
2026-06-01T02:52:09,NEW,502025CA001202XXXAMB,06/22/2026 10:00 AM ET,"7481 CAMPO FLORIDO BOCA RATON, FL- 33433","$449,113.68",,"$449,113.68",00424721210000040
2026-06-01T02:52:09,NEW,502025CA001412XXXAMB,06/22/2026 10:00 AM ET,"6 GREENWAY VILLAGE N 105 ROYAL PALM BEACH, FL- 33411","$195,038.66",,"$195,038.66",72414326060061050
2026-06-01T02:52:09,NEW,502025CA004718XXXAMB,06/22/2026 10:00 AM ET,"9769 BOZZANO DR DELRAY BEACH, FL- 33446","$2,007,388.30",,"$2,007,388.30",00424630110005840
2026-06-01T02:52:09,NEW,502025CC011192XXXAMB,06/23/2026 10:00 AM ET,"3003 S CONGRESS AVE 2A PALM SPRINGS, FL- 33461","$60,643.29","$244,819.00","$60,643.29",70434418230000021
2026-06-01T02:52:09,NEW,502025CC011255XXXAMB,06/24/2026 10:00 AM ET,"2615 N GARDEN DR 109 LAKE WORTH, FL- 33461","$39,872.10",,"$39,872.10",00434417300001090
2026-06-01T02:52:09,NEW,502026CA000288XXXAMB,06/24/2026 10:00 AM ET,"722 RIDGE RD 11 LANTANA, FL- 33462","$19,997.04",,"$19,997.04",40434433230000110
2026-06-01T02:52:09,NEW,502025CA003818XXXAMB,06/25/2026 10:00 AM ET,"117 KINGSWOOD II F 1170 # 10 WEST PALM BEACH, FL- 33417","$92,535.91",,"$6,252,026.00",Property
2026-06-01T02:52:09,NEW,502025CA006240XXXAMB,06/25/2026 10:00 AM ET,"790 PALM TREE LN HAVERHILL, FL- 33415","$421,601.55",,"$421,601.55",22424336270000140
2026-06-01T02:52:09,NEW,502025CA009993XXXAMB,06/25/2026 10:00 AM ET,"518 GARDENIA TER DELRAY BEACH, FL- 33444","$1,888,042.06","$1,270,201.00",Hidden,12434608190040110
2026-06-01T02:52:09,NEW,502024CA000461XXXAMB,06/29/2026 10:00 AM ET,"10898 LAKE WYNDS CT BOYNTON BEACH, FL- 33437","$599,969.90",,"$599,969.90",00424527150000360
2026-06-01T02:52:09,NEW,502024CA011824XXXAMB,06/29/2026 10:00 AM ET,"11407 BLUE VIOLET LN WEST PALM BEACH, FL- 33411","$114,760.55",,"$114,760.55",72414335070030430
2026-06-01T02:52:09,NEW,502025CA003241XXXAMB,06/29/2026 10:00 AM ET,"1350 CRYSTAL WAY 102 DELRAY BEACH, FL- 33444","$23,614.32",,"$23,614.32",12434629520070720
2026-06-01T02:52:09,NEW,502025CA004771XXXAMB,06/29/2026 10:00 AM ET,"2791 VILLAGE BLVD 104 WEST PALM BEACH, FL- 33409","$117,727.77",,"$117,727.77",74434307070081040
2026-06-01T02:52:09,NEW,502025CA005960XXXAMB,06/29/2026 10:00 AM ET,"7178 MONTEREAL PATH LAKE WORTH, FL- 33463","$775,587.42",,"$775,587.42",00424512350000330
2026-06-01T02:52:09,NEW,502025CA007512XXXAMB,06/29/2026 10:00 AM ET,"129 COUNTRY CLUB WAY ROYAL PALM BEACH, FL- 33411","$592,195.28",,"$592,195.28",72414323200000150
2026-06-01T02:52:09,NEW,502025CC010048XXXAMB,06/29/2026 10:00 AM ET,"1151 SEPIA LN LAKE WORTH, FL- 33461","$14,245.48",,"$14,245.48",38434420360000210
2026-06-01T02:52:09,NEW,502026CA000528XXXAMB,06/29/2026 10:00 AM ET,"3300 S CONGRESS AVE UNIT 16 BOYNTON BEACH, FL- 33426","$1,265,641.48",,"$1,265,641.48",08434605180000160
2026-06-01T02:52:09,NEW,502025CC009330XXXAMB,07/01/2026 10:00 AM ET,"527 NORMANDY K DELRAY BEACH, FL- 33484","$30,125.25",,"$30,125.25",00424622130115270
2026-06-01T02:52:09,NEW,502024CA008808XXXAMB,07/02/2026 10:00 AM ET,"8635 GRAND PRIX LN BOYNTON BEACH, FL- 33472","$106,494.87","$1,010,104.00","$106,494.87",00424517100000500
2026-06-01T02:52:09,NEW,502022CA010679XXXXMB,07/06/2026 10:00 AM ET,"950 PASEO MORELLA WEST PALM BEACH, FL- 33405","$333,350.92",,"$333,350.92",74434333060070130
2026-06-01T02:52:09,NEW,502024CA001636XXXAMB,07/06/2026 10:00 AM ET,"90 SOUTH BLVD 1D BOYNTON BEACH, FL- 33435","$56,506.92",,"$56,506.92",08434533150900040
2026-06-01T02:52:09,NEW,502024CA005511XXXAMB,07/06/2026 10:00 AM ET,"1127 E SEMINOLE AVE 22B JUPITER, FL- 33477","$507,156.93",,"$507,156.93",30434105070000222
2026-06-01T02:52:09,NEW,502024CC012528XXXAMB,07/06/2026 10:00 AM ET,"5315 10TH FAIRWAY DR 2 DELRAY BEACH, FL- 33484","$65,335.04",,"$65,335.04",00424626140020020
2026-06-01T02:52:09,NEW,502025CA006734XXXAMB,07/06/2026 10:00 AM ET,"5301 NW 2ND AVE 3050 BOCA RATON, FL- 33487","$51,407.07",,"$51,407.07",06434705190003050
2026-06-01T02:52:09,NEW,502025CA007842XXXAMB,07/06/2026 10:00 AM ET,"2441 VILLAGE BLVD 102 WEST PALM BEACH, FL- 33409","$246,114.07",,"$246,114.07",74434307070181020
2026-06-01T02:52:09,NEW,502025CA009456XXXAMB,07/06/2026 10:00 AM ET,"112 SWAN PKWY E ROYAL PALM BEACH, FL- 33411","$130,018.37",,"$130,018.37",72414326070150400
2026-06-01T02:52:09,NEW,502025CA011590XXXAMB,07/06/2026 10:00 AM ET,"1501 CRESCENT CIR C19 LAKE PARK, FL- 33403","$14,680.43",,"$14,680.43",36434221300090030
2026-06-01T02:52:09,NEW,502025CA012415XXXAMB,07/06/2026 10:00 AM ET,"1006 SEMINOLE PALMS DR GREENACRES, FL- 33463","$210,662.54",,"$210,662.54",18424427300000270
2026-06-01T02:52:09,NEW,502025CA013082XXXAMB,07/06/2026 10:00 AM ET,"9052 GULF RUN WAY C9 LAKE WORTH, FL- 33467","$21,051.38",,"$21,051.38",00424430140030090
2026-06-01T02:52:09,NEW,502025CA001688XXXAMB,07/07/2026 10:00 AM ET,"1331 PEBBLE RIDGE LN WEST PALM BEACH, FL- 33411","$67,722.02",,"$67,722.02",00424407010000190
2026-06-01T02:52:09,NEW,502025CA007261XXXAMB,07/07/2026 10:00 AM ET,"300 S AUSTRALIAN AVE 611 WEST PALM BEACH, FL- 33401","$40,620.77",,"$40,620.77",74434321260000611
2026-06-01T02:52:09,NEW,502025CA007679XXXAMB,07/07/2026 10:00 AM ET,"1754 PIERSIDE CIR WELLINGTON, FL- 33414","$15,840.23",,"$15,840.23",73414410260000190
2026-06-01T02:52:09,NEW,502024CA006899XXXAMB,07/08/2026 10:00 AM ET,"934 PASEO CASTALLA WEST PALM BEACH, FL- 33405","$357,353.34",,"$357,353.34",74434333060050071
2026-06-01T02:52:09,NEW,502025CA000927XXXAMB,07/08/2026 10:00 AM ET,"127 W BLUE HERON BLVD RIVIERA BEACH, FL- 33404","$1,388,895.72",,"$1,388,895.72",56434228140090150
2026-06-01T02:52:09,NEW,502025CA001709XXXAMB,07/09/2026 10:00 AM ET,"3664 ALDER DR F1 WEST PALM BEACH, FL- 33417","$250,630.97",,"$250,630.97",00424313121230061
2026-06-01T02:52:09,NEW,502025CA002811XXXAMB,07/09/2026 10:00 AM ET,"2820 TENNIS CLUB DR 205 WEST PALM BEACH, FL- 33417","$27,226.32",,"$27,226.32",00424324160012080
2026-06-01T02:52:09,NEW,502025CA005722XXXAMB,07/09/2026 10:00 AM ET,"207 ANHINGA LN JUPITER, FL- 33458","$89,502.30",,"$89,261.70",30424115020000130
2026-06-01T02:52:09,NEW,502025CA008552XXXAMB,07/09/2026 10:00 AM ET,"3997 ISLAND CLUB DR LAKE WORTH, FL- 33462","$297,029.17",,"$297,029.17",00434439020000390
2026-06-01T02:52:09,NEW,502023CA013986XXXAMB,07/13/2026 10:00 AM ET,"90 SOUTH BLVD 1D BOYNTON BEACH, FL- 33435","$476,249.70",,"$56,506.92",Property
2026-06-01T02:52:09,NEW,502024CA003222XXXAMB,07/13/2026 10:00 AM ET,"1015 NE 3RD ST BELLE GLADE, FL- 33430","$207,254.40",,"$207,254.40",04374332160000060
2026-06-01T02:52:09,NEW,502025CA007181XXXAMB,07/13/2026 10:00 AM ET,"625 FLANDERS N DELRAY BEACH, FL- 33484","$157,472.43",,"$157,472.43",00424622100146250
2026-06-01T02:52:09,NEW,502025CA011335XXXAMB,07/13/2026 10:00 AM ET,"250 NW 39TH ST BOCA RATON, FL- 33431","$259,117.26",,"$259,117.26",06434708020000040
2026-06-01T02:52:09,NEW,502023CA000502XXXXMB,07/14/2026 10:00 AM ET,"14772 ORANGE BLVD LOXAHATCHEE, FL- 33470","$689,258.82",,"$689,258.82",00414232000003080
2026-06-01T02:52:09,NEW,502025CA002930XXXAMB,07/15/2026 10:00 AM ET,"638 SHORE DR BOYNTON BEACH, FL- 33435","$525,922.67",,"$525,922.67",08434522060000610
2026-06-01T02:52:09,NEW,502025CA008794XXXAMB,07/15/2026 10:00 AM ET,"10960 STAFFORD CIR S BOYNTON BEACH, FL- 33436","$14,135.77",,"$14,135.77",00424525110001040
2026-06-01T02:52:09,NEW,502025CA009605XXXAMB,07/15/2026 10:00 AM ET,"14596 BELMONT TRCE WELLINGTON, FL- 33414","$5,329,240.26",,"$5,329,240.26",73414417010720010
2026-06-01T02:52:09,NEW,502023CA002098XXXXMB,07/16/2026 10:00 AM ET,"114 SEACREST CT BOYNTON BEACH, FL- 33435","$271,107.56",,"$271,107.56",08434521030120090
2026-06-01T02:52:09,NEW,502025CA005911XXXAMB,07/16/2026 10:00 AM ET,"1773 OCALA RD NORTH PALM BEACH, FL- 33408","$521,917.33",,"$521,917.33",00434132070001100
2026-06-01T02:52:09,NEW,502023CA014855XXXAMB,07/20/2026 10:00 AM ET,"4804 WATERVIEW CIR PALM SPRINGS, FL- 33461","$249,110.43","$255,294.00","$249,110.43",70434419240000484
2026-06-01T02:52:09,NEW,502024CA001029XXXAMB,07/20/2026 10:00 AM ET,"1408 LAKE BASS DRIVE LAKE WORTH, FL- 33461","$295,863.53",,"$295,863.53",Property
2026-06-01T02:52:09,NEW,502025CA005012XXXAMB,07/20/2026 10:00 AM ET,"1630 EMBASSY DR 204 WEST PALM BEACH, FL- 33401","$9,900.46",,"$9,900.46",74434317160002040
2026-06-01T02:52:09,NEW,502025CA007102XXXAMB,07/20/2026 10:00 AM ET,"857 WANDERING WILLOW WAY LOXAHATCHEE, FL- 33470","$795,299.59",,"$795,299.59",00404328020002780
2026-06-01T02:52:09,NEW,502025CA011154XXXAMB,07/20/2026 10:00 AM ET,"6486 BRAVA WAY BOCA RATON, FL- 33433","$325,897.97",,"$325,897.97",00424734220000120
2026-06-01T02:52:09,NEW,502025CA013104XXXAMB,07/20/2026 10:00 AM ET,"16198 SEA TURTLE PL WESTLAKE, FL- 33470","$684,862.74",,"$684,862.74",77404312140001660
2026-06-01T02:52:09,NEW,502025CA004575XXXAMB,07/22/2026 10:00 AM ET,"7791 BRIDLINGTON DR BOYNTON BEACH, FL- 33472","$30,250.79",,Hidden,00424516070000650
2026-06-01T02:52:09,NEW,502025CA009871XXXAMB,07/22/2026 10:00 AM ET,"608 SE 2ND AVE DELRAY BEACH, FL- 33483","$751,576.32",,"$751,576.32",12434621010070390
2026-06-01T02:52:09,NEW,502025CA010811XXXAMB,07/22/2026 10:00 AM ET,"6198 RIVERWALK LN 1 JUPITER, FL- 33458","$69,388.67",,"$69,388.67",30424103200430010
2026-06-01T02:52:09,NEW,502025CA004084XXXAMB,07/23/2026 10:00 AM ET,"6461 NW 2ND AVE 4110 BOCA RATON, FL- 33487","$186,804.08",,"$186,804.08",06434705140004110
2026-06-01T02:52:09,NEW,502025CA008521XXXAMB,07/23/2026 10:00 AM ET,"10150 YEOMAN LN ROYAL PALM BEACH, FL- 33411","$151,207.01",,"$151,207.01",72414325060004950
2026-06-01T02:52:09,NEW,502025CC020000XXXAMB,07/24/2026 10:00 AM ET,"1015 GREEN PINE BLVD F1 WEST PALM BEACH, FL- 33409","$20,340.65",,"$20,340.65",74424313080150061
2026-06-01T02:52:09,NEW,502024CA007243XXXAMB,07/27/2026 10:00 AM ET,"506 W 1ST ST RIVIERA BEACH, FL- 33404","$244,646.71",,"$244,646.71",56434233110002110
2026-06-01T02:52:09,NEW,502025CA001820XXXAMB,07/27/2026 10:00 AM ET,"402 NE 10TH TER BOCA RATON, FL- 33432","$360,876.01",,"$360,876.01",Property
2026-06-01T02:52:09,NEW,502026CA000685XXXAMB,07/27/2026 10:00 AM ET,"3351 N FEDERAL HWY DELRAY BEACH, FL- 33483","$993,885.33",,"$993,885.33",00434604120000170
2026-06-01T02:52:09,NEW,502023CA013439XXXAMB,07/28/2026 10:00 AM ET,"4113 ITALIA WAY LAKE WORTH, FL- 33467","$560,490.85",,"$560,490.85",00424419130000230
2026-06-01T02:52:09,NEW,502025CA001696XXXAMB,07/28/2026 10:00 AM ET,"3127 FERNWOOD DR BOYNTON BEACH, FL- 33435","$1,269,403.02",,"$1,269,403.02",08434605010090150
2026-06-01T02:52:09,NEW,502025CA011098XXXAMB,07/28/2026 10:00 AM ET,"516 OSPREY DR 15-A DELRAY BEACH, FL- 33444","$100,035.07",,"$100,035.07",12434629130030151
2026-06-01T02:52:09,NEW,502025CA010656XXXAMB,08/03/2026 10:00 AM ET,"5373 GENE CIR WEST PALM BEACH, FL- 33415","$229,110.38",,"$229,110.38",00424411210000911
2026-06-01T02:52:09,NEW,502023CA016824XXXAMB,08/04/2026 10:00 AM ET,"14813 DRAFT HORSE LN WELLINGTON, FL- 33414","$3,025,000.00",,"$3,025,000.00",73414408010350010
2026-06-01T02:52:09,NEW,502024CA008156XXXAMB,08/04/2026 10:00 AM ET,"4969 MESSANA TER LAKE WORTH, FL- 33463","$291,584.97",,"$291,584.97",00424501030001350
2026-06-01T02:52:09,NEW,502025CA010357XXXAMB,08/04/2026 10:00 AM ET,"421 N C ST LAKE WORTH, FL- 33460","$222,265.13",,"$222,265.13",38434421151300110
2026-06-01T02:52:09,NEW,502025CA012169XXXAMB,08/04/2026 10:00 AM ET,"318 SW 9TH ST DELRAY BEACH, FL- 33444","$122,195.44",,"$122,195.44",12434620090020020
2026-06-01T02:52:09,NEW,502025CC014766XXXAMB,08/04/2026 10:00 AM ET,"6162 BAY ISLES DR BOYNTON BEACH, FL- 33437","$13,917.41",,"$13,917.41",00424603020001090
2026-06-01T02:52:09,NEW,502026CA000664XXXAMB,08/04/2026 10:00 AM ET,"3001 LINTON BLVD # C-105 DELRAY BEACH, FL- 33445","$13,381.25",,"$13,381.25",Property
2026-06-01T02:52:09,NEW,502025CA003741XXXAMB,08/06/2026 10:00 AM ET,"3950 FIELDVIEW WAY WELLINGTON, FL- 33414","$2,221,772.34",,"$2,221,772.34",73414421040000510
2026-06-01T02:52:09,NEW,502025CA005726XXXAMB,08/06/2026 10:00 AM ET,"1261 W 3RD ST RIVIERA BEACH, FL- 33404","$54,454.12",,"$54,454.12",56434232090007160
2026-06-01T02:52:09,NEW,502025CA008442XXXAMB,08/06/2026 10:00 AM ET,"18020 46TH COURT NORTH LOXAHATCHEE, FL- 33470","$331,131.02",,"$331,131.02",Property
2026-06-01T02:52:09,NEW,502025CA010694XXXAMB,08/06/2026 10:00 AM ET,"17269 71ST LN N LOXAHATCHEE, FL- 33470","$641,913.48",,"$641,913.48",00404226000005610
2026-06-01T02:52:09,NEW,502024CC010024XXXAMB,08/10/2026 10:00 AM ET,"902 S SEACREST BLVD BOYNTON BEACH, FL- 33435","$39,005.00",,"$687,541.07",MULTIPLE
2026-06-01T02:52:09,NEW,502025CA005366XXXAMB,08/10/2026 10:00 AM ET,"760 E OCEAN AVE 203 BOYNTON BEACH, FL- 33435","$277,553.67",,"$277,553.67",08434527450032030
2026-06-01T02:52:09,NEW,502025CA000103XXXAMB,08/12/2026 10:00 AM ET,"5196 PALM RIDGE BLVD DELRAY BEACH, FL- 33484","$353,649.37",,"$353,649.37",00424611020001240
2026-06-01T02:52:09,NEW,502024CA009569XXXAMB,08/17/2026 10:00 AM ET,"17928 36TH CT N LOXAHATCHEE, FL- 33470","$654,381.77",,"$654,381.77",00404314000004060
2026-06-01T02:52:09,NEW,502025CA001761XXXAMB,08/17/2026 10:00 AM ET,"6113 GREENSPOINTE DR BOYNTON BEACH, FL- 33437","$90,779.37",,"$90,779.37",00424534180000100
2026-06-01T02:52:09,NEW,502025CA011004XXXAMB,08/17/2026 10:00 AM ET,"56 SW 15TH COURT BOCA RATON, FL- 33486","$84,313.32",,"$84,313.32",Property
2026-06-01T02:52:09,NEW,502025CA011510XXXAMB,08/17/2026 10:00 AM ET,"703 LOCHWICK TER PALM BEACH GARDENS, FL- LF 33418","$13,666.37",,"$13,666.37",52424210100030110
2026-06-01T02:52:09,NEW,502025CC016197XXXAMB,08/17/2026 10:00 AM ET,"343 CAPRI H DELRAY BEACH, FL- 33484","$15,320.86",,"$15,320.86",00424623060083430
2026-06-01T02:52:09,NEW,502025CA000608XXXAMB,08/18/2026 10:00 AM ET,"11894 DUNBAR CT PALM BEACH GARDENS, FL- 33412","$1,183,632.85",,"$1,183,632.85",52414214070000160
2026-06-01T02:52:09,NEW,502025CA005500XXXAMB,08/18/2026 10:00 AM ET,"147 KINGS WAY ROYAL PALM BEACH, FL- 33411","$263,852.18",,"$263,852.18",72414327110030180
2026-06-01T02:52:09,NEW,502025CC016491XXXAMB,08/18/2026 10:00 AM ET,"2566 S GARDEN DR 209 LAKE WORTH, FL- 33461","$40,574.01",,"$40,574.01",00434417380002090
2026-06-01T02:52:09,NEW,502026CC002599XXXAMB,08/19/2026 10:00 AM ET,"2315 DOCK ST WEST PALM BEACH, FL- 33401","$22,304.36",,"$22,304.36",Property
2026-06-01T02:52:09,NEW,502025CA008124XXXAMB,08/20/2026 10:00 AM ET,"87 PHEASANT RUN BLVD WEST PALM BEACH, FL- 33415","$354,151.21",,"$354,151.21",00424402310001090
2026-06-01T02:52:09,NEW,502025CA012662XXXAMB,08/20/2026 10:00 AM ET,"13052 COMPTON RD LOXAHATCHEE, FL- 33470","$917,051.29",,"$917,051.29",Property
2026-06-01T02:52:09,NEW,502025CA000861XXXAMB,08/24/2026 10:00 AM ET,"618 GARDENIA TER DELRAY BEACH, FL- 33444","$532,655.84",,"$532,655.84",12434608190010080
2026-06-01T02:52:09,NEW,502025CA004424XXXAMB,08/24/2026 10:00 AM ET,"9393 CASCADE CT BOYNTON BEACH, FL- 33437","$434,692.96",,"$434,692.96",00424522110000390
2026-06-01T02:52:09,NEW,502025CA002931XXXAMB,08/26/2026 10:00 AM ET,"22261 FESTIVAL WAY BOCA RATON, FL- 33428","$416,095.83",,"$416,095.83",00414725170000420
2026-06-01T02:52:09,NEW,502025CA008509XXXAMB,08/26/2026 10:00 AM ET,"16298 90TH ST N LOXAHATCHEE, FL- 33470","$582,791.10",,"$582,791.10",00404213000006120
2026-06-01T02:52:09,NEW,502025CA009596XXXAMB,09/03/2026 10:00 AM ET,"6606 WINDMILL WAY GREENACRES, FL- 33413","$68,673.81",,"$68,673.81",18424403090000820
2026-06-01T02:52:09,NEW,502025CA009790XXXAMB,09/03/2026 10:00 AM ET,"1610 S PALMWAY LAKE WORTH, FL- 33460","$570,591.28",,"$570,591.28",38434427010910040
2026-06-01T02:52:09,NEW,502025CA009901XXXAMB,09/03/2026 10:00 AM ET,"1014 VIA JARDIN RIVIERA BEACH, FL- 33418","$214,550.01",,"$214,550.01",56424225230001290
2026-06-01T02:52:09,NEW,502025CA010805XXXAMB,09/03/2026 10:00 AM ET,"128 SEVILLA AVE ROYAL PALM BEACH, FL- 33411","$505,315.06",,"$505,315.06",72414314030100230
2026-06-01T02:52:09,NEW,502025CA012845XXXAMB,09/03/2026 10:00 AM ET,"17695 HAYNIE LN JUPITER, FL- 33478","$350,351.27",,"$350,351.27",00414102000003490
2026-06-01T02:52:09,NEW,502025CA001782XXXAMB,09/08/2026 10:00 AM ET,"2513 NW 4TH CT BOYNTON BEACH, FL- 33426","$194,133.00",,"$194,133.00",08434516370190070
2026-06-01T02:52:09,NEW,502025CA010082XXXAMB,09/08/2026 10:00 AM ET,"13651 EXOTICA LN WELLINGTON, FL- 33414","$367,313.92",,"$367,313.92",73414404010480010
2026-06-01T02:52:09,NEW,502024CA009238XXXAMB,09/16/2026 10:00 AM ET,"291 GUAVA AVE WEST PALM BEACH, FL- 33413","$366,425.45",,"$366,425.45",00424335100130120
2026-06-01T02:52:09,NEW,502025CA003966XXXAMB,09/22/2026 10:00 AM ET,"1080 STERLING PINE PLACE LOXAHATCHEE, FL- 33470","$807,448.10",,"$807,448.10",Property
2026-06-01T02:52:09,NEW,502025CA008289XXXAMB,09/28/2026 10:00 AM ET,"1880 GULFSTREAM WAY WEST PALM BEACH, FL- 33411","$680,736.59",,"$680,736.59",00424330060000160
2026-06-01T02:52:09,NEW,502025CA013449XXXAMB,09/28/2026 10:00 AM ET,"5863 AZALEA CIR WEST PALM BEACH, FL- 33415","$183,980.59",,"$183,980.59",00424411360001300
2026-06-01T02:52:09,NEW,502025CA010966XXXAMB,10/15/2026 10:00 AM ET,"821 SW 4TH AVE DELRAY BEACH, FL- 33444","$806,180.48",,"$806,180.48",12434620010110040
2026-06-01T02:52:09,NEW,502025CA005176XXXAMB,11/04/2026 10:00 AM ET,"726 NE 20TH LN BOYNTON BEACH, FL- 33435","$652,864.18",,"$652,864.18",08434515110050010
2026-06-02T02:52:01,NEW,502025CA010355XXXAMB,06/29/2026 10:00 AM ET,"2400 PRESIDENTIAL WAY 1502 WEST PALM BEACH, FL- 33401","$46,154.27",,"$46,154.27",74434317100011502
2026-06-02T02:52:01,NEW,502026CC000192XXXAMB,06/29/2026 10:00 AM ET,"2855 S GARDEN DR 307 LAKE WORTH, FL- 33461","$39,954.12",,"$39,954.12",00434417480003070
2026-06-02T02:52:01,NEW,502025CA001846XXXAMB,07/06/2026 10:00 AM ET,"11656 154TH RD N JUPITER, FL- 33478","$247,583.84",,"$247,583.84",00414114000007300
2026-06-02T02:52:01,NEW,502025CA008080XXXAMB,07/13/2026 10:00 AM ET,"7566 LAKE PLACID CT LAKE WORTH, FL- 33467","$262,273.78",,"$262,273.78",00424509120001110
2026-06-02T02:52:01,NEW,502026CC000793XXXAMB,07/15/2026 10:00 AM ET,"6146 BLUEGRASS CIR LAKE WORTH, FL- 33463","$6,380.24",,"$6,380.24",00424434210004020
2026-06-02T02:52:01,NEW,502025CA003372XXXAMB,07/28/2026 10:00 AM ET,"10058 UMBERLAND PL BOCA RATON, FL- 33428","$585,817.04",,"$585,817.04",00414725190000990
2026-06-02T02:52:01,NEW,502025CA008013XXXAMB,08/24/2026 10:00 AM ET,"1034 GROVE PARK CIR BOYNTON BEACH, FL- 33436","$661,683.41",,"$661,683.41",08424512260000520
2026-06-02T02:52:01,NEW,502023CA008578XXXXMB,08/26/2026 10:00 AM ET,"300 OCEAN TRAIL WAY 103 JUPITER, FL- 33477","$445,376.63",,"$445,376.63",30434105120030103
2026-06-02T02:52:01,NEW,502025CA008660XXXAMB,09/17/2026 10:00 AM ET,"5260 BOSQUE LN 17 WEST PALM BEACH, FL- 33415","$32,424.32",,"$32,424.32",00424402120050011
2026-06-02T02:52:01,CLOSED,502022CA005253XXXXMB,06/01/2026 10:00 AM ET,"1571 NW 20TH AVE 104 DELRAY BEACH, FL- 33445","$400,182.49",,"$400,182.49",12434607050641040
2026-06-02T02:52:01,CLOSED,502023CA010360XXXXMB,06/01/2026 10:00 AM ET,"6896 140TH AVE N WEST PALM BEACH, FL- 33412","$215,269.77",,"$241,290.86",00414233000003200
2026-06-02T02:52:01,CLOSED,502025CA013082XXXAMB,07/06/2026 10:00 AM ET,"9052 GULF RUN WAY C9 LAKE WORTH, FL- 33467","$21,051.38",,"$21,051.38",00424430140030090
2026-06-03T02:51:53,NEW,502025CA003364XXXAMB,07/13/2026 10:00 AM ET,"169 SEVILLE H DELRAY BEACH, FL- 33446",$0.00,,"$191,980.68",Property
2026-06-03T02:51:53,NEW,502024CC017325XXXAMB,07/28/2026 10:00 AM ET,"3127 FERNWOOD DR BOYNTON BEACH, FL- 33435","$41,010.40",,"$1,269,403.02",Property
2026-06-03T02:51:53,CLOSED,502025CA004914XXXAMB,06/02/2026 10:00 AM ET,"194 MASTIC TREE CT ROYAL PALM BEACH, FL- 33411","$21,901.14",,Hidden,72414326210001940
2026-06-03T02:51:53,CLOSED,502024CA005195XXXAMB,06/03/2026 10:00 AM ET,"2696 FLAMANGO LAKE DR WEST PALM BEACH, FL- 33406","$221,297.48",,Hidden,00434405190000170
2026-06-03T02:51:53,CLOSED,502025CA001696XXXAMB,07/28/2026 10:00 AM ET,"3127 FERNWOOD DR BOYNTON BEACH, FL- 33435","$1,269,403.02",,"$1,269,403.02",08434605010090150
2026-06-04T02:51:46,NEW,502025CC010545XXXAMB,06/25/2026 10:00 AM ET,"2669 S GARDEN DR 409 LAKE WORTH, FL- 33461","$35,944.86",,"$35,944.86",00434417520004090
2026-06-04T02:51:46,NEW,502025CC020210XXXAMB,07/01/2026 10:00 AM ET,"2991 S GARDEN DR 106 LAKE WORTH, FL- 33461","$28,788.48",,"$28,788.48",00434417530001060
2026-06-04T02:51:46,NEW,502025CA010955XXXAMB,08/17/2026 10:00 AM ET,"56 SW 15TH COURT BOCA RATON, FL- 33486","$52,930.18",,"$84,313.32",Property
2026-06-04T02:51:46,CLOSED,502025CA007649XXXAMB,06/03/2026 10:00 AM ET,"4005 ROCKS POINT PL RIVIERA BEACH, FL- 33407","$17,692.22",,"$17,824.47",56424236360001130
2026-06-04T02:51:46,CLOSED,502025CA011004XXXAMB,08/17/2026 10:00 AM ET,"56 SW 15TH COURT BOCA RATON, FL- 33486","$84,313.32",,"$84,313.32",Property
2026-06-05T02:51:38,NEW,502025CA010794XXXAMB,06/10/2026 10:00 AM ET,"341 FANSHAW I BOCA RATON, FL- 33434","$13,993.78",,"$13,993.78",00424708050093410
2026-06-05T02:51:38,NEW,502025CA012148XXXAMB,07/07/2026 10:00 AM ET,"112 S ELM AVE PAHOKEE, FL- 33476","$120,282.47","$112,911.00","$120,282.47",48374217040000080
2026-06-05T02:51:38,NEW,502025CC014823XXXASB,07/13/2026 10:00 AM ET,"4340 LILAC STREET # A PALM BEACH GARDENS, FL- 33410","$23,617.03",,"$23,617.03",Property
2026-06-05T02:51:38,NEW,502025CA001696XXXAMB,07/28/2026 10:00 AM ET,"3127 FERNWOOD DR BOYNTON BEACH, FL- 33435","$1,269,403.02",,"$1,269,403.02",08434605010090150
2026-06-05T02:51:38,NEW,502024CC011528XXXAMB,08/03/2026 10:00 AM ET,"4490 ISLAND REEF DR WELLINGTON, FL- 33449","$18,415.59",,"$18,415.59",73414426050001610
2026-06-05T02:51:38,NEW,502025CA012666XXXAMB,08/03/2026 10:00 AM ET,"3001 LINTON BLVD # 105C DELRAY BEACH, FL- 33445","$153,271.55",,"$153,271.55",Property
2026-06-05T02:51:38,NEW,502025CA011004XXXAMB,08/17/2026 10:00 AM ET,"56 SW 15TH COURT BOCA RATON, FL- 33486","$84,313.32",,"$84,313.32",Property
2026-06-05T02:51:38,CLOSED,502025CA012355XXXAMB,06/08/2026 10:00 AM ET,"1064 SIENA OAKS CIR E PALM BEACH GARDENS, FL- 33410","$285,042.80",,"$285,042.80",52434207280000640
2026-06-05T02:51:38,CLOSED,502025CA008801XXXAMB,06/10/2026 10:00 AM ET,"750 EGRET CIR 6511 DELRAY BEACH, FL- 33444","$3,468.40",,"$3,468.40",12434629160066511
2026-06-05T02:51:38,CLOSED,502025CA006006XXXAMB,06/11/2026 10:00 AM ET,"755 DATE PALM DR LAKE PARK, FL- 33403","$363,414.36",,"$363,414.36",36434220010550250
2026-06-05T02:51:38,CLOSED,502025CC011192XXXAMB,06/23/2026 10:00 AM ET,"3003 S CONGRESS AVE 2A PALM SPRINGS, FL- 33461","$60,643.29","$244,819.00","$60,643.29",70434418230000021
2026-06-05T02:51:38,CLOSED,502025CA003364XXXAMB,07/13/2026 10:00 AM ET,"8311 WATERWAY DR LAKE CLARKE SHORES, FL- 33406",$0.00,,$0.00,34434417180000120
2026-06-08T02:51:45,NEW,502025CC017794XXXASB,08/31/2026 10:00 AM ET,"403 4TH LN GREENACRES, FL- 33463","$21,704.63",,"$21,704.63",18424426080000071
2026-06-08T02:51:45,CLOSED,502025CA001565XXXAMB,06/08/2026 10:00 AM ET,"178 JONES CREEK DR JUPITER, FL- 33458","$434,334.26",,"$434,334.26",30424111230000330
2026-06-08T02:51:45,CLOSED,502025CA007657XXXAMB,06/09/2026 10:00 AM ET,"769 DAFFODIL DR WELLINGTON, FL- 33414","$278,250.56",,"$278,250.56",73414404010050150
2026-06-09T02:51:37,NEW,502025CA010919XXXAMB,06/10/2026 10:00 AM ET,"23345 CAROLWOOD LANE # 6302 BOCA RATON, FL- 33428","$28,957.32",,"$28,957.32",Property
2026-06-09T02:51:37,NEW,502025CA008015XXXAMB,07/15/2026 10:00 AM ET,"918 TURNER RD DELRAY BEACH, FL- 33483","$801,886.91",,"$801,886.91",00434604180000790
2026-06-09T02:51:37,NEW,502026CA000789XXXAMB,07/20/2026 10:00 AM ET,"2504 BRIDGEWOOD DR BOCA RATON, FL- 33434","$34,109.45",,"$34,109.45",00424716040012504
2026-06-09T02:51:37,NEW,502026CC005362XXXASB,07/20/2026 10:00 AM ET,"2944 CROTON LN WEST PALM BEACH, FL- 33403","$15,245.38",,"$15,245.38",00434217020050020
2026-06-09T02:51:37,CLOSED,502023CA013385XXXAMB,06/08/2026 10:00 AM ET,"301 SW 9TH AVE BOYNTON BEACH, FL- 33435","$511,697.44",,Hidden,08434528220080450
2026-06-09T02:51:37,CLOSED,502025CA000429XXXAMB,06/08/2026 10:00 AM ET,"5235 EUROPA DR M BOYNTON BEACH, FL- 33437","$18,241.94",,"$18,241.94",00424523140001613
2026-06-09T02:51:37,CLOSED,502025CA000657XXXAMB,06/08/2026 10:00 AM ET,"711 12TH AVENUE NORTH LAKE WORTH BEACH, FL- 33460","$484,389.97",,"$487,190.19",Property
2026-06-09T02:51:37,CLOSED,502025CA003819XXXAMB,06/08/2026 10:00 AM ET,"3155 NW 9TH ST DELRAY BEACH, FL- 33445","$209,600.59",,Hidden,12434607150090040
2026-06-09T02:51:37,CLOSED,502025CA007853XXXAMB,06/08/2026 10:00 AM ET,"401 4TH TERRACE PALM BEACH GARDENS, FL- 33418-3603","$380,801.40",,"$320,000.00",Property
2026-06-09T02:51:37,CLOSED,502025CA011836XXXAMB,06/08/2026 10:00 AM ET,"15484 LAKES OF DELRAY BLVD 206 DELRAY BEACH, FL- 33484","$17,057.81",,"$17,672.17",00424623280012060
2026-06-09T02:51:37,CLOSED,502025CC017204XXXAMB,06/08/2026 10:00 AM ET,"866 NW 25TH AVE DELRAY BEACH, FL- 33445","$19,038.18",,"$19,038.18",12434607030040090
2026-06-09T02:51:37,CLOSED,502026CC000961XXXAWB,06/08/2026 10:00 AM ET,"4550 NW 4TH ST B DELRAY BEACH, FL- 33445","$15,010.17","$120,463.00","$15,010.17",12424613110860020
2026-06-09T02:51:37,CLOSED,502025CA007916XXXAMB,06/10/2026 10:00 AM ET,"7518 ACE RD S LAKE WORTH, FL- 33467","$9,433.44",,"$9,433.44",00424421090030100
2026-06-10T02:51:46,NEW,502025CA011139XXXAMB,06/10/2026 10:00 AM ET,"4123 MISSION BELL DR BOYNTON BEACH, FL- 33436","$186,403.37",,"$110,000.00",00424524080050120
2026-06-10T02:51:46,NEW,502025CA011585XXXAMB,06/10/2026 10:00 AM ET,"5380 CEDAR LAKE DR 302 BOYNTON BEACH, FL- 33437","$9,174.84",,"$9,174.84",00424526090293020
2026-06-10T02:51:46,NEW,502025CA011615XXXAMB,06/10/2026 10:00 AM ET,"354 MANSFIELD I BOCA RATON, FL- 33434","$13,012.68",,"$13,012.68",00424708100093540
2026-06-10T02:51:46,NEW,502025CA012128XXXAMB,06/10/2026 10:00 AM ET,"9481 VERONA LAKES BLVD BOYNTON BEACH, FL- 33472","$16,568.82",,Hidden,00424518050001110
2026-06-10T02:51:46,NEW,502025CC020920XXXAMB,07/08/2026 10:00 AM ET,"1820 NEW PALM WAY 405 BOYNTON BEACH, FL- 33435","$14,936.12",,"$14,936.12",08434515090014050
2026-06-10T02:51:46,NEW,502025CA000736XXXAMB,07/20/2026 10:00 AM ET,"647 EDGEBROOK LN WEST PALM BEACH, FL- 33411","$1,283,164.92",,"$1,283,164.92",00424405080000780
2026-06-10T02:51:46,NEW,502024CA002272XXXAMB,08/03/2026 10:00 AM ET,"22035 SW 58TH AVE BOCA RATON, FL- 33428","$301,908.75",,"$301,908.75",00424730060220490
2026-06-10T02:51:46,NEW,502026CA002768XXXAMB,08/03/2026 10:00 AM ET,"10240 BOCA BND W I1 BOCA RATON, FL- 33428",$0.00,,$0.00,00414725120000420
2026-06-10T02:51:46,NEW,502016CA003862XXXXMB,09/02/2026 10:00 AM ET,"12689 57TH ROAD NORTH ROYAL PALM BEACH, FL- 33411","$403,991.06",,"$403,991.06",Property
2026-06-10T02:51:46,NEW,502026CA000125XXXAMB,09/30/2026 10:00 AM ET,"5976 WHIRLAWAY RD PALM BEACH GARDENS, FL- 33418","$19,422.06",,"$19,422.06",52424223040010100
2026-06-10T02:51:46,CLOSED,502023CA001559XXXXMB,06/09/2026 10:00 AM ET,"9902 WARNER LN WELLINGTON, FL- 33414","$744,350.90",,Hidden,73424407030004650
2026-06-10T02:51:46,CLOSED,502024CA005741XXXAMB,06/09/2026 10:00 AM ET,"285 TUSCANY E DELRAY BEACH, FL- 33446","$234,990.56",,"$234,990.56",00424622050042850
2026-06-10T02:51:46,CLOSED,502025CA001875XXXAMB,06/09/2026 10:00 AM ET,"5800 FERNLEY DR W 53 WEST PALM BEACH, FL- 33415","$144,640.16",,Hidden,00424414560000530
2026-06-10T02:51:46,CLOSED,502025CA001925XXXAMB,06/09/2026 10:00 AM ET,"5600 N FLAGLER DR 2703 WEST PALM BEACH, FL- 33407","$99,049.51",,"$107,553.75",74434304250012703
2026-06-10T02:51:46,CLOSED,502025CA005825XXXAMB,06/09/2026 10:00 AM ET,"11889 OSPREY POINTE CIR WELLINGTON, FL- 33449","$669,471.79",,"$694,099.84",73414426040000360
2026-06-10T02:51:46,CLOSED,502025CA007691XXXAMB,06/09/2026 10:00 AM ET,"505 SPENCER DR 307 WEST PALM BEACH, FL- 33409","$46,097.31",,"$46,097.31",74434319140003070
2026-06-10T02:51:46,CLOSED,502025CA008769XXXAMB,06/09/2026 10:00 AM ET,"7032 CHESAPEAKE CIR BOYNTON BEACH, FL- 33436","$557,828.50",,"$344,300.00",08434507170002830
2026-06-10T02:51:46,CLOSED,502025CA010701XXXAMB,06/09/2026 10:00 AM ET,"9436 LAGO DR BOYNTON BEACH, FL- 33472","$70,592.05",,Hidden,00424518050000320
2026-06-10T02:51:46,CLOSED,502025CC016066XXXASB,06/09/2026 10:00 AM ET,"4801 CHANTILLY RD LAKE WORTH BEACH, FL- 33467","$15,877.02","$550,296.00","$15,877.02",00424429200000110
2026-06-10T02:51:46,CLOSED,502024CA010909XXXAMB,06/10/2026 10:00 AM ET,"500 EGRET CIR 8308 DELRAY BEACH, FL- 33444","$25,375.27",,"$25,375.27",12434629160088308
2026-06-10T02:51:46,CLOSED,502024CA011064XXXAMB,06/10/2026 10:00 AM ET,"1585 W 36TH ST RIVIERA BEACH, FL- 33404","$60,838.34",,"$60,838.34",56434229020060010
2026-06-10T02:51:46,CLOSED,502024CA011410XXXAMB,06/10/2026 10:00 AM ET,"196 BANDOL ST RIVIERA BEACH, FL- 33404","$8,589.51",,"$9,158.66",56434228700000010
2026-06-10T02:51:46,CLOSED,502025CA008750XXXAMB,06/10/2026 10:00 AM ET,"90 SOUTH BLVD 1D BOYNTON BEACH, FL- 33435","$75,404.09",,"$75,404.09",08434533150900040
2026-06-10T02:51:46,CLOSED,502025CA005317XXXAMB,06/11/2026 10:00 AM ET,"4414 HEMLOCK DR RIVIERA BEACH, FL- 33410","$340,587.12",,"$340,587.12",56424225440000270
2026-06-11T02:51:45,NEW,502024CA009440XXXAMB,06/11/2026 10:00 AM ET,"7830 STIRLING BRIDGE BLVD S DELRAY BEACH, FL- 33446","$701,495.98",,"$635,000.00",00424616190001090
2026-06-11T02:51:45,NEW,502025CA013082XXXAMB,07/06/2026 10:00 AM ET,"9052 GULF RUN WAY C9 LAKE WORTH, FL- 33467","$21,051.38",,"$21,051.38",00424430140030090
2026-06-11T02:51:45,NEW,502025CA001613XXXAMB,07/20/2026 10:00 AM ET,"12373 EQUINE LN WELLINGTON, FL- 33414","$716,876.00",,"$716,876.00",73414422010000840
2026-06-11T02:51:45,NEW,502025CC016313XXXAMB,07/22/2026 10:00 AM ET,"247 PIEDMONT F DELRAY BEACH, FL- 33484","$23,849.64",,"$23,849.64",00424622170062470
2026-06-11T02:51:45,NEW,502026CC000292XXXAMB,07/22/2026 10:00 AM ET,"455 FLANDERS J DELRAY BEACH, FL- 33484","$24,270.25",,"$24,270.25",00424622100104550
2026-06-11T02:51:45,NEW,502025CC004359XXXAMB,07/30/2026 10:00 AM ET,"945 NW 29TH AVE C DELRAY BEACH, FL- 33445","$14,871.87",,"$14,871.87",12434607040340030
2026-06-11T02:51:45,NEW,502024CA009270XXXAMB,08/03/2026 10:00 AM ET,"950 EGRET CIR 5507 DELRAY BEACH, FL- 33444","$27,810.56",,"$27,810.56",12434629160055507
2026-06-11T02:51:45,NEW,502025CA008750XXXAMB,08/03/2026 10:00 AM ET,"90 SOUTH BLVD 1D BOYNTON BEACH, FL- 33435","$75,404.09",,"$75,404.09",08434533150900040
2026-06-11T02:51:45,NEW,502025CA007670XXXAMB,09/08/2026 10:00 AM ET,"13651 EXOTICA LN WELLINGTON, FL- 33414","$30,450.48",,"$367,313.92",Property
2026-06-11T02:51:45,CLOSED,502024CC000801XXXAMB,06/10/2026 10:00 AM ET,"9413 BOCA GARDENS CIR S B BOCA RATON, FL- 33496","$42,659.47",,"$46,207.64",00424706050970020
2026-06-11T02:51:45,CLOSED,502025CA000738XXXAMB,06/10/2026 10:00 AM ET,"4187 N HAVERHILL RD UNIT 506 WEST PALM BEACH, FL- 33417","$19,686.19",,"$20,202.49",74424311060055060
2026-06-11T02:51:45,CLOSED,502025CA009239XXXAMB,06/10/2026 10:00 AM ET,"4723 LUCERNE LAKES BLVD UNIT 6 LAKE WORTH, FL- 33467","$27,936.52",,"$27,936.52",00424428340006360
2026-06-11T02:51:45,CLOSED,502025CA009849XXXAMB,06/10/2026 10:00 AM ET,"201 E TIFFANY DR 1 MANGONIA PARK, FL- 33407","$53,325.17",,"$53,325.17",44434305200520010
2026-06-11T02:51:45,CLOSED,502025CA010794XXXAMB,06/10/2026 10:00 AM ET,"341 FANSHAW I BOCA RATON, FL- 33434","$13,993.78",,"$13,993.78",00424708050093410
2026-06-11T02:51:45,CLOSED,502025CA010919XXXAMB,06/10/2026 10:00 AM ET,"23345 CAROLWOOD LANE # 6302 BOCA RATON, FL- 33428","$28,957.32",,"$28,957.32",Property
2026-06-11T02:51:45,CLOSED,502025CA011139XXXAMB,06/10/2026 10:00 AM ET,"4123 MISSION BELL DR BOYNTON BEACH, FL- 33436","$186,403.37",,"$110,000.00",00424524080050120
2026-06-11T02:51:45,CLOSED,502025CA011585XXXAMB,06/10/2026 10:00 AM ET,"5380 CEDAR LAKE DR 302 BOYNTON BEACH, FL- 33437","$9,174.84",,"$9,174.84",00424526090293020
2026-06-11T02:51:45,CLOSED,502025CA011615XXXAMB,06/10/2026 10:00 AM ET,"354 MANSFIELD I BOCA RATON, FL- 33434","$13,012.68",,"$13,012.68",00424708100093540
2026-06-11T02:51:45,CLOSED,502025CA012128XXXAMB,06/10/2026 10:00 AM ET,"9481 VERONA LAKES BLVD BOYNTON BEACH, FL- 33472","$16,568.82",,Hidden,00424518050001110
2026-06-11T02:51:45,CLOSED,502024CA007663XXXAMB,06/11/2026 10:00 AM ET,"7830 STIRLING BRIDGE BLVD S DELRAY BEACH, FL- 33446","$2,555,356.22",,"$635,000.00",MULTIPLE
2026-06-11T02:51:45,CLOSED,502025CA005312XXXAMB,06/15/2026 10:00 AM ET,"17194 BRULEE BREEZE WAY BOCA RATON, FL- 33496","$4,842,336.72",,"$4,876,682.74",00424631130002600
2026-06-11T02:51:45,CLOSED,502024CC012528XXXAMB,07/06/2026 10:00 AM ET,"5315 10TH FAIRWAY DR 2 DELRAY BEACH, FL- 33484","$65,335.04",,"$65,335.04",00424626140020020
2026-06-11T02:51:45,CLOSED,502025CA010082XXXAMB,09/08/2026 10:00 AM ET,"13651 EXOTICA LN WELLINGTON, FL- 33414","$367,313.92",,"$367,313.92",73414404010480010
2026-06-12T02:51:37,NEW,502024CA003826XXXAMB,07/20/2026 10:00 AM ET,"302 FORDHAM DR LAKE WORTH BEACH, FL- 33460","$1,161,529.74",,"$1,161,529.74",38434415060062990
2026-06-12T02:51:37,NEW,502025CA005312XXXAMB,07/27/2026 10:00 AM ET,"17194 BRULEE BREEZE WAY BOCA RATON, FL- 33496","$4,842,336.72",,"$4,842,336.72",00424631130002600
2026-06-12T02:51:37,NEW,502025CC020828XXXAMB,08/10/2026 10:00 AM ET,"6157 WAUCONDA WAY E LAKE WORTH, FL- 33463","$7,616.01",,"$7,616.01",00424434150002090
2026-06-12T02:51:37,NEW,502025CA005317XXXAMB,08/24/2026 10:00 AM ET,"4414 HEMLOCK DR RIVIERA BEACH, FL- 33410","$340,587.12",,"$340,587.12",56424225440000270
2026-06-12T02:51:37,NEW,502025CA008769XXXAMB,08/24/2026 10:00 AM ET,"7032 CHESAPEAKE CIR BOYNTON BEACH, FL- 33436","$557,828.50",,"$557,828.50",08434507170002830
2026-06-12T02:51:37,NEW,502025CA010082XXXAMB,09/08/2026 10:00 AM ET,"13651 EXOTICA LN WELLINGTON, FL- 33414","$367,313.92",,"$367,313.92",73414404010480010
2026-06-12T02:51:37,CLOSED,502008CA003941XXXXMB,06/11/2026 10:00 AM ET,"6424 96TH PL S BOYNTON BEACH, FL- 33437-2840","$509,634.85",,Hidden,00424522030000780
2026-06-12T02:51:37,CLOSED,502024CA009440XXXAMB,06/11/2026 10:00 AM ET,"7830 STIRLING BRIDGE BLVD S DELRAY BEACH, FL- 33446","$701,495.98",,"$635,000.00",00424616190001090
2026-06-12T02:51:37,CLOSED,502025CA003522XXXAMB,06/11/2026 10:00 AM ET,"7286 HUNTINGTON LN 204 DELRAY BEACH, FL- 33446","$392,391.44","$146,185.00","$44,188.78",Property
2026-06-12T02:51:37,CLOSED,502025CA005588XXXAMB,06/11/2026 10:00 AM ET,"828 QUARTZ TER WEST PALM BEACH, FL- 33413","$450,618.53",,"$477,200.00",00424335270000180
2026-06-12T02:51:37,CLOSED,502025CA007311XXXAMB,06/11/2026 10:00 AM ET,"327 N H ST LAKE WORTH, FL- 33460","$202,109.65",,"$151,960.00",38434421150820190
2026-06-12T02:51:37,CLOSED,502026CC005362XXXASB,07/20/2026 10:00 AM ET,"2944 CROTON LN WEST PALM BEACH, FL- 33403","$15,245.38",,"$15,245.38",00434217020050020
2026-06-15T02:51:53,NEW,502022CA006552XXXXMB,07/13/2026 10:00 AM ET,"12525 51ST CT N WEST PALM BEACH, FL- 33411","$329,862.67",,"$329,862.67",00414303000007830
2026-06-15T02:51:53,NEW,502025CA001700XXXAMB,07/13/2026 10:00 AM ET,"1459 42ND ST WEST PALM BEACH, FL- 33407","$77,610.87",,"$77,610.87",74434305010120070
2026-06-15T02:51:53,NEW,502025CA010901XXXAMB,07/15/2026 10:00 AM ET,"4075 PALM BAY CIR B WEST PALM BEACH, FL- 33406","$231,645.69",,"$231,645.69",00424401210000192
2026-06-15T02:51:53,NEW,502025CA013473XXXAMB,07/15/2026 10:00 AM ET,"510 NE 17TH ST BOCA RATON, FL- 33432","$28,984.20",,"$28,984.20",06434717080000230
2026-06-15T02:51:53,NEW,502025CC012636XXXASB,07/15/2026 10:00 AM ET,"7543 OAK GROVE CIR LAKE WORTH, FL- 33467","$18,443.85",,"$18,443.85",00424504140010200
2026-06-15T02:51:53,NEW,502025CA006589XXXAMB,07/27/2026 10:00 AM ET,"6084 WHALTON ST WEST PALM BEACH, FL- 33411","$482,046.74",,"$482,046.74",74424315110002500
2026-06-15T02:51:53,NEW,502025CA007351XXXAMB,07/27/2026 10:00 AM ET,"2636 NASSAU RD WEST PALM BEACH, FL- 33406","$14,001.45",,"$312,706.95",TIMESHARE
2026-06-15T02:51:53,NEW,502025CA009472XXXAMB,07/27/2026 10:00 AM ET,"2300 SW 19TH AVE BOYNTON BEACH, FL- 33426","$151,086.86",,"$151,086.86",08434532041110030
2026-06-15T02:51:53,NEW,502025CA011008XXXAMB,07/27/2026 10:00 AM ET,"9388 MARAND WAY WEST PALM BEACH, FL- 33403","$292,431.13",,"$292,431.13",Property
2026-06-15T02:51:53,NEW,502025CA012742XXXAMB,07/27/2026 10:00 AM ET,"8609 BOCA GLADES BLVD W A BOCA RATON, FL- 33434","$183,066.55",,"$183,066.55",00424717050463860
2026-06-15T02:51:53,NEW,502025CA013481XXXAMB,07/27/2026 10:00 AM ET,"1850 NW 18TH ST 101 DELRAY BEACH, FL- 33445","$163,149.78",,"$163,149.78",12434607050441010
2026-06-15T02:51:53,NEW,502025CA007306XXXAMB,07/28/2026 10:00 AM ET,"45 ATWELL DR WEST PALM BEACH, FL- 33411",$0.00,,$0.00,00424405110000570
2026-06-15T02:51:53,NEW,502021CA012214XXXXMB,08/10/2026 10:00 AM ET,"10075 BOYNTON PLACE CIR BOYNTON BEACH, FL- 33437","$159,957.39",,"$159,957.39",00424526250000740
2026-06-15T02:51:53,NEW,502025CA004213XXXAMB,08/10/2026 10:00 AM ET,"760 E OCEAN AVE 203 BOYNTON BEACH, FL- 33435","$164,410.98",,"$277,553.67",Property
2026-06-15T02:51:53,NEW,502025CA009251XXXAMB,09/08/2026 10:00 AM ET,"13651 EXOTICA LN WELLINGTON, FL- 33414","$18,103.31",,"$367,313.92",Property
2026-06-15T02:51:53,CLOSED,502025CA003910XXXAMB,06/15/2026 10:00 AM ET,"501 SANDPIPER WAY BOCA RATON, FL- 33431","$1,764,000.00",,"$1,764,000.00",06434708220001030
2026-06-15T02:51:53,CLOSED,502025CA004380XXXAMB,06/15/2026 10:00 AM ET,"5872 RAMBLER ROSE WAY WEST PALM BEACH, FL- 33415","$6,406.17",,"$6,406.17",00424411190070140
2026-06-15T02:51:53,CLOSED,502025CA011381XXXAMB,06/15/2026 10:00 AM ET,"1135 22ND STREET WEST PALM BEACH, FL- 33407","$233,146.10",,"$233,146.10",Property
2026-06-15T02:51:53,CLOSED,502025CC014823XXXASB,07/13/2026 10:00 AM ET,"4340 LILAC STREET # A PALM BEACH GARDENS, FL- 33410","$23,617.03",,"$23,617.03",Property
2026-06-15T02:51:53,CLOSED,502026CA000685XXXAMB,07/27/2026 10:00 AM ET,"3351 N FEDERAL HWY DELRAY BEACH, FL- 33483","$993,885.33",,"$993,885.33",00434604120000170
2026-06-15T02:51:53,CLOSED,502025CA005366XXXAMB,08/10/2026 10:00 AM ET,"760 E OCEAN AVE 203 BOYNTON BEACH, FL- 33435","$277,553.67",,"$277,553.67",08434527450032030
2026-06-15T02:51:53,CLOSED,502025CC020828XXXAMB,08/10/2026 10:00 AM ET,"6157 WAUCONDA WAY E LAKE WORTH, FL- 33463","$7,616.01",,"$7,616.01",00424434150002090
2026-06-15T02:51:53,CLOSED,502025CA010082XXXAMB,09/08/2026 10:00 AM ET,"13651 EXOTICA LN WELLINGTON, FL- 33414","$367,313.92",,"$367,313.92",73414404010480010
2026-06-16T02:51:53,NEW,502025CA010220XXXAMB,07/15/2026 10:00 AM ET,"18721 SCHOONER DR BOCA RATON, FL- 33496","$347,684.49",,"$347,684.49",00424705070160030
2026-06-16T02:51:53,NEW,502025CA011381XXXAMB,07/21/2026 10:00 AM ET,"1135 22ND ST WEST PALM BEACH, FL- 33407","$233,146.10",,"$233,146.10",Property
2026-06-16T02:51:53,NEW,502025CA005319XXXAMB,07/27/2026 10:00 AM ET,"7830 STIRLING BRIDGE BLVD S DELRAY BEACH, FL- 33446","$17,403.61",,"$17,403.61",00424616190001090
2026-06-16T02:51:53,NEW,502025CA003333XXXAMB,08/10/2026 10:00 AM ET,"902 S SEACREST BLVD BOYNTON BEACH, FL- 33435","$687,541.07",,"$687,541.07",08434528120200110
2026-06-16T02:51:53,NEW,502025CA005366XXXAMB,08/10/2026 10:00 AM ET,"760 E OCEAN AVE 203 BOYNTON BEACH, FL- 33435","$277,553.67",,"$277,553.67",08434527450032030
2026-06-16T02:51:53,NEW,502025CA007617XXXAMB,08/10/2026 10:00 AM ET,"127 PORGEE ROCK PL JUPITER, FL- 33458","$688,350.91",,"$688,350.91",30424033050001840
2026-06-16T02:51:53,NEW,502025CA009937XXXAMB,08/10/2026 10:00 AM ET,"5066 NORTHERN LIGHTS DR GREENACRES, FL- 33463","$80,550.28",,"$432,248.47",Property
2026-06-16T02:51:53,NEW,502025CA013013XXXAMB,08/10/2026 10:00 AM ET,"1567 W 37TH ST RIVIERA BEACH, FL- 33404","$234,919.70",,"$234,919.70",Property
2026-06-16T02:51:53,NEW,502026CA000694XXXAMB,08/17/2026 10:00 AM ET,"8266 VIA SERENA BOCA RATON, FL- 33433","$13,764.97",,"$13,764.97",00424720190450020
2026-06-16T02:51:53,NEW,502025CA009304XXXAMB,09/08/2026 10:00 AM ET,"13651 EXOTICA LN WELLINGTON, FL- 33414","$234,318.69",,"$367,313.92",Property
2026-06-16T02:51:53,CLOSED,502025CA003617XXXAMB,06/15/2026 10:00 AM ET,"9 ATRIUM CIR A LAKE WORTH, FL- 33462","$43,640.87",,"$43,640.87",02434431260090010
2026-06-16T02:51:53,CLOSED,502025CA008176XXXAMB,06/15/2026 10:00 AM ET,"11450 HEIDI LEE LANE # A FORT MYERS, FL- 33908","$424,391.68",,"$290,000.00",Property
2026-06-16T02:51:53,CLOSED,502025CA012197XXXAMB,06/15/2026 10:00 AM ET,"3515 VILLAGE BLVD 105 WEST PALM BEACH, FL- 33409","$267,598.72",,"$165,200.00",74434307070031050
2026-06-16T02:51:53,CLOSED,502026CA000495XXXAMB,06/15/2026 10:00 AM ET,"4171 N HAVERHILL RD UNIT 1001 WEST PALM BEACH, FL- 33417","$15,779.69","$215,000.00","$16,312.48",74424311060101001
2026-06-16T02:51:53,CLOSED,502025CA013481XXXAMB,07/27/2026 10:00 AM ET,"1850 NW 18TH ST 101 DELRAY BEACH, FL- 33445","$163,149.78",,"$163,149.78",12434607050441010
2026-06-16T02:51:53,CLOSED,502025CA003372XXXAMB,07/28/2026 10:00 AM ET,"10058 UMBERLAND PL BOCA RATON, FL- 33428","$585,817.04",,"$585,817.04",00414725190000990
2026-06-17T02:51:46,NEW,502024CA004009XXXAMB,07/27/2026 10:00 AM ET,"1701 S FLAGLER DR 404 WEST PALM BEACH, FL- 33401","$73,674.36",,"$73,674.36",74434327400004040
2026-06-17T02:51:46,NEW,502023CA010028XXXXMB,08/11/2026 10:00 AM ET,"800 SE 2ND ST BELLE GLADE, FL- 33430","$123,436.45",,"$123,436.45",04374405080000010
2026-06-17T02:51:46,NEW,502024CA012059XXXAMB,08/11/2026 10:00 AM ET,"1704 ANNANDALE CIR ROYAL PALM BEACH, FL- 33411","$411,226.92",,"$411,226.92",72414315070040370
2026-06-17T02:51:46,NEW,502025CA010082XXXAMB,09/08/2026 10:00 AM ET,"13651 EXOTICA LN WELLINGTON, FL- 33414","$367,313.92",,"$367,313.92",73414404010480010
2026-06-17T02:51:46,NEW,502025CA011946XXXAMB,09/08/2026 10:00 AM ET,"14721 BONAIRE BLVD 309 DELRAY BEACH, FL- 33446","$61,698.29",,"$61,698.29",00424615050013090
2026-06-17T02:51:46,NEW,502025CA012364XXXAMB,09/08/2026 10:00 AM ET,"1118 GREEN PINE BLVD B1 WEST PALM BEACH, FL- 33409","$120,915.54",,"$120,915.54",74424313100180021
2026-06-17T02:51:46,NEW,502026CA000715XXXAMB,09/08/2026 10:00 AM ET,"556 CRESTA CIR WEST PALM BEACH, FL- 33413","$463,424.43",,"$463,424.43",00424333060004130
2026-06-17T02:51:46,NEW,502025CA005588XXXAMB,09/09/2026 10:00 AM ET,"828 QUARTZ TER WEST PALM BEACH, FL- 33413","$450,618.53",,"$450,618.53",00424335270000180
2026-06-17T02:51:46,NEW,502025CA001430XXXAMB,10/08/2026 10:00 AM ET,"1044 SEAGRAPE RD LAKE WORTH, FL- 33462","$237,407.24",,"$237,407.24",00434509140000470
2026-06-17T02:51:46,CLOSED,502024CA011554XXXAMB,06/16/2026 10:00 AM ET,"2313 N CONGRESS AVE APT 23 BOYNTON BEACH, FL- 33426","$126,859.95",,"$128,589.75",08434518220060230
2026-06-17T02:51:46,CLOSED,502025CC013033XXXASB,06/16/2026 10:00 AM ET,"7702 MAJESTIC PALM DR BOYNTON BEACH, FL- 33437","$43,361.26",,"$44,368.76",00424521032570020
2026-06-17T02:51:46,CLOSED,502026CA000288XXXAMB,06/24/2026 10:00 AM ET,"722 RIDGE RD 11 LANTANA, FL- 33462","$19,997.04",,"$20,213.99",40434433230000110
2026-06-17T02:51:46,CLOSED,502024CA000461XXXAMB,06/29/2026 10:00 AM ET,"10898 LAKE WYNDS CT BOYNTON BEACH, FL- 33437","$599,969.90",,"$599,969.90",00424527150000360
2026-06-17T02:51:46,CLOSED,502025CA012742XXXAMB,07/27/2026 10:00 AM ET,"8609 BOCA GLADES BLVD W A BOCA RATON, FL- 33434","$183,066.55",,"$183,066.55",00424717050463860
2026-06-17T02:51:46,CLOSED,502025CA008660XXXAMB,09/17/2026 10:00 AM ET,"5260 BOSQUE LN 17 WEST PALM BEACH, FL- 33415","$32,424.32",,"$32,424.32",00424402120050011
2026-06-18T02:51:39,NEW,502025CA005147XXXAMB,06/22/2026 10:00 AM ET,"548 NW 54TH ST BOCA RATON, FL- 33487","$595,830.62",,"$595,830.62",06434706010070180
2026-06-18T02:51:39,NEW,502025CC018376XXXASB,07/15/2026 10:00 AM ET,"2502 N DIXIE HWY 49 LAKE WORTH, FL- 33460","$21,618.63",,"$21,618.63",38434415360000490
2026-06-18T02:51:39,NEW,502024CA000461XXXAMB,08/17/2026 10:00 AM ET,"17928 36TH CT N LOXAHATCHEE, FL- 33470","$599,969.90",,"$654,381.77",Property
2026-06-18T02:51:39,CLOSED,502025CA000480XXXAMB,06/17/2026 10:00 AM ET,"93 SAXONY B DELRAY BEACH, FL- 33446","$35,603.95",,"$36,328.44",00424622090020930
2026-06-18T02:51:39,CLOSED,502025CA012283XXXAMB,06/17/2026 10:00 AM ET,"185 ANDOVER H # 185 WEST PALM BEACH, FL- 33417","$15,451.02",,"$15,451.02",00424323210081850
2026-06-18T02:51:39,CLOSED,502025CC011253XXXAMB,06/17/2026 10:00 AM ET,"2811 S GARDEN DR 205 LAKE WORTH, FL- 33461","$29,168.35",,"$29,810.89",00434417490002050
2026-06-18T02:51:39,CLOSED,502016CA001480XXXXMB,06/22/2026 10:00 AM ET,"11845 171ST LN N JUPITER, FL- 33478","$349,274.16",,"$349,274.16",00414102000007390
2026-06-18T02:51:39,CLOSED,502024CA009569XXXAMB,08/17/2026 10:00 AM ET,"17928 36TH CT N LOXAHATCHEE, FL- 33470","$654,381.77",,"$654,381.77",00404314000004060
2026-06-19T02:51:31,NEW,502025CA006059XXXAMB,06/22/2026 10:00 AM ET,"14717 WILDFLOWER LN DELRAY BEACH, FL- 33446","$124,833.29",,"$125,294.93",00424615100260020
2026-06-19T02:51:31,NEW,502025CA006843XXXAMB,07/08/2026 10:00 AM ET,"1820 NEW PALM WAY 405 BOYNTON BEACH, FL- 33435","$11,716.01",,"$14,936.12",Property
2026-06-19T02:51:31,NEW,502025CC014823XXXASB,07/13/2026 10:00 AM ET,"4340 LILAC STREET # A PALM BEACH GARDENS, FL- 33410","$23,617.03",,"$23,617.03",Property
2026-06-19T02:51:31,NEW,502025CA007710XXXAMB,07/15/2026 10:00 AM ET,"3316 33RD WAY WEST PALM BEACH, FL- 33407","$233,768.27",,"$233,768.27",74424301090001594
2026-06-19T02:51:31,NEW,502025CA008767XXXAMB,07/15/2026 10:00 AM ET,"210 TUSCANY D DELRAY BEACH, FL- 33446","$102,571.97",,"$102,571.97",00424622050032100
2026-06-19T02:51:31,NEW,502025CA011614XXXAMB,07/15/2026 10:00 AM ET,"334 DORSET H BOCA RATON, FL- 33434","$13,964.26",,"$13,964.26",00424708080083340
2026-06-19T02:51:31,NEW,502025CA013065XXXAMB,07/15/2026 10:00 AM ET,"5842 LA GORCE CIR LAKE WORTH, FL- 33463","$599,208.93",,"$599,208.93",00424502070000350
2026-06-19T02:51:31,NEW,502024CA005614XXXAMB,07/27/2026 10:00 AM ET,"6624 SWEET MAPLE LN BOCA RATON, FL- 33433","$615,865.43","$616,838.00","$615,865.43",06424722120010840
2026-06-19T02:51:31,NEW,502025CA000480XXXAMB,07/27/2026 10:00 AM ET,"93 SAXONY B DELRAY BEACH, FL- 33446","$35,603.95",,"$35,603.95",00424622090020930
2026-06-19T02:51:31,NEW,502018CA001390XXXXMB,09/08/2026 10:00 AM ET,"2513 NW 4TH CT BOYNTON BEACH, FL- 33426","$619,103.55",,"$194,133.00",Property
2026-06-19T02:51:31,NEW,502025CA004743XXXAMB,09/08/2026 10:00 AM ET,"187 SAXONY D DELRAY BEACH, FL- 33446","$125,444.95",,"$30,450.48",Property
2026-06-19T02:51:31,NEW,502025CA009225XXXAMB,09/08/2026 10:00 AM ET,"639 EXECUTIVE CENTER DR O-101 WEST PALM BEACH, FL- 33401","$786,685.75",,"$18,103.31",Property
2026-06-19T02:51:31,NEW,502025CA009972XXXAMB,09/08/2026 10:00 AM ET,"13651 EXOTICA LN WELLINGTON, FL- 33414","$161,285.78",,"$367,313.92",Property
2026-06-19T02:51:31,CLOSED,502025CA012379XXXAMB,06/18/2026 10:00 AM ET,"240 NW 8TH AVE DELRAY BEACH, FL- 33444","$146,998.25",,Hidden,12434617250020270
2026-06-19T02:51:31,CLOSED,502019CA014210XXXXMB,06/22/2026 10:00 AM ET,"401 W 5TH TER PAHOKEE, FL- 33476","$151,103.95",,"$151,103.95",48374218240000090
2026-06-19T02:51:31,CLOSED,502024CA011242XXXAMB,06/22/2026 10:00 AM ET,"17029 TETON RIVER RD BOCA RATON, FL- 33496","$1,690,708.03",,"$1,690,708.03",00424632100007590
2026-06-19T02:51:31,CLOSED,502025CC020920XXXAMB,07/08/2026 10:00 AM ET,"1820 NEW PALM WAY 405 BOYNTON BEACH, FL- 33435","$14,936.12",,"$14,936.12",08434515090014050
2026-06-19T02:51:31,CLOSED,502024CA003222XXXAMB,07/13/2026 10:00 AM ET,"1015 NE 3RD ST BELLE GLADE, FL- 33430","$207,254.40",,"$207,254.40",04374332160000060
2026-06-19T02:51:31,CLOSED,502025CA013473XXXAMB,07/15/2026 10:00 AM ET,"510 NE 17TH ST BOCA RATON, FL- 33432","$28,984.20",,"$28,984.20",06434717080000230
2026-06-19T02:51:31,CLOSED,502025CC012636XXXASB,07/15/2026 10:00 AM ET,"7543 OAK GROVE CIR LAKE WORTH, FL- 33467","$18,443.85",,"$18,443.85",00424504140010200
2026-06-19T02:51:31,CLOSED,502025CC018376XXXASB,07/15/2026 10:00 AM ET,"2502 N DIXIE HWY 49 LAKE WORTH, FL- 33460","$21,618.63",,"$21,618.63",38434415360000490
2026-06-19T02:51:31,CLOSED,502026CC000793XXXAMB,07/15/2026 10:00 AM ET,"6146 BLUEGRASS CIR LAKE WORTH, FL- 33463","$6,380.24",,"$6,380.24",00424434210004020
2026-06-19T02:51:31,CLOSED,502025CA009472XXXAMB,07/27/2026 10:00 AM ET,"2300 SW 19TH AVE BOYNTON BEACH, FL- 33426","$151,086.86",,"$151,086.86",08434532041110030
2026-06-19T02:51:31,CLOSED,502025CA011008XXXAMB,07/27/2026 10:00 AM ET,"9388 MARAND WAY WEST PALM BEACH, FL- 33403","$292,431.13",,"$292,431.13",Property
2026-06-19T02:51:31,CLOSED,502025CA009937XXXAMB,08/10/2026 10:00 AM ET,"5066 NORTHERN LIGHTS DR GREENACRES, FL- 33463","$80,550.28",,"$432,248.47",Property
2026-06-19T02:51:31,CLOSED,502025CA013013XXXAMB,08/10/2026 10:00 AM ET,"1567 W 37TH ST RIVIERA BEACH, FL- 33404","$234,919.70",,"$234,919.70",Property
2026-06-19T02:51:31,CLOSED,502025CA001782XXXAMB,09/08/2026 10:00 AM ET,"2513 NW 4TH CT BOYNTON BEACH, FL- 33426","$194,133.00",,"$194,133.00",08434516370190070
2026-06-19T02:51:31,CLOSED,502025CA007670XXXAMB,09/08/2026 10:00 AM ET,"187 SAXONY D DELRAY BEACH, FL- 33446","$30,450.48",,"$30,450.48",00424622090041870
2026-06-19T02:51:31,CLOSED,502025CA009251XXXAMB,09/08/2026 10:00 AM ET,"639 EXECUTIVE CENTER DR O-101 WEST PALM BEACH, FL- 33401","$18,103.31",,"$18,103.31",74434320030150130
2026-06-19T02:51:31,CLOSED,502025CA010082XXXAMB,09/08/2026 10:00 AM ET,"13651 EXOTICA LN WELLINGTON, FL- 33414","$367,313.92",,"$367,313.92",73414404010480010
2026-06-19T02:51:31,CLOSED,502025CA011946XXXAMB,09/08/2026 10:00 AM ET,"14721 BONAIRE BLVD 309 DELRAY BEACH, FL- 33446","$61,698.29",,"$61,698.29",00424615050013090
2026-06-19T02:51:31,CLOSED,502025CA012364XXXAMB,09/08/2026 10:00 AM ET,"1118 GREEN PINE BLVD B1 WEST PALM BEACH, FL- 33409","$120,915.54",,"$120,915.54",74424313100180021
2026-06-19T02:51:31,CLOSED,502026CA000715XXXAMB,09/08/2026 10:00 AM ET,"556 CRESTA CIR WEST PALM BEACH, FL- 33413","$463,424.43",,"$463,424.43",00424333060004130
2026-06-22T02:51:31,NEW,502025CA004796XXXAMB,07/20/2026 10:00 AM ET,"1630 EMBASSY DR 204 WEST PALM BEACH, FL- 33401","$478,435.53",,"$9,900.46",Property
2026-06-22T02:51:31,NEW,502025CC017748XXXAMB,07/22/2026 10:00 AM ET,"455 FLANDERS J DELRAY BEACH, FL- 33484","$20,180.70",,"$24,270.25",Property
2026-06-22T02:51:31,CLOSED,502025CA005012XXXAMB,07/20/2026 10:00 AM ET,"1630 EMBASSY DR 204 WEST PALM BEACH, FL- 33401","$9,900.46",,"$9,900.46",74434317160002040
2026-06-22T02:51:31,CLOSED,502026CA000789XXXAMB,07/20/2026 10:00 AM ET,"2504 BRIDGEWOOD DR BOCA RATON, FL- 33434","$34,109.45",,"$34,109.45",00424716040012504
2026-06-22T02:51:31,CLOSED,502026CC000292XXXAMB,07/22/2026 10:00 AM ET,"455 FLANDERS J DELRAY BEACH, FL- 33484","$24,270.25",,"$24,270.25",00424622100104550
2026-06-23T02:51:23,NEW,502025CC006458XXXAMB,07/06/2026 10:00 AM ET,"9280 BOCA GARDENS PKWY B BOCA RATON, FL- 33496","$12,185.14",,"$12,185.14",00424706081470020
2026-06-23T02:51:23,NEW,502025CA005012XXXAMB,07/20/2026 10:00 AM ET,"1630 EMBASSY DR 204 WEST PALM BEACH, FL- 33401","$9,900.46",,"$9,900.46",74434317160002040
2026-06-23T02:51:23,NEW,502026CC000292XXXAMB,07/22/2026 10:00 AM ET,"455 FLANDERS J DELRAY BEACH, FL- 33484","$24,270.25",,"$24,270.25",00424622100104550
2026-06-23T02:51:23,CLOSED,502023CA012360XXXXMB,06/22/2026 10:00 AM ET,"1251 SUMMIT RUN CIR WEST PALM BEACH, FL- 33415","$143,063.72",,"$130,000.00",00424411210000422
2026-06-23T02:51:23,CLOSED,502023CA012517XXXXMB,06/22/2026 10:00 AM ET,"17146 87TH LN N LOXAHATCHEE, FL- 33470","$364,936.14",,Hidden,00404223000001760
2026-06-23T02:51:23,CLOSED,502023CC013265XXXASB,06/22/2026 10:00 AM ET,"208 E TIFFANY DR 4 MANGONIA PARK, FL- 33407","$89,360.80",,"$59,022.06",44434305200590040
2026-06-23T02:51:23,CLOSED,502025CA000239XXXAMB,06/22/2026 10:00 AM ET,"94 DORSET C BOCA RATON, FL- 33434","$21,434.73",,"$21,434.73",00424708080030940
2026-06-23T02:51:23,CLOSED,502025CA001202XXXAMB,06/22/2026 10:00 AM ET,"7481 CAMPO FLORIDO BOCA RATON, FL- 33433","$449,113.68",,"$352,600.00",00424721210000040
2026-06-23T02:51:23,CLOSED,502025CA001412XXXAMB,06/22/2026 10:00 AM ET,"6 GREENWAY VILLAGE N 105 ROYAL PALM BEACH, FL- 33411","$195,038.66",,Hidden,72414326060061050
2026-06-23T02:51:23,CLOSED,502025CA004718XXXAMB,06/22/2026 10:00 AM ET,"9769 BOZZANO DR DELRAY BEACH, FL- 33446","$2,007,388.30",,"$1,593,750.00",00424630110005840
2026-06-23T02:51:23,CLOSED,502025CA005147XXXAMB,06/22/2026 10:00 AM ET,"548 NW 54TH ST BOCA RATON, FL- 33487","$595,830.62",,"$127,000.00",06434706010070180
2026-06-23T02:51:23,CLOSED,502025CA001846XXXAMB,07/06/2026 10:00 AM ET,"11656 154TH RD N JUPITER, FL- 33478","$247,583.84",,"$247,583.84",00414114000007300
2026-06-23T02:51:23,CLOSED,502023CA013439XXXAMB,07/28/2026 10:00 AM ET,"4113 ITALIA WAY LAKE WORTH, FL- 33467","$560,490.85",,"$560,490.85",00424419130000230
2026-06-23T02:51:23,CLOSED,502025CA008750XXXAMB,08/03/2026 10:00 AM ET,"90 SOUTH BLVD 1D BOYNTON BEACH, FL- 33435","$75,404.09",,"$75,404.09",08434533150900040
2026-06-24T02:51:23,NEW,502025CA004718XXXAMB,07/22/2026 10:00 AM ET,"9769 BOZZANO DR DELRAY BEACH, FL- 33446","$2,007,388.30",,"$2,007,388.30",00424630110005840
2026-06-24T02:51:23,NEW,502025CA008750XXXAMB,08/03/2026 10:00 AM ET,"90 SOUTH BLVD 1D BOYNTON BEACH, FL- 33435","$75,404.09",,"$75,404.09",08434533150900040
2026-06-25T02:51:20,NEW,502025CA008285XXXAMB,07/30/2026 10:00 AM ET,"945 NW 29TH AVE C DELRAY BEACH, FL- 33445","$183,070.80",,"$14,871.87",Property
2026-06-25T02:51:20,NEW,502025CA012465XXXAMB,08/03/2026 10:00 AM ET,"3001 LINTON BLVD # 105C DELRAY BEACH, FL- 33445","$241,889.49",,"$153,271.55",Property
2026-06-25T02:51:20,CLOSED,502025CC011255XXXAMB,06/24/2026 10:00 AM ET,"2615 N GARDEN DR 109 LAKE WORTH, FL- 33461","$39,872.10",,"$42,875.38",00434417300001090
2026-06-25T02:51:20,CLOSED,502025CA006240XXXAMB,06/25/2026 10:00 AM ET,"790 PALM TREE LN HAVERHILL, FL- 33415","$421,601.55",,"$421,601.55",22424336270000140
2026-06-25T02:51:20,CLOSED,502025CC010545XXXAMB,06/25/2026 10:00 AM ET,"2669 S GARDEN DR 409 LAKE WORTH, FL- 33461","$35,944.86",,"$35,944.86",00434417520004090
2026-06-25T02:51:20,CLOSED,502025CC004359XXXAMB,07/30/2026 10:00 AM ET,"945 NW 29TH AVE C DELRAY BEACH, FL- 33445","$14,871.87",,"$14,871.87",12434607040340030
2026-06-25T02:51:20,CLOSED,502025CA012666XXXAMB,08/03/2026 10:00 AM ET,"3001 LINTON BLVD # 105C DELRAY BEACH, FL- 33445","$153,271.55",,"$153,271.55",Property
2026-06-26T02:51:11,NEW,502025CA012530XXXAMB,07/23/2026 10:00 AM ET,"150 VALENCIA G DELRAY BEACH, FL- 33446","$1,515,782.24",,"$27,589.79",MULTIPLE
2026-06-26T02:51:11,NEW,502025CC004359XXXAMB,07/30/2026 10:00 AM ET,"945 NW 29TH AVE C DELRAY BEACH, FL- 33445","$14,871.87",,"$14,871.87",12434607040340030
2026-06-26T02:51:11,NEW,502024CA011242XXXAMB,08/03/2026 10:00 AM ET,"17029 TETON RIVER RD BOCA RATON, FL- 33496","$1,690,708.03",,"$1,690,708.03",00424632100007590
2026-06-26T02:51:11,NEW,502025CA006968XXXAMB,08/03/2026 10:00 AM ET,"90 SOUTH BLVD 1D BOYNTON BEACH, FL- 33435","$686,092.92",,"$75,404.09",Property
2026-06-26T02:51:11,NEW,502025CA012666XXXAMB,08/03/2026 10:00 AM ET,"3001 LINTON BLVD # 105C DELRAY BEACH, FL- 33445","$153,271.55",,"$153,271.55",Property
2026-06-26T02:51:11,CLOSED,502025CA003818XXXAMB,06/25/2026 10:00 AM ET,"117 KINGSWOOD II F 1170 # 10 WEST PALM BEACH, FL- 33417","$92,535.91",,Hidden,Property
2026-06-26T02:51:11,CLOSED,502025CA009993XXXAMB,06/25/2026 10:00 AM ET,"518 GARDENIA TER DELRAY BEACH, FL- 33444","$1,888,042.06","$1,270,201.00",Hidden,12434608190040110
2026-06-26T02:51:11,CLOSED,502025CC010048XXXAMB,06/29/2026 10:00 AM ET,"1151 SEPIA LN LAKE WORTH, FL- 33461","$14,245.48",,"$14,245.48",38434420360000210
2026-06-26T02:51:11,CLOSED,502025CA006734XXXAMB,07/06/2026 10:00 AM ET,"5301 NW 2ND AVE 3050 BOCA RATON, FL- 33487","$51,407.07",,"$51,407.07",06434705190003050
2026-06-26T02:51:11,CLOSED,502025CA011590XXXAMB,07/06/2026 10:00 AM ET,"1501 CRESCENT CIR C19 LAKE PARK, FL- 33403","$14,680.43",,"$14,680.43",36434221300090030
2026-06-26T02:51:11,CLOSED,502025CA013082XXXAMB,07/06/2026 10:00 AM ET,"9052 GULF RUN WAY C9 LAKE WORTH, FL- 33467","$21,051.38",,"$21,051.38",00424430140030090
2026-06-26T02:51:11,CLOSED,502025CA008750XXXAMB,08/03/2026 10:00 AM ET,"90 SOUTH BLVD 1D BOYNTON BEACH, FL- 33435","$75,404.09",,"$75,404.09",08434533150900040
2026-06-26T02:51:11,CLOSED,502026CA002768XXXAMB,08/03/2026 10:00 AM ET,"10240 BOCA BND W I1 BOCA RATON, FL- 33428",$0.00,,$0.00,00414725120000420
2026-06-29T02:51:35,NEW,502025CA012021XXXAMB,07/29/2026 10:00 AM ET,"2771 ASHLEY DR E J WEST PALM BEACH, FL- 33415","$77,367.37","$98,182.00","$77,367.37",00424413150020100
2026-06-29T02:51:35,NEW,502025CA004914XXXAMB,08/03/2026 10:00 AM ET,"14717 WILDFLOWER LN DELRAY BEACH, FL- 33446","$21,901.14",,"$124,833.29",Property
2026-06-29T02:51:35,NEW,502025CA008797XXXAMB,08/10/2026 10:00 AM ET,"119 NW 6TH AVE DELRAY BEACH, FL- 33444","$74,236.98","$435,014.00","$74,236.98",12434616010190260
2026-06-29T02:51:35,NEW,502025CA008871XXXAMB,08/10/2026 10:00 AM ET,"2012 S FEDERAL HWY 308 BOYNTON BEACH, FL- 33435","$93,743.79",,"$93,743.79",08434533220063080
2026-06-29T02:51:35,CLOSED,502025CA003241XXXAMB,06/29/2026 10:00 AM ET,"1350 CRYSTAL WAY 102 DELRAY BEACH, FL- 33444","$23,614.32",,"$23,614.32",12434629520070720
2026-06-29T02:51:35,CLOSED,502025CA006059XXXAMB,08/03/2026 10:00 AM ET,"14717 WILDFLOWER LN DELRAY BEACH, FL- 33446","$124,833.29",,"$124,833.29",00424615100260020
2026-06-29T02:51:35,CLOSED,502025CA012666XXXAMB,08/03/2026 10:00 AM ET,"3001 LINTON BLVD # 105C DELRAY BEACH, FL- 33445","$153,271.55",,"$153,271.55",Property
2026-06-30T02:45:09,CLOSED,502024CA011824XXXAMB,06/29/2026 10:00 AM ET,"11407 BLUE VIOLET LN WEST PALM BEACH, FL- 33411","$114,760.55",,"$121,414.34",72414335070030430
2026-06-30T02:45:09,CLOSED,502025CA004771XXXAMB,06/29/2026 10:00 AM ET,"2791 VILLAGE BLVD 104 WEST PALM BEACH, FL- 33409","$117,727.77",,"$121,365.00",74434307070081040
2026-06-30T02:45:09,CLOSED,502025CA005960XXXAMB,06/29/2026 10:00 AM ET,"7178 MONTEREAL PATH LAKE WORTH, FL- 33463","$775,587.42",,Hidden,00424512350000330
2026-06-30T02:45:09,CLOSED,502025CA007512XXXAMB,06/29/2026 10:00 AM ET,"129 COUNTRY CLUB WAY ROYAL PALM BEACH, FL- 33411","$592,195.28",,"$592,195.28",72414323200000150
2026-06-30T02:45:09,CLOSED,502025CA010355XXXAMB,06/29/2026 10:00 AM ET,"2400 PRESIDENTIAL WAY 1502 WEST PALM BEACH, FL- 33401","$46,154.27",,"$46,154.27",74434317100011502
2026-06-30T02:45:09,CLOSED,502026CA000528XXXAMB,06/29/2026 10:00 AM ET,"3300 S CONGRESS AVE UNIT 16 BOYNTON BEACH, FL- 33426","$1,265,641.48",,"$450,000.00",08434605180000160
2026-06-30T02:45:09,CLOSED,502026CC000192XXXAMB,06/29/2026 10:00 AM ET,"2855 S GARDEN DR 307 LAKE WORTH, FL- 33461","$39,954.12",,"$40,261.16",00434417480003070
2026-06-30T02:45:09,CLOSED,502025CC009330XXXAMB,07/01/2026 10:00 AM ET,"527 NORMANDY K DELRAY BEACH, FL- 33484","$30,125.25",,"$30,125.25",00424622130115270
2026-06-30T02:45:09,CLOSED,502025CC020210XXXAMB,07/01/2026 10:00 AM ET,"2991 S GARDEN DR 106 LAKE WORTH, FL- 33461","$28,788.48",,"$29,009.72",00434417530001060
2026-06-30T02:45:09,CLOSED,502024CA008808XXXAMB,07/02/2026 10:00 AM ET,"8635 GRAND PRIX LN BOYNTON BEACH, FL- 33472","$106,494.87","$1,010,104.00","$106,494.87",00424517100000500
2026-06-30T02:45:09,CLOSED,502022CA010679XXXXMB,07/06/2026 10:00 AM ET,"950 PASEO MORELLA WEST PALM BEACH, FL- 33405","$333,350.92",,Hidden,74434333060070130
2026-06-30T02:45:09,CLOSED,502024CA001636XXXAMB,07/13/2026 10:00 AM ET,"90 SOUTH BLVD 1D BOYNTON BEACH, FL- 33435","$56,506.92",,"$56,506.92",08434533150900040
2026-06-30T02:45:09,CLOSED,502024CA005511XXXAMB,07/06/2026 10:00 AM ET,"1127 E SEMINOLE AVE 22B JUPITER, FL- 33477","$507,156.93",,"$507,156.93",30434105070000222
2026-06-30T02:45:09,CLOSED,502025CA007842XXXAMB,07/06/2026 10:00 AM ET,"2441 VILLAGE BLVD 102 WEST PALM BEACH, FL- 33409","$246,114.07",,"$246,114.07",74434307070181020
2026-06-30T02:45:09,CLOSED,502025CA009456XXXAMB,07/06/2026 10:00 AM ET,"112 SWAN PKWY E ROYAL PALM BEACH, FL- 33411","$130,018.37",,"$130,018.37",72414326070150400
2026-06-30T02:45:09,CLOSED,502025CA012415XXXAMB,07/06/2026 10:00 AM ET,"1006 SEMINOLE PALMS DR GREENACRES, FL- 33463","$210,662.54",,"$210,662.54",18424427300000270
2026-06-30T02:45:09,CLOSED,502025CC006458XXXAMB,07/06/2026 10:00 AM ET,"9280 BOCA GARDENS PKWY B BOCA RATON, FL- 33496","$12,185.14",,"$12,185.14",00424706081470020
2026-06-30T02:45:09,CLOSED,502025CA001688XXXAMB,07/07/2026 10:00 AM ET,"1331 PEBBLE RIDGE LN WEST PALM BEACH, FL- 33411","$67,722.02",,"$67,722.02",00424407010000190
2026-06-30T02:45:09,CLOSED,502025CA007261XXXAMB,07/07/2026 10:00 AM ET,"300 S AUSTRALIAN AVE 611 WEST PALM BEACH, FL- 33401","$40,620.77",,"$41,738.52",74434321260000611
2026-06-30T02:45:09,CLOSED,502025CA007679XXXAMB,07/07/2026 10:00 AM ET,"1754 PIERSIDE CIR WELLINGTON, FL- 33414","$15,840.23",,"$17,658.88",73414410260000190
2026-06-30T02:45:09,CLOSED,502025CA012148XXXAMB,07/07/2026 10:00 AM ET,"112 S ELM AVE PAHOKEE, FL- 33476","$120,282.47","$112,911.00","$113,468.00",48374217040000080
2026-06-30T02:45:09,CLOSED,502024CA006899XXXAMB,07/08/2026 10:00 AM ET,"934 PASEO CASTALLA WEST PALM BEACH, FL- 33405","$357,353.34",,"$357,353.34",74434333060050071
2026-06-30T02:45:09,CLOSED,502025CA000927XXXAMB,07/08/2026 10:00 AM ET,"127 W BLUE HERON BLVD RIVIERA BEACH, FL- 33404","$1,388,895.72",,"$1,388,895.72",56434228140090150
2026-06-30T02:45:09,CLOSED,502025CA006843XXXAMB,07/08/2026 10:00 AM ET,"1820 NEW PALM WAY 405 BOYNTON BEACH, FL- 33435","$11,716.01",,"$14,936.12",Property
2026-06-30T02:45:09,CLOSED,502025CA001709XXXAMB,07/09/2026 10:00 AM ET,"3664 ALDER DR F1 WEST PALM BEACH, FL- 33417","$250,630.97",,"$250,630.97",00424313121230061
2026-06-30T02:45:09,CLOSED,502025CA002811XXXAMB,07/09/2026 10:00 AM ET,"2820 TENNIS CLUB DR 205 WEST PALM BEACH, FL- 33417","$27,226.32",,"$27,226.32",00424324160012080
2026-06-30T02:45:09,CLOSED,502025CA005722XXXAMB,07/09/2026 10:00 AM ET,"207 ANHINGA LN JUPITER, FL- 33458","$89,502.30",,"$89,261.70",30424115020000130
2026-06-30T02:45:09,CLOSED,502025CA008552XXXAMB,07/09/2026 10:00 AM ET,"3997 ISLAND CLUB DR LAKE WORTH, FL- 33462","$297,029.17",,"$297,029.17",00434439020000390
2026-06-30T02:45:09,CLOSED,502022CA006552XXXXMB,07/13/2026 10:00 AM ET,"12525 51ST CT N WEST PALM BEACH, FL- 33411","$329,862.67",,"$329,862.67",00414303000007830
2026-06-30T02:45:09,CLOSED,502023CA013986XXXAMB,07/13/2026 10:00 AM ET,"214 EVERGRENE PKWY PALM BEACH GARDENS, FL- 33410","$476,249.70",,"$476,249.70",52424136050190030
2026-06-30T02:45:09,CLOSED,502025CA001700XXXAMB,07/13/2026 10:00 AM ET,"1459 42ND ST WEST PALM BEACH, FL- 33407","$77,610.87",,"$77,610.87",74434305010120070
2026-06-30T02:45:09,CLOSED,502025CA007181XXXAMB,07/13/2026 10:00 AM ET,"625 FLANDERS N DELRAY BEACH, FL- 33484","$157,472.43",,"$157,472.43",00424622100146250
2026-06-30T02:45:09,CLOSED,502025CA008080XXXAMB,07/13/2026 10:00 AM ET,"7566 LAKE PLACID CT LAKE WORTH, FL- 33467","$262,273.78",,"$262,273.78",00424509120001110
2026-06-30T02:45:09,CLOSED,502025CA011335XXXAMB,07/13/2026 10:00 AM ET,"250 NW 39TH ST BOCA RATON, FL- 33431","$259,117.26",,"$259,117.26",06434708020000040
2026-06-30T02:45:09,CLOSED,502025CC014823XXXASB,07/13/2026 10:00 AM ET,"4340 LILAC STREET # A PALM BEACH GARDENS, FL- 33410","$23,617.03",,"$23,617.03",Property
2026-06-30T02:45:09,CLOSED,502023CA000502XXXXMB,07/14/2026 10:00 AM ET,"14772 ORANGE BLVD LOXAHATCHEE, FL- 33470","$689,258.82",,"$689,258.82",00414232000003080
2026-06-30T02:45:09,CLOSED,502025CA002930XXXAMB,07/15/2026 10:00 AM ET,"638 SHORE DR BOYNTON BEACH, FL- 33435","$525,922.67",,"$525,922.67",08434522060000610
2026-06-30T02:45:09,CLOSED,502025CA007710XXXAMB,07/15/2026 10:00 AM ET,"3316 33RD WAY WEST PALM BEACH, FL- 33407","$233,768.27",,"$233,768.27",74424301090001594
2026-06-30T02:45:09,CLOSED,502025CA008015XXXAMB,07/15/2026 10:00 AM ET,"918 TURNER RD DELRAY BEACH, FL- 33483","$801,886.91",,"$801,886.91",00434604180000790
2026-06-30T02:45:09,CLOSED,502025CA008767XXXAMB,07/15/2026 10:00 AM ET,"210 TUSCANY D DELRAY BEACH, FL- 33446","$102,571.97",,"$102,571.97",00424622050032100
2026-06-30T02:45:09,CLOSED,502025CA008794XXXAMB,07/15/2026 10:00 AM ET,"10960 STAFFORD CIR S BOYNTON BEACH, FL- 33436","$14,135.77",,"$14,135.77",00424525110001040
2026-06-30T02:45:09,CLOSED,502025CA009605XXXAMB,07/15/2026 10:00 AM ET,"14596 BELMONT TRCE WELLINGTON, FL- 33414","$5,329,240.26",,"$5,329,240.26",73414417010720010
2026-06-30T02:45:09,CLOSED,502025CA010220XXXAMB,07/15/2026 10:00 AM ET,"18721 SCHOONER DR BOCA RATON, FL- 33496","$347,684.49",,"$347,684.49",00424705070160030
2026-06-30T02:45:09,CLOSED,502025CA010901XXXAMB,07/15/2026 10:00 AM ET,"4075 PALM BAY CIR B WEST PALM BEACH, FL- 33406","$231,645.69",,"$231,645.69",00424401210000192
2026-06-30T02:45:09,CLOSED,502025CA011614XXXAMB,07/15/2026 10:00 AM ET,"334 DORSET H BOCA RATON, FL- 33434","$13,964.26",,"$13,964.26",00424708080083340
2026-06-30T02:45:09,CLOSED,502025CA013065XXXAMB,07/15/2026 10:00 AM ET,"5842 LA GORCE CIR LAKE WORTH, FL- 33463","$599,208.93",,"$599,208.93",00424502070000350
2026-06-30T02:45:09,CLOSED,502023CA002098XXXXMB,07/16/2026 10:00 AM ET,"114 SEACREST CT BOYNTON BEACH, FL- 33435","$271,107.56",,"$271,107.56",08434521030120090
2026-06-30T02:45:09,CLOSED,502025CA005911XXXAMB,07/16/2026 10:00 AM ET,"1773 OCALA RD NORTH PALM BEACH, FL- 33408","$521,917.33",,"$521,917.33",00434132070001100
2026-06-30T02:45:09,CLOSED,502023CA014855XXXAMB,07/20/2026 10:00 AM ET,"4804 WATERVIEW CIR PALM SPRINGS, FL- 33461","$249,110.43","$255,294.00","$249,110.43",70434419240000484
2026-06-30T02:45:09,CLOSED,502024CA001029XXXAMB,07/20/2026 10:00 AM ET,"1408 LAKE BASS DRIVE LAKE WORTH, FL- 33461","$295,863.53",,"$295,863.53",Property
2026-06-30T02:45:09,CLOSED,502024CA003826XXXAMB,07/20/2026 10:00 AM ET,"302 FORDHAM DR LAKE WORTH BEACH, FL- 33460","$1,161,529.74",,"$1,161,529.74",38434415060062990
2026-06-30T02:45:09,CLOSED,502025CA000736XXXAMB,07/20/2026 10:00 AM ET,"647 EDGEBROOK LN WEST PALM BEACH, FL- 33411","$1,283,164.92",,"$1,283,164.92",00424405080000780
2026-06-30T02:45:09,CLOSED,502025CA001613XXXAMB,07/20/2026 10:00 AM ET,"12373 EQUINE LN WELLINGTON, FL- 33414","$716,876.00",,"$716,876.00",73414422010000840
2026-06-30T02:45:09,CLOSED,502025CA004796XXXAMB,07/20/2026 10:00 AM ET,"158 ALCAZAR ST ROYAL PALM BEACH, FL- 33411","$478,435.53",,"$478,435.53",72414314030040380
2026-06-30T02:45:09,CLOSED,502025CA005012XXXAMB,07/20/2026 10:00 AM ET,"1630 EMBASSY DR 204 WEST PALM BEACH, FL- 33401","$9,900.46",,"$9,900.46",74434317160002040
2026-06-30T02:45:09,CLOSED,502025CA007102XXXAMB,07/20/2026 10:00 AM ET,"857 WANDERING WILLOW WAY LOXAHATCHEE, FL- 33470","$795,299.59",,"$795,299.59",00404328020002780
2026-06-30T02:45:09,CLOSED,502025CA011154XXXAMB,07/20/2026 10:00 AM ET,"6486 BRAVA WAY BOCA RATON, FL- 33433","$325,897.97",,"$325,897.97",00424734220000120
2026-06-30T02:45:09,CLOSED,502025CA013104XXXAMB,07/20/2026 10:00 AM ET,"16198 SEA TURTLE PL WESTLAKE, FL- 33470","$684,862.74",,"$684,862.74",77404312140001660
2026-06-30T02:45:09,CLOSED,502025CA011381XXXAMB,07/21/2026 10:00 AM ET,"1135 22ND ST WEST PALM BEACH, FL- 33407","$233,146.10",,"$233,146.10",Property
2026-06-30T02:45:09,CLOSED,502025CA004575XXXAMB,07/22/2026 10:00 AM ET,"7791 BRIDLINGTON DR BOYNTON BEACH, FL- 33472","$30,250.79",,Hidden,00424516070000650
2026-06-30T02:45:09,CLOSED,502025CA004718XXXAMB,07/22/2026 10:00 AM ET,"9769 BOZZANO DR DELRAY BEACH, FL- 33446","$2,007,388.30",,"$2,007,388.30",00424630110005840
2026-06-30T02:45:09,CLOSED,502025CA009871XXXAMB,07/22/2026 10:00 AM ET,"608 SE 2ND AVE DELRAY BEACH, FL- 33483","$751,576.32",,"$751,576.32",12434621010070390
2026-06-30T02:45:09,CLOSED,502025CA010811XXXAMB,07/22/2026 10:00 AM ET,"6198 RIVERWALK LN 1 JUPITER, FL- 33458","$69,388.67",,"$69,388.67",30424103200430010
2026-06-30T02:45:09,CLOSED,502025CC016313XXXAMB,07/22/2026 10:00 AM ET,"247 PIEDMONT F DELRAY BEACH, FL- 33484","$23,849.64",,"$23,849.64",00424622170062470
2026-06-30T02:45:09,CLOSED,502025CC017748XXXAMB,07/22/2026 10:00 AM ET,"687 NORMANDY O DELRAY BEACH, FL- 33484","$20,180.70",,"$20,180.70",00424622130156870
2026-06-30T02:45:09,CLOSED,502026CC000292XXXAMB,07/22/2026 10:00 AM ET,"455 FLANDERS J DELRAY BEACH, FL- 33484","$24,270.25",,"$24,270.25",00424622100104550
2026-06-30T02:45:09,CLOSED,502025CA004084XXXAMB,07/23/2026 10:00 AM ET,"6461 NW 2ND AVE 4110 BOCA RATON, FL- 33487","$186,804.08",,"$186,804.08",06434705140004110
2026-06-30T02:45:09,CLOSED,502025CA008521XXXAMB,07/23/2026 10:00 AM ET,"10150 YEOMAN LN ROYAL PALM BEACH, FL- 33411","$151,207.01",,"$151,207.01",72414325060004950
2026-06-30T02:45:09,CLOSED,502025CA012530XXXAMB,07/23/2026 10:00 AM ET,"150 VALENCIA G DELRAY BEACH, FL- 33446","$1,515,782.24",,"$27,589.79",MULTIPLE
2026-06-30T02:45:09,CLOSED,502025CC020000XXXAMB,07/24/2026 10:00 AM ET,"1015 GREEN PINE BLVD F1 WEST PALM BEACH, FL- 33409","$20,340.65",,"$20,340.65",74424313080150061
2026-06-30T02:45:09,CLOSED,502024CA004009XXXAMB,07/27/2026 10:00 AM ET,"1701 S FLAGLER DR 404 WEST PALM BEACH, FL- 33401","$73,674.36",,"$73,674.36",74434327400004040
2026-06-30T02:45:09,CLOSED,502024CA005614XXXAMB,07/27/2026 10:00 AM ET,"6624 SWEET MAPLE LN BOCA RATON, FL- 33433","$615,865.43","$616,838.00","$615,865.43",06424722120010840
2026-06-30T02:45:09,CLOSED,502024CA007243XXXAMB,07/27/2026 10:00 AM ET,"506 W 1ST ST RIVIERA BEACH, FL- 33404","$244,646.71",,"$244,646.71",56434233110002110
2026-06-30T02:45:09,CLOSED,502025CA000480XXXAMB,07/27/2026 10:00 AM ET,"93 SAXONY B DELRAY BEACH, FL- 33446","$35,603.95",,"$35,603.95",00424622090020930
2026-06-30T02:45:09,CLOSED,502025CA001820XXXAMB,07/27/2026 10:00 AM ET,"402 NE 10TH TER BOCA RATON, FL- 33432","$360,876.01",,"$360,876.01",Property
2026-06-30T02:45:09,CLOSED,502025CA005312XXXAMB,07/27/2026 10:00 AM ET,"17194 BRULEE BREEZE WAY BOCA RATON, FL- 33496","$4,842,336.72",,"$4,842,336.72",00424631130002600
2026-06-30T02:45:09,CLOSED,502025CA005319XXXAMB,07/27/2026 10:00 AM ET,"7830 STIRLING BRIDGE BLVD S DELRAY BEACH, FL- 33446","$17,403.61",,"$17,403.61",00424616190001090
2026-06-30T02:45:09,CLOSED,502025CA006589XXXAMB,07/27/2026 10:00 AM ET,"6084 WHALTON ST WEST PALM BEACH, FL- 33411","$482,046.74",,"$482,046.74",74424315110002500
2026-06-30T02:45:09,CLOSED,502025CA007351XXXAMB,07/27/2026 10:00 AM ET,"2636 NASSAU RD WEST PALM BEACH, FL- 33406","$14,001.45",,"$312,706.95",TIMESHARE
2026-06-30T02:45:09,CLOSED,502024CC017325XXXAMB,07/28/2026 10:00 AM ET,"521 FRANKLIN RD WEST PALM BEACH, FL- 33405","$41,010.40","$307,400.00","$41,010.40",74434404040170150
2026-06-30T02:45:09,CLOSED,502025CA001696XXXAMB,07/28/2026 10:00 AM ET,"3127 FERNWOOD DR BOYNTON BEACH, FL- 33435","$1,269,403.02",,"$1,269,403.02",08434605010090150
2026-06-30T02:45:09,CLOSED,502025CA007306XXXAMB,07/28/2026 10:00 AM ET,"45 ATWELL DR WEST PALM BEACH, FL- 33411",$0.00,,$0.00,00424405110000570
2026-06-30T02:45:09,CLOSED,502025CA011098XXXAMB,07/28/2026 10:00 AM ET,"516 OSPREY DR 15-A DELRAY BEACH, FL- 33444","$100,035.07",,"$100,035.07",12434629130030151
2026-06-30T02:45:09,CLOSED,502025CA012021XXXAMB,07/29/2026 10:00 AM ET,"2771 ASHLEY DR E J WEST PALM BEACH, FL- 33415","$77,367.37","$98,182.00","$77,367.37",00424413150020100
2026-06-30T02:45:09,CLOSED,502025CA008285XXXAMB,07/30/2026 10:00 AM ET,"6935 DEARBORN PL BOYNTON BEACH, FL- 33437","$183,070.80",,"$183,070.80",00424522010001970
2026-06-30T02:45:09,CLOSED,502025CC004359XXXAMB,07/30/2026 10:00 AM ET,"945 NW 29TH AVE C DELRAY BEACH, FL- 33445","$14,871.87",,"$14,871.87",12434607040340030
2026-06-30T02:45:09,CLOSED,502024CA002272XXXAMB,08/03/2026 10:00 AM ET,"22035 SW 58TH AVE BOCA RATON, FL- 33428","$301,908.75",,"$301,908.75",00424730060220490
2026-06-30T02:45:09,CLOSED,502024CA009270XXXAMB,08/03/2026 10:00 AM ET,"950 EGRET CIR 5507 DELRAY BEACH, FL- 33444","$27,810.56",,"$27,810.56",12434629160055507
2026-06-30T02:45:09,CLOSED,502024CA011242XXXAMB,08/03/2026 10:00 AM ET,"17029 TETON RIVER RD BOCA RATON, FL- 33496","$1,690,708.03",,"$1,690,708.03",00424632100007590
2026-06-30T02:45:09,CLOSED,502024CC011528XXXAMB,08/03/2026 10:00 AM ET,"4490 ISLAND REEF DR WELLINGTON, FL- 33449","$18,415.59",,"$18,415.59",73414426050001610
2026-06-30T02:45:09,CLOSED,502025CA004914XXXAMB,08/03/2026 10:00 AM ET,"14717 WILDFLOWER LN DELRAY BEACH, FL- 33446","$21,901.14",,"$124,833.29",Property
2026-06-30T02:45:09,CLOSED,502025CA006968XXXAMB,08/03/2026 10:00 AM ET,"90 SOUTH BLVD 1D BOYNTON BEACH, FL- 33435","$686,092.92",,"$75,404.09",Property
2026-06-30T02:45:09,CLOSED,502025CA010656XXXAMB,08/03/2026 10:00 AM ET,"5373 GENE CIR WEST PALM BEACH, FL- 33415","$229,110.38",,"$229,110.38",00424411210000911
2026-06-30T02:45:09,CLOSED,502025CA012465XXXAMB,08/03/2026 10:00 AM ET,"778 SUMMIT LAKE DR WEST PALM BEACH, FL- 33406","$241,889.49",,"$241,889.49",00424401310000220
2026-06-30T02:45:09,CLOSED,502023CA016824XXXAMB,08/04/2026 10:00 AM ET,"14813 DRAFT HORSE LN WELLINGTON, FL- 33414","$3,025,000.00",,"$3,025,000.00",73414408010350010
2026-06-30T02:45:09,CLOSED,502024CA008156XXXAMB,08/04/2026 10:00 AM ET,"4969 MESSANA TER LAKE WORTH, FL- 33463","$291,584.97",,"$291,584.97",00424501030001350
2026-06-30T02:45:09,CLOSED,502025CA010357XXXAMB,08/04/2026 10:00 AM ET,"421 N C ST LAKE WORTH, FL- 33460","$222,265.13",,"$222,265.13",38434421151300110
2026-06-30T02:45:09,CLOSED,502025CA012169XXXAMB,08/04/2026 10:00 AM ET,"318 SW 9TH ST DELRAY BEACH, FL- 33444","$122,195.44",,"$122,195.44",12434620090020020
2026-06-30T02:45:09,CLOSED,502025CC014766XXXAMB,08/04/2026 10:00 AM ET,"6162 BAY ISLES DR BOYNTON BEACH, FL- 33437","$13,917.41",,"$13,917.41",00424603020001090
2026-06-30T02:45:09,CLOSED,502026CA000664XXXAMB,08/04/2026 10:00 AM ET,"3001 LINTON BLVD # C-105 DELRAY BEACH, FL- 33445","$13,381.25",,"$13,381.25",Property
2026-06-30T02:45:09,CLOSED,502025CA003741XXXAMB,08/06/2026 10:00 AM ET,"3950 FIELDVIEW WAY WELLINGTON, FL- 33414","$2,221,772.34",,"$2,221,772.34",73414421040000510
2026-06-30T02:45:09,CLOSED,502025CA005726XXXAMB,08/06/2026 10:00 AM ET,"1261 W 3RD ST RIVIERA BEACH, FL- 33404","$54,454.12",,"$54,454.12",56434232090007160
2026-06-30T02:45:09,CLOSED,502025CA008442XXXAMB,08/06/2026 10:00 AM ET,"18020 46TH COURT NORTH LOXAHATCHEE, FL- 33470","$331,131.02",,"$331,131.02",Property
2026-06-30T02:45:09,CLOSED,502025CA010694XXXAMB,08/06/2026 10:00 AM ET,"17269 71ST LN N LOXAHATCHEE, FL- 33470","$641,913.48",,"$641,913.48",00404226000005610
2026-06-30T02:45:09,CLOSED,502021CA012214XXXXMB,08/10/2026 10:00 AM ET,"10075 BOYNTON PLACE CIR BOYNTON BEACH, FL- 33437","$159,957.39",,"$159,957.39",00424526250000740
2026-06-30T02:45:09,CLOSED,502024CC010024XXXAMB,08/10/2026 10:00 AM ET,"260 GAZETTA WAY WEST PALM BEACH, FL- 33413","$39,005.00",,"$542,892.73",MULTIPLE
2026-06-30T02:45:09,CLOSED,502025CA003333XXXAMB,08/10/2026 10:00 AM ET,"902 S SEACREST BLVD BOYNTON BEACH, FL- 33435","$687,541.07",,"$687,541.07",08434528120200110
2026-06-30T02:45:09,CLOSED,502025CA004213XXXAMB,08/10/2026 10:00 AM ET,"14428 CANALVIEW DR D DELRAY BEACH, FL- 33484","$164,410.98",,"$164,410.98",00424614082120040
2026-06-30T02:45:09,CLOSED,502025CA005366XXXAMB,08/10/2026 10:00 AM ET,"760 E OCEAN AVE 203 BOYNTON BEACH, FL- 33435","$277,553.67",,"$277,553.67",08434527450032030
2026-06-30T02:45:09,CLOSED,502025CA007617XXXAMB,08/10/2026 10:00 AM ET,"127 PORGEE ROCK PL JUPITER, FL- 33458","$688,350.91",,"$688,350.91",30424033050001840
2026-06-30T02:45:09,CLOSED,502025CA008797XXXAMB,08/10/2026 10:00 AM ET,"119 NW 6TH AVE DELRAY BEACH, FL- 33444","$74,236.98","$435,014.00","$74,236.98",12434616010190260
2026-06-30T02:45:09,CLOSED,502025CA008871XXXAMB,08/10/2026 10:00 AM ET,"2012 S FEDERAL HWY 308 BOYNTON BEACH, FL- 33435","$93,743.79",,"$93,743.79",08434533220063080
2026-06-30T02:45:09,CLOSED,502023CA010028XXXXMB,08/11/2026 10:00 AM ET,"800 SE 2ND ST BELLE GLADE, FL- 33430","$123,436.45",,"$123,436.45",04374405080000010
2026-06-30T02:45:09,CLOSED,502024CA012059XXXAMB,08/11/2026 10:00 AM ET,"1704 ANNANDALE CIR ROYAL PALM BEACH, FL- 33411","$411,226.92",,"$411,226.92",72414315070040370
2026-06-30T02:45:09,CLOSED,502025CA000103XXXAMB,08/12/2026 10:00 AM ET,"5196 PALM RIDGE BLVD DELRAY BEACH, FL- 33484","$353,649.37",,"$353,649.37",00424611020001240
2026-06-30T02:45:09,CLOSED,502024CA000461XXXAMB,08/17/2026 10:00 AM ET,"17928 36TH CT N LOXAHATCHEE, FL- 33470","$599,969.90",,"$654,381.77",Property
2026-06-30T02:45:09,CLOSED,502025CA001761XXXAMB,08/17/2026 10:00 AM ET,"6113 GREENSPOINTE DR BOYNTON BEACH, FL- 33437","$90,779.37",,"$90,779.37",00424534180000100
2026-06-30T02:45:09,CLOSED,502025CA010955XXXAMB,08/17/2026 10:00 AM ET,"14701 CUMBERLAND DR 2080 DELRAY BEACH, FL- 33446","$52,930.18",,"$52,930.18",00424616030012080
2026-06-30T02:45:09,CLOSED,502025CA011004XXXAMB,08/17/2026 10:00 AM ET,"56 SW 15TH COURT BOCA RATON, FL- 33486","$84,313.32",,"$84,313.32",Property
2026-06-30T02:45:09,CLOSED,502025CA011510XXXAMB,08/17/2026 10:00 AM ET,"703 LOCHWICK TER PALM BEACH GARDENS, FL- LF 33418","$13,666.37",,"$13,666.37",52424210100030110
2026-06-30T02:45:09,CLOSED,502025CC016197XXXAMB,08/17/2026 10:00 AM ET,"343 CAPRI H DELRAY BEACH, FL- 33484","$15,320.86",,"$15,320.86",00424623060083430
2026-06-30T02:45:09,CLOSED,502026CA000694XXXAMB,08/17/2026 10:00 AM ET,"8266 VIA SERENA BOCA RATON, FL- 33433","$13,764.97",,"$13,764.97",00424720190450020
2026-06-30T02:45:09,CLOSED,502025CA000608XXXAMB,08/18/2026 10:00 AM ET,"11894 DUNBAR CT PALM BEACH GARDENS, FL- 33412","$1,183,632.85",,"$1,183,632.85",52414214070000160
2026-06-30T02:45:09,CLOSED,502025CA005500XXXAMB,08/18/2026 10:00 AM ET,"147 KINGS WAY ROYAL PALM BEACH, FL- 33411","$263,852.18",,"$263,852.18",72414327110030180
2026-06-30T02:45:09,CLOSED,502025CC016491XXXAMB,08/18/2026 10:00 AM ET,"2566 S GARDEN DR 209 LAKE WORTH, FL- 33461","$40,574.01",,"$40,574.01",00434417380002090
2026-06-30T02:45:09,CLOSED,502026CC002599XXXAMB,08/19/2026 10:00 AM ET,"2315 DOCK ST WEST PALM BEACH, FL- 33401","$22,304.36",,"$22,304.36",Property
2026-06-30T02:45:09,CLOSED,502025CA008124XXXAMB,08/20/2026 10:00 AM ET,"87 PHEASANT RUN BLVD WEST PALM BEACH, FL- 33415","$354,151.21",,"$354,151.21",00424402310001090
2026-06-30T02:45:09,CLOSED,502025CA012662XXXAMB,08/20/2026 10:00 AM ET,"13052 COMPTON RD LOXAHATCHEE, FL- 33470","$917,051.29",,"$917,051.29",Property
2026-06-30T02:45:09,CLOSED,502025CA000861XXXAMB,08/24/2026 10:00 AM ET,"618 GARDENIA TER DELRAY BEACH, FL- 33444","$532,655.84",,"$532,655.84",12434608190010080
2026-06-30T02:45:09,CLOSED,502025CA004424XXXAMB,08/24/2026 10:00 AM ET,"9393 CASCADE CT BOYNTON BEACH, FL- 33437","$434,692.96",,"$434,692.96",00424522110000390
2026-06-30T02:45:09,CLOSED,502025CA005317XXXAMB,08/24/2026 10:00 AM ET,"4414 HEMLOCK DR RIVIERA BEACH, FL- 33410","$340,587.12",,"$340,587.12",56424225440000270
2026-06-30T02:45:09,CLOSED,502025CA008013XXXAMB,08/24/2026 10:00 AM ET,"1034 GROVE PARK CIR BOYNTON BEACH, FL- 33436","$661,683.41",,"$661,683.41",08424512260000520
2026-06-30T02:45:09,CLOSED,502025CA008769XXXAMB,08/24/2026 10:00 AM ET,"7032 CHESAPEAKE CIR BOYNTON BEACH, FL- 33436","$557,828.50",,"$557,828.50",08434507170002830
2026-06-30T02:45:09,CLOSED,502023CA008578XXXXMB,08/26/2026 10:00 AM ET,"300 OCEAN TRAIL WAY 103 JUPITER, FL- 33477","$445,376.63",,"$445,376.63",30434105120030103
2026-06-30T02:45:09,CLOSED,502025CA002931XXXAMB,08/26/2026 10:00 AM ET,"22261 FESTIVAL WAY BOCA RATON, FL- 33428","$416,095.83",,"$416,095.83",00414725170000420
2026-06-30T02:45:09,CLOSED,502025CA008509XXXAMB,08/26/2026 10:00 AM ET,"16298 90TH ST N LOXAHATCHEE, FL- 33470","$582,791.10",,"$582,791.10",00404213000006120
2026-06-30T02:45:09,CLOSED,502025CC017794XXXASB,08/31/2026 10:00 AM ET,"403 4TH LN GREENACRES, FL- 33463","$21,704.63",,"$21,704.63",18424426080000071
2026-06-30T02:45:09,CLOSED,502016CA003862XXXXMB,09/02/2026 10:00 AM ET,"12689 57TH ROAD NORTH ROYAL PALM BEACH, FL- 33411","$403,991.06",,"$403,991.06",Property
2026-06-30T02:45:09,CLOSED,502025CA009596XXXAMB,09/03/2026 10:00 AM ET,"6606 WINDMILL WAY GREENACRES, FL- 33413","$68,673.81",,"$68,673.81",18424403090000820
2026-06-30T02:45:09,CLOSED,502025CA009790XXXAMB,09/03/2026 10:00 AM ET,"1610 S PALMWAY LAKE WORTH, FL- 33460","$570,591.28",,"$570,591.28",38434427010910040
2026-06-30T02:45:09,CLOSED,502025CA009901XXXAMB,09/03/2026 10:00 AM ET,"1014 VIA JARDIN RIVIERA BEACH, FL- 33418","$214,550.01",,"$214,550.01",56424225230001290
2026-06-30T02:45:09,CLOSED,502025CA010805XXXAMB,09/03/2026 10:00 AM ET,"128 SEVILLA AVE ROYAL PALM BEACH, FL- 33411","$505,315.06",,"$505,315.06",72414314030100230
2026-06-30T02:45:09,CLOSED,502025CA012845XXXAMB,09/03/2026 10:00 AM ET,"17695 HAYNIE LN JUPITER, FL- 33478","$350,351.27",,"$350,351.27",00414102000003490
2026-06-30T02:45:09,CLOSED,502018CA001390XXXXMB,09/08/2026 10:00 AM ET,"2513 NW 4TH CT BOYNTON BEACH, FL- 33426","$619,103.55",,"$194,133.00",Property
2026-06-30T02:45:09,CLOSED,502025CA004743XXXAMB,09/08/2026 10:00 AM ET,"187 SAXONY D DELRAY BEACH, FL- 33446","$125,444.95",,"$30,450.48",Property
2026-06-30T02:45:09,CLOSED,502025CA009225XXXAMB,09/08/2026 10:00 AM ET,"639 EXECUTIVE CENTER DR O-101 WEST PALM BEACH, FL- 33401","$786,685.75",,"$18,103.31",Property
2026-06-30T02:45:09,CLOSED,502025CA009304XXXAMB,09/08/2026 10:00 AM ET,"105 BELLA VITA DR ROYAL PALM BEACH, FL- 33411","$234,318.69",,"$234,318.69",72414323220000180
2026-06-30T02:45:09,CLOSED,502025CA009972XXXAMB,09/08/2026 10:00 AM ET,"13651 EXOTICA LN WELLINGTON, FL- 33414","$161,285.78",,"$367,313.92",Property
2026-06-30T02:45:09,CLOSED,502025CA005588XXXAMB,09/09/2026 10:00 AM ET,"828 QUARTZ TER WEST PALM BEACH, FL- 33413","$450,618.53",,"$450,618.53",00424335270000180
2026-06-30T02:45:09,CLOSED,502024CA009238XXXAMB,09/16/2026 10:00 AM ET,"291 GUAVA AVE WEST PALM BEACH, FL- 33413","$366,425.45",,"$366,425.45",00424335100130120
2026-06-30T02:45:09,CLOSED,502025CA003966XXXAMB,09/22/2026 10:00 AM ET,"1080 STERLING PINE PLACE LOXAHATCHEE, FL- 33470","$807,448.10",,"$807,448.10",Property
2026-06-30T02:45:09,CLOSED,502025CA008289XXXAMB,09/28/2026 10:00 AM ET,"1880 GULFSTREAM WAY WEST PALM BEACH, FL- 33411","$680,736.59",,"$680,736.59",00424330060000160
2026-06-30T02:45:09,CLOSED,502025CA013449XXXAMB,09/28/2026 10:00 AM ET,"5863 AZALEA CIR WEST PALM BEACH, FL- 33415","$183,980.59",,"$183,980.59",00424411360001300
2026-06-30T02:45:09,CLOSED,502026CA000125XXXAMB,09/30/2026 10:00 AM ET,"5976 WHIRLAWAY RD PALM BEACH GARDENS, FL- 33418","$19,422.06",,"$19,422.06",52424223040010100
2026-06-30T02:45:09,CLOSED,502025CA001430XXXAMB,10/08/2026 10:00 AM ET,"1044 SEAGRAPE RD LAKE WORTH, FL- 33462","$237,407.24",,"$237,407.24",00434509140000470
2026-06-30T02:45:09,CLOSED,502025CA010966XXXAMB,10/15/2026 10:00 AM ET,"821 SW 4TH AVE DELRAY BEACH, FL- 33444","$806,180.48",,"$806,180.48",12434620010110040
2026-06-30T02:45:09,CLOSED,502025CA005176XXXAMB,11/04/2026 10:00 AM ET,"726 NE 20TH LN BOYNTON BEACH, FL- 33435","$652,864.18",,"$652,864.18",08434515110050010
2026-07-01T02:51:13,NEW,502025CC009330XXXAMB,07/01/2026 10:00 AM ET,"527 NORMANDY K DELRAY BEACH, FL- 33484","$30,125.25",,"$30,125.25",00424622130115270
2026-07-01T02:51:13,NEW,502025CC020210XXXAMB,07/01/2026 10:00 AM ET,"2991 S GARDEN DR 106 LAKE WORTH, FL- 33461","$28,788.48",,"$29,009.72",00434417530001060
2026-07-01T02:51:13,NEW,502022CA010679XXXXMB,07/06/2026 10:00 AM ET,"950 PASEO MORELLA WEST PALM BEACH, FL- 33405","$333,350.92",,Hidden,74434333060070130
2026-07-01T02:51:13,NEW,502024CA001636XXXAMB,07/06/2026 10:00 AM ET,"90 SOUTH BLVD 1D BOYNTON BEACH, FL- 33435","$56,506.92",,"$56,506.92",08434533150900040
2026-07-01T02:51:13,NEW,502024CA005511XXXAMB,07/06/2026 10:00 AM ET,"1127 E SEMINOLE AVE 22B JUPITER, FL- 33477","$507,156.93",,"$507,156.93",30434105070000222
2026-07-01T02:51:13,NEW,502025CA007842XXXAMB,07/06/2026 10:00 AM ET,"2441 VILLAGE BLVD 102 WEST PALM BEACH, FL- 33409","$246,114.07",,"$246,114.07",74434307070181020
2026-07-01T02:51:13,NEW,502025CA009456XXXAMB,07/06/2026 10:00 AM ET,"112 SWAN PKWY E ROYAL PALM BEACH, FL- 33411","$130,018.37",,"$130,018.37",72414326070150400
2026-07-01T02:51:13,NEW,502025CA012415XXXAMB,07/06/2026 10:00 AM ET,"1006 SEMINOLE PALMS DR GREENACRES, FL- 33463","$210,662.54",,"$210,662.54",18424427300000270
2026-07-01T02:51:13,NEW,502025CC006458XXXAMB,07/06/2026 10:00 AM ET,"9280 BOCA GARDENS PKWY B BOCA RATON, FL- 33496","$12,185.14",,"$12,185.14",00424706081470020
2026-07-01T02:51:13,NEW,502025CA001688XXXAMB,07/07/2026 10:00 AM ET,"1331 PEBBLE RIDGE LN WEST PALM BEACH, FL- 33411","$67,722.02",,"$67,722.02",00424407010000190
2026-07-01T02:51:13,NEW,502025CA007261XXXAMB,07/07/2026 10:00 AM ET,"300 S AUSTRALIAN AVE 611 WEST PALM BEACH, FL- 33401","$40,620.77",,"$41,738.52",74434321260000611
2026-07-01T02:51:13,NEW,502025CA007679XXXAMB,07/07/2026 10:00 AM ET,"1754 PIERSIDE CIR WELLINGTON, FL- 33414","$15,840.23",,"$17,658.88",73414410260000190
2026-07-01T02:51:13,NEW,502025CA012148XXXAMB,07/07/2026 10:00 AM ET,"112 S ELM AVE PAHOKEE, FL- 33476","$120,282.47","$112,911.00","$113,468.00",48374217040000080
2026-07-01T02:51:13,NEW,502024CA006899XXXAMB,07/08/2026 10:00 AM ET,"934 PASEO CASTALLA WEST PALM BEACH, FL- 33405","$357,353.34",,"$357,353.34",74434333060050071
2026-07-01T02:51:13,NEW,502025CA000927XXXAMB,07/08/2026 10:00 AM ET,"127 W BLUE HERON BLVD RIVIERA BEACH, FL- 33404","$1,388,895.72",,"$1,388,895.72",56434228140090150
2026-07-01T02:51:13,NEW,502025CA006843XXXAMB,07/08/2026 10:00 AM ET,"1820 NEW PALM WAY 405 BOYNTON BEACH, FL- 33435","$11,716.01",,"$14,936.12",Property
2026-07-01T02:51:13,NEW,502025CA001709XXXAMB,07/09/2026 10:00 AM ET,"3664 ALDER DR F1 WEST PALM BEACH, FL- 33417","$250,630.97",,"$250,630.97",00424313121230061
2026-07-01T02:51:13,NEW,502025CA002811XXXAMB,07/09/2026 10:00 AM ET,"2820 TENNIS CLUB DR 205 WEST PALM BEACH, FL- 33417","$27,226.32",,"$27,226.32",00424324160012080
2026-07-01T02:51:13,NEW,502025CA005722XXXAMB,07/09/2026 10:00 AM ET,"207 ANHINGA LN JUPITER, FL- 33458","$89,502.30",,"$89,261.70",30424115020000130
2026-07-01T02:51:13,NEW,502025CA008552XXXAMB,07/09/2026 10:00 AM ET,"3997 ISLAND CLUB DR LAKE WORTH, FL- 33462","$297,029.17",,"$297,029.17",00434439020000390
2026-07-01T02:51:13,NEW,502022CA006552XXXXMB,07/13/2026 10:00 AM ET,"12525 51ST CT N WEST PALM BEACH, FL- 33411","$329,862.67",,Hidden,00414303000007830
2026-07-01T02:51:13,NEW,502023CA013986XXXAMB,07/13/2026 10:00 AM ET,"214 EVERGRENE PKWY PALM BEACH GARDENS, FL- 33410","$476,249.70",,"$476,249.70",52424136050190030
2026-07-01T02:51:13,NEW,502025CA001700XXXAMB,07/13/2026 10:00 AM ET,"1459 42ND ST WEST PALM BEACH, FL- 33407","$77,610.87",,"$77,610.87",74434305010120070
2026-07-01T02:51:13,NEW,502025CA007181XXXAMB,07/13/2026 10:00 AM ET,"625 FLANDERS N DELRAY BEACH, FL- 33484","$157,472.43",,"$157,472.43",00424622100146250
2026-07-01T02:51:13,NEW,502025CA008080XXXAMB,07/13/2026 10:00 AM ET,"7566 LAKE PLACID CT LAKE WORTH, FL- 33467","$262,273.78",,"$262,273.78",00424509120001110
2026-07-01T02:51:13,NEW,502025CA011335XXXAMB,07/13/2026 10:00 AM ET,"250 NW 39TH ST BOCA RATON, FL- 33431","$259,117.26",,"$259,117.26",06434708020000040
2026-07-01T02:51:13,NEW,502025CC014823XXXASB,07/13/2026 10:00 AM ET,"4340 LILAC STREET # A PALM BEACH GARDENS, FL- 33410","$23,617.03",,"$23,617.03",Property
2026-07-01T02:51:13,NEW,502023CA000502XXXXMB,07/14/2026 10:00 AM ET,"14772 ORANGE BLVD LOXAHATCHEE, FL- 33470","$689,258.82",,"$689,258.82",00414232000003080
2026-07-01T02:51:13,NEW,502025CA002930XXXAMB,07/15/2026 10:00 AM ET,"638 SHORE DR BOYNTON BEACH, FL- 33435","$525,922.67",,"$525,922.67",08434522060000610
2026-07-01T02:51:13,NEW,502025CA007710XXXAMB,07/15/2026 10:00 AM ET,"3316 33RD WAY WEST PALM BEACH, FL- 33407","$233,768.27",,"$233,768.27",74424301090001594
2026-07-01T02:51:13,NEW,502025CA008015XXXAMB,07/15/2026 10:00 AM ET,"918 TURNER RD DELRAY BEACH, FL- 33483","$801,886.91",,"$801,886.91",00434604180000790
2026-07-01T02:51:13,NEW,502025CA008767XXXAMB,07/15/2026 10:00 AM ET,"210 TUSCANY D DELRAY BEACH, FL- 33446","$102,571.97",,"$102,571.97",00424622050032100
2026-07-01T02:51:13,NEW,502025CA008794XXXAMB,07/15/2026 10:00 AM ET,"10960 STAFFORD CIR S BOYNTON BEACH, FL- 33436","$14,135.77",,"$14,135.77",00424525110001040
2026-07-01T02:51:13,NEW,502025CA009605XXXAMB,07/15/2026 10:00 AM ET,"14596 BELMONT TRCE WELLINGTON, FL- 33414","$5,329,240.26",,"$5,329,240.26",73414417010720010
2026-07-01T02:51:13,NEW,502025CA010220XXXAMB,07/15/2026 10:00 AM ET,"18721 SCHOONER DR BOCA RATON, FL- 33496","$347,684.49",,"$347,684.49",00424705070160030
2026-07-01T02:51:13,NEW,502025CA010901XXXAMB,07/15/2026 10:00 AM ET,"4075 PALM BAY CIR B WEST PALM BEACH, FL- 33406","$231,645.69",,"$231,645.69",00424401210000192
2026-07-01T02:51:13,NEW,502025CA011614XXXAMB,07/15/2026 10:00 AM ET,"334 DORSET H BOCA RATON, FL- 33434","$13,964.26",,"$13,964.26",00424708080083340
2026-07-01T02:51:13,NEW,502025CA013065XXXAMB,07/15/2026 10:00 AM ET,"5842 LA GORCE CIR LAKE WORTH, FL- 33463","$599,208.93",,"$599,208.93",00424502070000350
2026-07-01T02:51:13,NEW,502023CA002098XXXXMB,07/16/2026 10:00 AM ET,"114 SEACREST CT BOYNTON BEACH, FL- 33435","$271,107.56",,"$271,107.56",08434521030120090
2026-07-01T02:51:13,NEW,502025CA005911XXXAMB,07/16/2026 10:00 AM ET,"1773 OCALA RD NORTH PALM BEACH, FL- 33408","$521,917.33",,"$521,917.33",00434132070001100
2026-07-01T02:51:13,NEW,502023CA014855XXXAMB,07/20/2026 10:00 AM ET,"4804 WATERVIEW CIR PALM SPRINGS, FL- 33461","$249,110.43","$255,294.00","$249,110.43",70434419240000484
2026-07-01T02:51:13,NEW,502024CA001029XXXAMB,07/20/2026 10:00 AM ET,"1408 LAKE BASS DRIVE LAKE WORTH, FL- 33461","$295,863.53",,"$295,863.53",Property
2026-07-01T02:51:13,NEW,502024CA003826XXXAMB,07/20/2026 10:00 AM ET,"302 FORDHAM DR LAKE WORTH BEACH, FL- 33460","$1,161,529.74",,"$1,161,529.74",38434415060062990
2026-07-01T02:51:13,NEW,502025CA000736XXXAMB,07/20/2026 10:00 AM ET,"647 EDGEBROOK LN WEST PALM BEACH, FL- 33411","$1,283,164.92",,"$1,283,164.92",00424405080000780
2026-07-01T02:51:13,NEW,502025CA001613XXXAMB,07/20/2026 10:00 AM ET,"12373 EQUINE LN WELLINGTON, FL- 33414","$716,876.00",,"$716,876.00",73414422010000840
2026-07-01T02:51:13,NEW,502025CA004796XXXAMB,07/20/2026 10:00 AM ET,"158 ALCAZAR ST ROYAL PALM BEACH, FL- 33411","$478,435.53",,"$478,435.53",72414314030040380
2026-07-01T02:51:13,NEW,502025CA005012XXXAMB,07/20/2026 10:00 AM ET,"1630 EMBASSY DR 204 WEST PALM BEACH, FL- 33401","$9,900.46",,"$9,900.46",74434317160002040
2026-07-01T02:51:13,NEW,502025CA007102XXXAMB,07/20/2026 10:00 AM ET,"857 WANDERING WILLOW WAY LOXAHATCHEE, FL- 33470","$795,299.59",,"$795,299.59",00404328020002780
2026-07-01T02:51:13,NEW,502025CA011154XXXAMB,07/20/2026 10:00 AM ET,"6486 BRAVA WAY BOCA RATON, FL- 33433","$325,897.97",,"$325,897.97",00424734220000120
2026-07-01T02:51:13,NEW,502025CA013104XXXAMB,07/20/2026 10:00 AM ET,"16198 SEA TURTLE PL WESTLAKE, FL- 33470","$684,862.74",,"$684,862.74",77404312140001660
2026-07-01T02:51:13,NEW,502025CA011381XXXAMB,07/21/2026 10:00 AM ET,"1135 22ND ST WEST PALM BEACH, FL- 33407","$233,146.10",,"$233,146.10",Property
2026-07-01T02:51:13,NEW,502025CA004575XXXAMB,07/22/2026 10:00 AM ET,"7791 BRIDLINGTON DR BOYNTON BEACH, FL- 33472","$30,250.79",,Hidden,00424516070000650
2026-07-01T02:51:13,NEW,502025CA004718XXXAMB,07/22/2026 10:00 AM ET,"9769 BOZZANO DR DELRAY BEACH, FL- 33446","$2,007,388.30",,"$2,007,388.30",00424630110005840
2026-07-01T02:51:13,NEW,502025CA009871XXXAMB,07/22/2026 10:00 AM ET,"608 SE 2ND AVE DELRAY BEACH, FL- 33483","$751,576.32",,"$751,576.32",12434621010070390
2026-07-01T02:51:13,NEW,502025CA010811XXXAMB,07/22/2026 10:00 AM ET,"6198 RIVERWALK LN 1 JUPITER, FL- 33458","$69,388.67",,"$69,388.67",30424103200430010
2026-07-01T02:51:13,NEW,502025CC016313XXXAMB,07/22/2026 10:00 AM ET,"247 PIEDMONT F DELRAY BEACH, FL- 33484","$23,849.64",,"$23,849.64",00424622170062470
2026-07-01T02:51:13,NEW,502025CC017748XXXAMB,07/22/2026 10:00 AM ET,"687 NORMANDY O DELRAY BEACH, FL- 33484","$20,180.70",,"$20,180.70",00424622130156870
2026-07-01T02:51:13,NEW,502026CC000292XXXAMB,07/22/2026 10:00 AM ET,"455 FLANDERS J DELRAY BEACH, FL- 33484","$24,270.25",,"$24,270.25",00424622100104550
2026-07-01T02:51:13,NEW,502025CA004084XXXAMB,07/23/2026 10:00 AM ET,"6461 NW 2ND AVE 4110 BOCA RATON, FL- 33487","$186,804.08",,"$186,804.08",06434705140004110
2026-07-01T02:51:13,NEW,502025CA008521XXXAMB,07/23/2026 10:00 AM ET,"10150 YEOMAN LN ROYAL PALM BEACH, FL- 33411","$151,207.01",,"$151,207.01",72414325060004950
2026-07-01T02:51:13,NEW,502025CA012530XXXAMB,07/23/2026 10:00 AM ET,"150 VALENCIA G DELRAY BEACH, FL- 33446","$1,515,782.24",,"$27,589.79",MULTIPLE
2026-07-01T02:51:13,NEW,502024CA005614XXXAMB,07/27/2026 10:00 AM ET,"6624 SWEET MAPLE LN BOCA RATON, FL- 33433","$615,865.43","$616,838.00","$615,865.43",06424722120010840
2026-07-01T02:51:13,NEW,502025CC020000XXXAMB,07/24/2026 10:00 AM ET,"1015 GREEN PINE BLVD F1 WEST PALM BEACH, FL- 33409","$20,340.65",,"$20,340.65",74424313080150061
2026-07-01T02:51:13,NEW,502024CA004009XXXAMB,07/27/2026 10:00 AM ET,"1701 S FLAGLER DR 404 WEST PALM BEACH, FL- 33401","$73,674.36",,"$73,674.36",74434327400004040
2026-07-01T02:51:13,NEW,502024CA007243XXXAMB,07/27/2026 10:00 AM ET,"506 W 1ST ST RIVIERA BEACH, FL- 33404","$244,646.71",,"$244,646.71",56434233110002110
2026-07-01T02:51:13,NEW,502025CA000480XXXAMB,07/27/2026 10:00 AM ET,"93 SAXONY B DELRAY BEACH, FL- 33446","$35,603.95",,"$35,603.95",00424622090020930
2026-07-01T02:51:13,NEW,502025CA005312XXXAMB,07/27/2026 10:00 AM ET,"17194 BRULEE BREEZE WAY BOCA RATON, FL- 33496","$4,842,336.72",,"$4,842,336.72",00424631130002600
2026-07-01T02:51:13,NEW,502025CA005319XXXAMB,07/27/2026 10:00 AM ET,"7830 STIRLING BRIDGE BLVD S DELRAY BEACH, FL- 33446","$17,403.61",,"$17,403.61",00424616190001090
2026-07-01T02:51:13,NEW,502025CA006589XXXAMB,07/27/2026 10:00 AM ET,"6084 WHALTON ST WEST PALM BEACH, FL- 33411","$482,046.74",,"$482,046.74",74424315110002500
2026-07-01T02:51:13,NEW,502025CA007351XXXAMB,07/27/2026 10:00 AM ET,"2636 NASSAU RD WEST PALM BEACH, FL- 33406","$14,001.45",,"$312,706.95",TIMESHARE
2026-07-01T02:51:13,NEW,502025CA009472XXXAMB,07/27/2026 10:00 AM ET,"2300 SW 19TH AVE BOYNTON BEACH, FL- 33426","$151,086.86",,"$151,086.86",08434532041110030
2026-07-01T02:51:13,NEW,502024CC017325XXXAMB,07/28/2026 10:00 AM ET,"521 FRANKLIN RD WEST PALM BEACH, FL- 33405","$41,010.40","$307,400.00","$41,010.40",74434404040170150
2026-07-01T02:51:13,NEW,502025CA001696XXXAMB,07/28/2026 10:00 AM ET,"3127 FERNWOOD DR BOYNTON BEACH, FL- 33435","$1,269,403.02",,"$1,269,403.02",08434605010090150
2026-07-01T02:51:13,NEW,502025CA007306XXXAMB,07/28/2026 10:00 AM ET,"45 ATWELL DR WEST PALM BEACH, FL- 33411",$0.00,,$0.00,00424405110000570
2026-07-01T02:51:13,NEW,502025CA011098XXXAMB,07/28/2026 10:00 AM ET,"516 OSPREY DR 15-A DELRAY BEACH, FL- 33444","$100,035.07",,"$100,035.07",12434629130030151
2026-07-01T02:51:13,NEW,502023CA010062XXXXMB,07/29/2026 10:00 AM ET,"2591 PALM RD WEST PALM BEACH, FL- 33406","$280,137.62",,"$280,137.62",00434417010020170
2026-07-01T02:51:13,NEW,502025CA012021XXXAMB,07/29/2026 10:00 AM ET,"2771 ASHLEY DR E J WEST PALM BEACH, FL- 33415","$77,367.37","$98,182.00","$77,367.37",00424413150020100
2026-07-01T02:51:13,NEW,502025CA008285XXXAMB,07/30/2026 10:00 AM ET,"6935 DEARBORN PL BOYNTON BEACH, FL- 33437","$183,070.80",,"$183,070.80",00424522010001970
2026-07-01T02:51:13,NEW,502025CC004359XXXAMB,07/30/2026 10:00 AM ET,"945 NW 29TH AVE C DELRAY BEACH, FL- 33445","$14,871.87",,"$14,871.87",12434607040340030
2026-07-01T02:51:13,NEW,502024CA002272XXXAMB,08/03/2026 10:00 AM ET,"22035 SW 58TH AVE BOCA RATON, FL- 33428","$301,908.75",,"$301,908.75",00424730060220490
2026-07-01T02:51:13,NEW,502024CA009270XXXAMB,08/03/2026 10:00 AM ET,"950 EGRET CIR 5507 DELRAY BEACH, FL- 33444","$27,810.56",,"$27,810.56",12434629160055507
2026-07-01T02:51:13,NEW,502024CA011242XXXAMB,08/03/2026 10:00 AM ET,"17029 TETON RIVER RD BOCA RATON, FL- 33496","$1,690,708.03",,"$1,690,708.03",00424632100007590
2026-07-01T02:51:13,NEW,502024CC011528XXXAMB,08/03/2026 10:00 AM ET,"4490 ISLAND REEF DR WELLINGTON, FL- 33449","$18,415.59",,"$18,415.59",73414426050001610
2026-07-01T02:51:13,NEW,502025CA004914XXXAMB,08/03/2026 10:00 AM ET,"14717 WILDFLOWER LN DELRAY BEACH, FL- 33446","$21,901.14",,"$124,833.29",Property
2026-07-01T02:51:13,NEW,502025CA006968XXXAMB,08/03/2026 10:00 AM ET,"90 SOUTH BLVD 1D BOYNTON BEACH, FL- 33435","$686,092.92",,"$75,404.09",Property
2026-07-01T02:51:13,NEW,502025CA010656XXXAMB,08/03/2026 10:00 AM ET,"5373 GENE CIR WEST PALM BEACH, FL- 33415","$229,110.38",,"$229,110.38",00424411210000911
2026-07-01T02:51:13,NEW,502025CA012465XXXAMB,08/03/2026 10:00 AM ET,"778 SUMMIT LAKE DR WEST PALM BEACH, FL- 33406","$241,889.49",,"$241,889.49",00424401310000220
2026-07-01T02:51:13,NEW,502023CA016824XXXAMB,08/04/2026 10:00 AM ET,"14813 DRAFT HORSE LN WELLINGTON, FL- 33414","$3,025,000.00",,"$3,025,000.00",73414408010350010
2026-07-01T02:51:13,NEW,502024CA008156XXXAMB,08/04/2026 10:00 AM ET,"4969 MESSANA TER LAKE WORTH, FL- 33463","$291,584.97",,"$291,584.97",00424501030001350
2026-07-01T02:51:13,NEW,502025CA010357XXXAMB,08/04/2026 10:00 AM ET,"421 N C ST LAKE WORTH, FL- 33460","$222,265.13",,"$222,265.13",38434421151300110
2026-07-01T02:51:13,NEW,502025CA012169XXXAMB,08/04/2026 10:00 AM ET,"318 SW 9TH ST DELRAY BEACH, FL- 33444","$122,195.44",,"$122,195.44",12434620090020020
2026-07-01T02:51:13,NEW,502025CC014766XXXAMB,08/04/2026 10:00 AM ET,"6162 BAY ISLES DR BOYNTON BEACH, FL- 33437","$13,917.41",,"$13,917.41",00424603020001090
2026-07-01T02:51:13,NEW,502026CA000664XXXAMB,08/04/2026 10:00 AM ET,"3001 LINTON BLVD # C-105 DELRAY BEACH, FL- 33445","$13,381.25",,"$13,381.25",Property
2026-07-01T02:51:13,NEW,502025CA003741XXXAMB,08/06/2026 10:00 AM ET,"3950 FIELDVIEW WAY WELLINGTON, FL- 33414","$2,221,772.34",,"$2,221,772.34",73414421040000510
2026-07-01T02:51:13,NEW,502025CA005726XXXAMB,08/06/2026 10:00 AM ET,"1261 W 3RD ST RIVIERA BEACH, FL- 33404","$54,454.12",,"$54,454.12",56434232090007160
2026-07-01T02:51:13,NEW,502025CA008442XXXAMB,08/06/2026 10:00 AM ET,"18020 46TH COURT NORTH LOXAHATCHEE, FL- 33470","$331,131.02",,"$331,131.02",Property
2026-07-01T02:51:13,NEW,502025CA010694XXXAMB,08/06/2026 10:00 AM ET,"17269 71ST LN N LOXAHATCHEE, FL- 33470","$641,913.48",,"$641,913.48",00404226000005610
2026-07-01T02:51:13,NEW,502017CA004150XXXXMB,08/10/2026 10:00 AM ET,"8208 SAVARA STREAMS LN BOYNTON BEACH, FL- 33473","$613,150.15",,"$613,150.15",00424529130003240
2026-07-01T02:51:13,NEW,502021CA012214XXXXMB,08/10/2026 10:00 AM ET,"10075 BOYNTON PLACE CIR BOYNTON BEACH, FL- 33437","$159,957.39",,"$159,957.39",00424526250000740
2026-07-01T02:51:13,NEW,502023CA011559XXXXMB,08/10/2026 10:00 AM ET,"7401 MALLORCA CRESCENT BOCA RATON, FL- 33433","$640,407.93",,"$640,407.93",Property
2026-07-01T02:51:13,NEW,502024CC010024XXXAMB,08/10/2026 10:00 AM ET,"260 GAZETTA WAY WEST PALM BEACH, FL- 33413","$39,005.00",,"$542,892.73",MULTIPLE
2026-07-01T02:51:13,NEW,502025CA003333XXXAMB,08/10/2026 10:00 AM ET,"902 S SEACREST BLVD BOYNTON BEACH, FL- 33435","$687,541.07",,"$687,541.07",08434528120200110
2026-07-01T02:51:13,NEW,502025CA004213XXXAMB,08/10/2026 10:00 AM ET,"14428 CANALVIEW DR D DELRAY BEACH, FL- 33484","$164,410.98",,"$164,410.98",00424614082120040
2026-07-01T02:51:13,NEW,502025CA005366XXXAMB,08/10/2026 10:00 AM ET,"760 E OCEAN AVE 203 BOYNTON BEACH, FL- 33435","$277,553.67",,"$277,553.67",08434527450032030
2026-07-01T02:51:13,NEW,502025CA007617XXXAMB,08/10/2026 10:00 AM ET,"127 PORGEE ROCK PL JUPITER, FL- 33458","$688,350.91",,"$688,350.91",30424033050001840
2026-07-01T02:51:13,NEW,502025CA007746XXXAMB,08/10/2026 10:00 AM ET,"9826 SANDY RUN JUPITER, FL- 33478","$306,885.91",,"$306,885.91",Property
2026-07-01T02:51:13,NEW,502023CA010028XXXXMB,08/11/2026 10:00 AM ET,"800 SE 2ND ST BELLE GLADE, FL- 33430","$123,436.45",,"$123,436.45",04374405080000010
2026-07-01T02:51:13,NEW,502024CA012059XXXAMB,08/11/2026 10:00 AM ET,"1704 ANNANDALE CIR ROYAL PALM BEACH, FL- 33411","$411,226.92",,"$411,226.92",72414315070040370
2026-07-01T02:51:13,NEW,502025CA000103XXXAMB,08/12/2026 10:00 AM ET,"5196 PALM RIDGE BLVD DELRAY BEACH, FL- 33484","$353,649.37",,"$353,649.37",00424611020001240
2026-07-01T02:51:13,NEW,502024CA000461XXXAMB,08/17/2026 10:00 AM ET,"10898 LAKE WYNDS CT BOYNTON BEACH, FL- 33437","$599,969.90",,"$599,969.90",00424527150000360
2026-07-01T02:51:13,NEW,502024CA009569XXXAMB,08/17/2026 10:00 AM ET,"17928 36TH CT N LOXAHATCHEE, FL- 33470","$654,381.77",,"$654,381.77",00404314000004060
2026-07-01T02:51:13,NEW,502025CA001761XXXAMB,08/17/2026 10:00 AM ET,"6113 GREENSPOINTE DR BOYNTON BEACH, FL- 33437","$90,779.37",,"$90,779.37",00424534180000100
2026-07-01T02:51:13,NEW,502025CA010955XXXAMB,08/17/2026 10:00 AM ET,"14701 CUMBERLAND DR 2080 DELRAY BEACH, FL- 33446","$52,930.18",,"$52,930.18",00424616030012080
2026-07-01T02:51:13,NEW,502025CA011004XXXAMB,08/17/2026 10:00 AM ET,"56 SW 15TH COURT BOCA RATON, FL- 33486","$84,313.32",,"$84,313.32",Property
2026-07-01T02:51:13,NEW,502025CA011510XXXAMB,08/17/2026 10:00 AM ET,"703 LOCHWICK TER PALM BEACH GARDENS, FL- LF 33418","$13,666.37",,"$13,666.37",52424210100030110
2026-07-01T02:51:13,NEW,502025CC016197XXXAMB,08/17/2026 10:00 AM ET,"343 CAPRI H DELRAY BEACH, FL- 33484","$15,320.86",,"$15,320.86",00424623060083430
2026-07-01T02:51:13,NEW,502026CA000694XXXAMB,08/17/2026 10:00 AM ET,"8266 VIA SERENA BOCA RATON, FL- 33433","$13,764.97",,"$13,764.97",00424720190450020
2026-07-01T02:51:13,NEW,502025CA000608XXXAMB,08/18/2026 10:00 AM ET,"11894 DUNBAR CT PALM BEACH GARDENS, FL- 33412","$1,183,632.85",,"$1,183,632.85",52414214070000160
2026-07-01T02:51:13,NEW,502025CA005500XXXAMB,08/18/2026 10:00 AM ET,"147 KINGS WAY ROYAL PALM BEACH, FL- 33411","$263,852.18",,"$263,852.18",72414327110030180
2026-07-01T02:51:13,NEW,502025CC016491XXXAMB,08/18/2026 10:00 AM ET,"2566 S GARDEN DR 209 LAKE WORTH, FL- 33461","$40,574.01",,"$40,574.01",00434417380002090
2026-07-01T02:51:13,NEW,502026CA000135XXXAMB,08/19/2026 10:00 AM ET,"6506 65TH WAY WEST PALM BEACH, FL- 33409","$353,675.53",,"$353,675.53",74434307040001042
2026-07-01T02:51:13,NEW,502026CC002599XXXAMB,08/19/2026 10:00 AM ET,"2315 DOCK ST WEST PALM BEACH, FL- 33401","$22,304.36",,"$22,304.36",Property
2026-07-01T02:51:13,NEW,502025CA008124XXXAMB,08/20/2026 10:00 AM ET,"87 PHEASANT RUN BLVD WEST PALM BEACH, FL- 33415","$354,151.21",,"$354,151.21",00424402310001090
2026-07-01T02:51:13,NEW,502025CA012662XXXAMB,08/20/2026 10:00 AM ET,"13052 COMPTON RD LOXAHATCHEE, FL- 33470","$917,051.29",,"$917,051.29",Property
2026-07-01T02:51:13,NEW,502025CA000861XXXAMB,08/24/2026 10:00 AM ET,"618 GARDENIA TER DELRAY BEACH, FL- 33444","$532,655.84",,"$532,655.84",12434608190010080
2026-07-01T02:51:13,NEW,502025CA003822XXXAMB,08/24/2026 10:00 AM ET,"1334 ARROWHEAD POINT RD LOXAHATCHEE, FL- 33470","$572,477.54",,"$572,477.54",00404328070002910
2026-07-01T02:51:13,NEW,502025CA004424XXXAMB,08/24/2026 10:00 AM ET,"9393 CASCADE CT BOYNTON BEACH, FL- 33437","$434,692.96",,"$434,692.96",00424522110000390
2026-07-01T02:51:13,NEW,502025CA005317XXXAMB,08/24/2026 10:00 AM ET,"4414 HEMLOCK DR RIVIERA BEACH, FL- 33410","$340,587.12",,"$340,587.12",56424225440000270
2026-07-01T02:51:13,NEW,502025CA008013XXXAMB,08/24/2026 10:00 AM ET,"1034 GROVE PARK CIR BOYNTON BEACH, FL- 33436","$661,683.41",,"$661,683.41",08424512260000520
2026-07-01T02:51:13,NEW,502025CA008769XXXAMB,08/24/2026 10:00 AM ET,"7032 CHESAPEAKE CIR BOYNTON BEACH, FL- 33436","$557,828.50",,"$557,828.50",08434507170002830
2026-07-01T02:51:13,NEW,502023CA008578XXXXMB,08/26/2026 10:00 AM ET,"300 OCEAN TRAIL WAY 103 JUPITER, FL- 33477","$445,376.63",,"$445,376.63",30434105120030103
2026-07-01T02:51:13,NEW,502025CA002931XXXAMB,08/26/2026 10:00 AM ET,"22261 FESTIVAL WAY BOCA RATON, FL- 33428","$416,095.83",,"$416,095.83",00414725170000420
2026-07-01T02:51:13,NEW,502025CA008509XXXAMB,08/26/2026 10:00 AM ET,"16298 90TH ST N LOXAHATCHEE, FL- 33470","$582,791.10",,"$582,791.10",00404213000006120
2026-07-01T02:51:13,NEW,502025CC017794XXXASB,08/31/2026 10:00 AM ET,"403 4TH LN GREENACRES, FL- 33463","$21,704.63",,"$21,704.63",18424426080000071
2026-07-01T02:51:13,NEW,502016CA003862XXXXMB,09/02/2026 10:00 AM ET,"12689 57TH ROAD NORTH ROYAL PALM BEACH, FL- 33411","$403,991.06",,"$403,991.06",Property
2026-07-01T02:51:13,NEW,502024CA001231XXXAMB,09/02/2026 10:00 AM ET,"5027 GENOVE PL RIVIERA BEACH, FL- 33410","$12,292.09",,"$12,292.09",56424225420030040
2026-07-01T02:51:13,NEW,502025CA009956XXXAMB,09/02/2026 10:00 AM ET,"4545 N OCEAN BLVD 18D BOCA RATON, FL- 33431","$1,000,337.10",,"$1,000,337.10",06434709020010184
2026-07-01T02:51:13,NEW,502025CA009596XXXAMB,09/03/2026 10:00 AM ET,"6606 WINDMILL WAY GREENACRES, FL- 33413","$68,673.81",,"$68,673.81",18424403090000820
2026-07-01T02:51:13,NEW,502025CA009790XXXAMB,09/03/2026 10:00 AM ET,"1610 S PALMWAY LAKE WORTH, FL- 33460","$570,591.28",,"$570,591.28",38434427010910040
2026-07-01T02:51:13,NEW,502025CA009901XXXAMB,09/03/2026 10:00 AM ET,"1014 VIA JARDIN RIVIERA BEACH, FL- 33418","$214,550.01",,"$214,550.01",56424225230001290
2026-07-01T02:51:13,NEW,502025CA010805XXXAMB,09/03/2026 10:00 AM ET,"128 SEVILLA AVE ROYAL PALM BEACH, FL- 33411","$505,315.06",,"$505,315.06",72414314030100230
2026-07-01T02:51:13,NEW,502025CA012845XXXAMB,09/03/2026 10:00 AM ET,"17695 HAYNIE LN JUPITER, FL- 33478","$350,351.27",,"$350,351.27",00414102000003490
2026-07-01T02:51:13,NEW,502018CA001390XXXXMB,09/08/2026 10:00 AM ET,"2513 NW 4TH CT BOYNTON BEACH, FL- 33426","$619,103.55",,"$194,133.00",Property
2026-07-01T02:51:13,NEW,502025CA004743XXXAMB,09/08/2026 10:00 AM ET,"187 SAXONY D DELRAY BEACH, FL- 33446","$125,444.95",,"$30,450.48",Property
2026-07-01T02:51:13,NEW,502025CA009225XXXAMB,09/08/2026 10:00 AM ET,"639 EXECUTIVE CENTER DR O-101 WEST PALM BEACH, FL- 33401","$786,685.75",,"$18,103.31",Property
2026-07-01T02:51:13,NEW,502025CA009304XXXAMB,09/08/2026 10:00 AM ET,"105 BELLA VITA DR ROYAL PALM BEACH, FL- 33411","$234,318.69",,"$234,318.69",72414323220000180
2026-07-01T02:51:13,NEW,502025CA009972XXXAMB,09/08/2026 10:00 AM ET,"13651 EXOTICA LN WELLINGTON, FL- 33414","$161,285.78",,"$367,313.92",Property
2026-07-01T02:51:13,NEW,502025CA005588XXXAMB,09/09/2026 10:00 AM ET,"828 QUARTZ TER WEST PALM BEACH, FL- 33413","$450,618.53",,"$450,618.53",00424335270000180
2026-07-01T02:51:13,NEW,502024CA009238XXXAMB,09/16/2026 10:00 AM ET,"291 GUAVA AVE WEST PALM BEACH, FL- 33413","$366,425.45",,"$366,425.45",00424335100130120
2026-07-01T02:51:13,NEW,502025CA003966XXXAMB,09/22/2026 10:00 AM ET,"1080 STERLING PINE PLACE LOXAHATCHEE, FL- 33470","$807,448.10",,"$807,448.10",Property
2026-07-01T02:51:13,NEW,502025CA008289XXXAMB,09/28/2026 10:00 AM ET,"1880 GULFSTREAM WAY WEST PALM BEACH, FL- 33411","$680,736.59",,"$680,736.59",00424330060000160
2026-07-01T02:51:13,NEW,502025CA013449XXXAMB,09/28/2026 10:00 AM ET,"5863 AZALEA CIR WEST PALM BEACH, FL- 33415","$183,980.59",,"$183,980.59",00424411360001300
2026-07-01T02:51:13,NEW,502026CA000125XXXAMB,09/30/2026 10:00 AM ET,"5976 WHIRLAWAY RD PALM BEACH GARDENS, FL- 33418","$19,422.06",,"$19,422.06",52424223040010100
2026-07-01T02:51:13,NEW,502025CA001430XXXAMB,10/08/2026 10:00 AM ET,"1044 SEAGRAPE RD LAKE WORTH, FL- 33462","$237,407.24",,"$237,407.24",00434509140000470
2026-07-01T02:51:13,NEW,502025CA010966XXXAMB,10/15/2026 10:00 AM ET,"821 SW 4TH AVE DELRAY BEACH, FL- 33444","$806,180.48",,"$806,180.48",12434620010110040
2026-07-01T02:51:13,NEW,502025CA005176XXXAMB,11/04/2026 10:00 AM ET,"726 NE 20TH LN BOYNTON BEACH, FL- 33435","$652,864.18",,"$652,864.18",08434515110050010
2026-07-02T02:51:04,NEW,502026CA000447XXXAMB,07/30/2026 10:00 AM ET,"4521 CHALLENGER WAY 72 WEST PALM BEACH, FL- 33417","$10,088.64",,"$10,088.64",00424312150000720
2026-07-02T02:51:04,NEW,502019CA007769XXXXMB,08/03/2026 10:00 AM ET,"8528 SERENA CREEK AVE BOYNTON BEACH, FL- 33473","$346,998.90",,"$346,998.90",00424529120002250
2026-07-02T02:51:04,NEW,502024CA003253XXXAMB,09/08/2026 10:00 AM ET,"2513 NW 4TH CT BOYNTON BEACH, FL- 33426","$321,750.99",,"$194,133.00",Property
2026-07-02T02:51:04,CLOSED,502025CC009330XXXAMB,07/01/2026 10:00 AM ET,"527 NORMANDY K DELRAY BEACH, FL- 33484","$30,125.25",,"$30,125.25",00424622130115270
2026-07-02T02:51:04,CLOSED,502025CC020210XXXAMB,07/01/2026 10:00 AM ET,"2991 S GARDEN DR 106 LAKE WORTH, FL- 33461","$28,788.48",,"$29,009.72",00434417530001060
2026-07-02T02:51:04,CLOSED,502025CA009456XXXAMB,07/06/2026 10:00 AM ET,"112 SWAN PKWY E ROYAL PALM BEACH, FL- 33411","$130,018.37",,"$130,018.37",72414326070150400
2026-07-02T02:51:04,CLOSED,502025CC006458XXXAMB,07/06/2026 10:00 AM ET,"9280 BOCA GARDENS PKWY B BOCA RATON, FL- 33496","$12,185.14",,"$12,185.14",00424706081470020
2026-07-02T02:51:04,CLOSED,502025CA007261XXXAMB,07/07/2026 10:00 AM ET,"300 S AUSTRALIAN AVE 611 WEST PALM BEACH, FL- 33401","$40,620.77",,"$41,738.52",74434321260000611
2026-07-02T02:51:04,CLOSED,502025CA012465XXXAMB,08/03/2026 10:00 AM ET,"778 SUMMIT LAKE DR WEST PALM BEACH, FL- 33406","$241,889.49",,"$241,889.49",00424401310000220
2026-07-03T02:51:27,NEW,502025CA008176XXXAMB,07/30/2026 10:00 AM ET,"136 LAKESHORE DR 511 NORTH PALM BEACH, FL- 33408","$845,221.72",,"$280,000.00",68434209230005110
2026-07-03T02:51:27,NEW,502024CA007611XXXAMB,08/05/2026 10:00 AM ET,"198 NW 67TH ST 5070 BOCA RATON, FL- 33487","$268,347.49",,"$268,347.49",06434705230015070
2026-07-03T02:51:27,NEW,502024CA007608XXXAMB,08/17/2026 10:00 AM ET,"13001 MARCELLA BLVD LOXAHATCHEE, FL- 33470","$390,667.32",,"$390,667.32",41414317016430040
2026-07-03T02:51:27,NEW,502025CA001782XXXAMB,09/08/2026 10:00 AM ET,"2513 NW 4TH CT BOYNTON BEACH, FL- 33426","$194,133.00",,"$194,133.00",08434516370190070
2026-07-03T02:51:27,NEW,502025CA007670XXXAMB,09/08/2026 10:00 AM ET,"187 SAXONY D DELRAY BEACH, FL- 33446","$30,450.48",,"$30,450.48",00424622090041870
2026-07-03T02:51:27,NEW,502025CA009251XXXAMB,09/08/2026 10:00 AM ET,"639 EXECUTIVE CENTER DR O-101 WEST PALM BEACH, FL- 33401","$18,103.31",,"$18,103.31",74434320030150130
2026-07-03T02:51:27,NEW,502025CA010082XXXAMB,09/08/2026 10:00 AM ET,"13651 EXOTICA LN WELLINGTON, FL- 33414","$367,313.92",,"$367,313.92",73414404010480010
2026-07-03T02:51:27,NEW,502025CA011117XXXAMB,09/28/2026 10:00 AM ET,"5863 AZALEA CIR WEST PALM BEACH, FL- 33415","$178,132.71",,"$183,980.59",Property
2026-07-03T02:51:27,CLOSED,502025CA007842XXXAMB,07/06/2026 10:00 AM ET,"2441 VILLAGE BLVD 102 WEST PALM BEACH, FL- 33409","$246,114.07",,"$246,114.07",74434307070181020
2026-07-03T02:51:27,CLOSED,502025CA011098XXXAMB,07/28/2026 10:00 AM ET,"516 OSPREY DR 15-A DELRAY BEACH, FL- 33444","$100,035.07",,"$100,035.07",12434629130030151
2026-07-03T02:51:27,CLOSED,502025CA013449XXXAMB,09/28/2026 10:00 AM ET,"5863 AZALEA CIR WEST PALM BEACH, FL- 33415","$183,980.59",,"$183,980.59",00424411360001300
2026-07-06T02:51:27,NEW,502025CA007261XXXAMB,08/17/2026 10:00 AM ET,"14701 CUMBERLAND DR 2080 DELRAY BEACH, FL- 33446","$40,620.77",,"$52,930.18",Property
2026-07-06T02:51:27,NEW,502019CA014857XXXXMB,08/31/2026 10:00 AM ET,"403 4TH LN GREENACRES, FL- 33463","$289,817.98",,"$21,704.63",Property
2026-07-06T02:51:27,CLOSED,502025CA010955XXXAMB,08/17/2026 10:00 AM ET,"14701 CUMBERLAND DR 2080 DELRAY BEACH, FL- 33446","$52,930.18",,"$52,930.18",00424616030012080
2026-07-06T02:51:27,CLOSED,502025CC017794XXXASB,08/31/2026 10:00 AM ET,"403 4TH LN GREENACRES, FL- 33463","$21,704.63",,"$21,704.63",18424426080000071
2026-07-07T02:51:19,CLOSED,502024CA001636XXXAMB,07/06/2026 10:00 AM ET,"90 SOUTH BLVD 1D BOYNTON BEACH, FL- 33435","$56,506.92",,"$56,506.92",08434533150900040
2026-07-07T02:51:19,CLOSED,502024CA005511XXXAMB,07/06/2026 10:00 AM ET,"1127 E SEMINOLE AVE 22B JUPITER, FL- 33477","$507,156.93",,Hidden,30434105070000222
2026-07-07T02:51:19,CLOSED,502025CA012415XXXAMB,07/06/2026 10:00 AM ET,"1006 SEMINOLE PALMS DR GREENACRES, FL- 33463","$210,662.54",,Hidden,18424427300000270
2026-07-07T02:51:19,CLOSED,502025CA007679XXXAMB,07/07/2026 10:00 AM ET,"1754 PIERSIDE CIR WELLINGTON, FL- 33414","$15,840.23",,"$17,658.88",73414410260000190
2026-07-07T02:51:19,CLOSED,502024CA006899XXXAMB,07/08/2026 10:00 AM ET,"934 PASEO CASTALLA WEST PALM BEACH, FL- 33405","$357,353.34",,"$261,000.00",74434333060050071
2026-07-07T02:51:19,CLOSED,502025CA006843XXXAMB,07/08/2026 10:00 AM ET,"1820 NEW PALM WAY 405 BOYNTON BEACH, FL- 33435","$11,716.01",,"$14,936.12",Property
2026-07-07T02:51:19,CLOSED,502025CA005722XXXAMB,07/09/2026 10:00 AM ET,"207 ANHINGA LN JUPITER, FL- 33458","$89,502.30",,"$89,261.70",30424115020000130
2026-07-07T02:51:19,CLOSED,502025CA008080XXXAMB,07/13/2026 10:00 AM ET,"7566 LAKE PLACID CT LAKE WORTH, FL- 33467","$262,273.78",,"$262,273.78",00424509120001110
2026-07-07T02:51:19,CLOSED,502024CA002272XXXAMB,08/03/2026 10:00 AM ET,"22035 SW 58TH AVE BOCA RATON, FL- 33428","$301,908.75",,"$301,908.75",00424730060220490
2026-07-07T02:51:19,CLOSED,502025CA010656XXXAMB,08/03/2026 10:00 AM ET,"5373 GENE CIR WEST PALM BEACH, FL- 33415","$229,110.38",,"$229,110.38",00424411210000911
2026-07-08T02:51:13,NEW,502024CA002272XXXAMB,08/03/2026 10:00 AM ET,"22035 SW 58TH AVE BOCA RATON, FL- 33428","$322,965.01",,"$301,908.75",00424730060220490
2026-07-08T02:51:13,NEW,502024CA012300XXXAMB,08/05/2026 10:00 AM ET,"17197 TETON RIVER RD BOCA RATON, FL- 33496","$622,161.68",,"$622,161.68",00424632090005670
2026-07-08T02:51:13,NEW,502025CA012487XXXAMB,08/05/2026 10:00 AM ET,"9 CAMBRIDGE PL BOYNTON BEACH, FL- 33426","$6,894.60",,"$6,894.60",08434508050190090
2026-07-08T02:51:13,NEW,502026CA002679XXXAMB,08/05/2026 10:00 AM ET,"8800 SHOAL CREEK LN BOYNTON BEACH, FL- 33472","$222,671.04","$238,979.00","$222,671.04",00424516080000480
2026-07-08T02:51:13,CLOSED,502025CA001688XXXAMB,07/07/2026 10:00 AM ET,"1331 PEBBLE RIDGE LN WEST PALM BEACH, FL- 33411","$67,722.02",,Hidden,00424407010000190
2026-07-08T02:51:13,CLOSED,502025CA012148XXXAMB,07/07/2026 10:00 AM ET,"112 S ELM AVE PAHOKEE, FL- 33476","$120,282.47","$112,911.00",Hidden,48374217040000080
2026-07-08T02:51:13,CLOSED,502019CA014857XXXXMB,08/31/2026 10:00 AM ET,"403 4TH LN GREENACRES, FL- 33463","$289,817.98",,"$21,704.63",Property
2026-07-09T02:51:27,NEW,502025CA013473XXXAMB,07/15/2026 10:00 AM ET,"510 NE 17TH ST BOCA RATON, FL- 33432","$28,984.20",,"$28,984.20",06434717080000230
2026-07-09T02:51:27,NEW,502025CA012128XXXAMB,08/06/2026 10:00 AM ET,"9481 VERONA LAKES BLVD BOYNTON BEACH, FL- 33472","$16,568.82",,"$16,568.82",00424518050001110
2026-07-09T02:51:27,NEW,502023CA014746XXXAMB,08/17/2026 10:00 AM ET,"400 HIBISCUS TREE DR LAKE WORTH, FL- 33462",$0.00,,$0.00,00434509100020330
2026-07-09T02:51:27,NEW,502025CA010955XXXAMB,08/17/2026 10:00 AM ET,"14701 CUMBERLAND DR 2080 DELRAY BEACH, FL- 33446","$52,930.18",,"$52,930.18",00424616030012080
2026-07-09T02:51:27,NEW,502025CA011840XXXAMB,08/17/2026 10:00 AM ET,"2401 NW 7TH ST BOYNTON BEACH, FL- 33426","$434,167.35",,"$434,167.35",08434516370070050
2026-07-09T02:51:27,NEW,502025CA008033XXXAMB,08/20/2026 10:00 AM ET,"87 PHEASANT RUN BLVD WEST PALM BEACH, FL- 33415","$21,131.43",,"$354,151.21",Property
2026-07-09T02:51:27,NEW,502025CA001688XXXAMB,09/08/2026 10:00 AM ET,"2513 NW 4TH CT BOYNTON BEACH, FL- 33426","$67,722.02",,"$194,133.00",Property
2026-07-09T02:51:27,CLOSED,502025CA000927XXXAMB,07/08/2026 10:00 AM ET,"127 W BLUE HERON BLVD RIVIERA BEACH, FL- 33404","$1,388,895.72",,"$1,200,000.00",56434228140090150
2026-07-09T02:51:27,CLOSED,502023CA013986XXXAMB,07/13/2026 10:00 AM ET,"214 EVERGRENE PKWY NORTH PALM BEACH, FL- 33410","$476,249.70",,"$476,249.70",52424136050190030
2026-07-09T02:51:27,CLOSED,502025CA013065XXXAMB,07/15/2026 10:00 AM ET,"5842 LA GORCE CIR LAKE WORTH, FL- 33463","$599,208.93",,"$599,208.93",00424502070000350
2026-07-09T02:51:27,CLOSED,502025CC016197XXXAMB,08/17/2026 10:00 AM ET,"343 CAPRI H DELRAY BEACH, FL- 33484","$15,320.86",,"$15,320.86",00424623060083430
2026-07-09T02:51:27,CLOSED,502026CA000694XXXAMB,08/17/2026 10:00 AM ET,"8266 VIA SERENA BOCA RATON, FL- 33433","$13,764.97",,"$13,764.97",00424720190450020
2026-07-09T02:51:27,CLOSED,502025CA008124XXXAMB,08/20/2026 10:00 AM ET,"87 PHEASANT RUN BLVD WEST PALM BEACH, FL- 33415","$354,151.21",,"$354,151.21",00424402310001090
2026-07-09T02:51:27,CLOSED,502025CA001782XXXAMB,09/08/2026 10:00 AM ET,"2513 NW 4TH CT BOYNTON BEACH, FL- 33426","$194,133.00",,"$194,133.00",08434516370190070
2026-07-09T02:51:27,CLOSED,502025CA010082XXXAMB,09/08/2026 10:00 AM ET,"13651 EXOTICA LN WELLINGTON, FL- 33414","$367,313.92",,"$367,313.92",73414404010480010
2026-07-10T02:51:18,NEW,502025CC016419XXXAMB,08/19/2026 10:00 AM ET,"6506 65TH WAY WEST PALM BEACH, FL- 33409","$25,607.46",,"$353,675.53",Property
2026-07-10T02:51:18,NEW,502025CA001116XXXAMB,09/08/2026 10:00 AM ET,"2513 NW 4TH CT BOYNTON BEACH, FL- 33426","$1,447,834.17",,"$194,133.00",Property
2026-07-10T02:51:18,CLOSED,502025CA001709XXXAMB,07/09/2026 10:00 AM ET,"3664 ALDER DR F1 WEST PALM BEACH, FL- 33417","$250,630.97",,"$146,247.00",00424313121230061
2026-07-10T02:51:18,CLOSED,502025CA002811XXXAMB,07/09/2026 10:00 AM ET,"2820 TENNIS CLUB DR 205 WEST PALM BEACH, FL- 33417","$27,226.32",,"$27,226.32",00424324160012080
2026-07-10T02:51:18,CLOSED,502025CA008552XXXAMB,07/09/2026 10:00 AM ET,"3997 ISLAND CLUB DR LAKE WORTH, FL- 33462","$297,029.17",,Hidden,00434439020000390
2026-07-10T02:51:18,CLOSED,502024CC017325XXXAMB,07/28/2026 10:00 AM ET,"521 FRANKLIN RD WEST PALM BEACH, FL- 33405","$41,010.40","$307,400.00","$41,010.40",74434404040170150
2026-07-10T02:51:18,CLOSED,502026CA000135XXXAMB,08/19/2026 10:00 AM ET,"6506 65TH WAY WEST PALM BEACH, FL- 33409","$353,675.53",,"$353,675.53",74434307040001042
2026-07-10T02:51:18,CLOSED,502025CA001688XXXAMB,09/08/2026 10:00 AM ET,"2513 NW 4TH CT BOYNTON BEACH, FL- 33426","$67,722.02",,"$194,133.00",Property
2026-07-10T02:51:18,CLOSED,502025CA009972XXXAMB,09/08/2026 10:00 AM ET,"145 DABOU LOOP BELLE GLADE, FL- 33430","$161,285.78",,"$161,285.78",04374406040130010
2026-07-13T02:51:19,NEW,502025CC012636XXXASB,07/15/2026 10:00 AM ET,"7543 OAK GROVE CIR LAKE WORTH, FL- 33467","$18,443.85",,"$18,443.85",00424504140010200
2026-07-13T02:51:19,NEW,502025CA011666XXXAMB,08/11/2026 10:00 AM ET,"10073 44TH AVE S BOYNTON BEACH, FL- 33436","$18,217.45",,"$18,217.45",00424525050003410
2026-07-13T02:51:19,NEW,502026CA000135XXXAMB,08/19/2026 10:00 AM ET,"6506 65TH WAY WEST PALM BEACH, FL- 33409","$353,675.53",,"$353,675.53",74434307040001042
2026-07-13T02:51:19,NEW,502025CA008124XXXAMB,08/20/2026 10:00 AM ET,"87 PHEASANT RUN BLVD WEST PALM BEACH, FL- 33415","$354,151.21",,"$354,151.21",00424402310001090
2026-07-13T02:51:19,NEW,502019CA014857XXXXMB,08/31/2026 10:00 AM ET,"4765 PURDUE DR BOYNTON BEACH, FL- 33436","$289,817.98",,"$289,817.98",00424513130010220
2026-07-13T02:51:19,NEW,502024CA011064XXXAMB,08/31/2026 10:00 AM ET,"1585 W 36TH ST RIVIERA BEACH, FL- 33404","$60,838.34",,"$60,838.34",56434229020060010
2026-07-13T02:51:19,NEW,502025CA013247XXXAMB,08/31/2026 10:00 AM ET,"714 7TH LN PALM BEACH GARDENS, FL- 33418","$434,208.25",,"$434,208.25",52424201040000714
2026-07-13T02:51:19,NEW,502026CA002350XXXAMB,08/31/2026 10:00 AM ET,"215 WOODLAND RD PALM SPRINGS, FL- 33461","$319,653.58",,"$319,653.58",70424413300002150
2026-07-13T02:51:19,NEW,502021CA012004XXXXMB,09/08/2026 10:00 AM ET,"2574 TREANOR TER WEST PALM BEACH, FL- 33414","$1,112,773.37",,"$1,112,773.37",73424417020015860
2026-07-13T02:51:19,NEW,502025CA001688XXXAMB,09/08/2026 10:00 AM ET,"1331 PEBBLE RIDGE LN WEST PALM BEACH, FL- 33411","$67,722.02",,"$67,722.02",00424407010000190
2026-07-13T02:51:19,NEW,502025CA001782XXXAMB,09/08/2026 10:00 AM ET,"2513 NW 4TH CT BOYNTON BEACH, FL- 33426","$194,133.00",,"$194,133.00",08434516370190070
2026-07-13T02:51:19,CLOSED,502025CA002930XXXAMB,07/15/2026 10:00 AM ET,"638 SHORE DR BOYNTON BEACH, FL- 33435","$525,922.67",,"$525,922.67",08434522060000610
2026-07-13T02:51:19,CLOSED,502025CA009304XXXAMB,09/08/2026 10:00 AM ET,"105 BELLA VITA DR ROYAL PALM BEACH, FL- 33411","$234,318.69",,"$234,318.69",72414323220000180
2026-07-14T02:51:27,NEW,502025CC018376XXXASB,07/15/2026 10:00 AM ET,"2502 N DIXIE HWY 49 LAKE WORTH, FL- 33460","$21,618.63",,"$21,618.63",38434415360000490
2026-07-14T02:51:27,NEW,502025CA002397XXXAMB,08/24/2026 10:00 AM ET,"5808 S 37TH ST GREENACRES, FL- 33463","$263,598.74",,"$263,598.74",18424423080020093
2026-07-14T02:51:27,CLOSED,502022CA006552XXXXMB,07/13/2026 10:00 AM ET,"12525 51ST CT N WEST PALM BEACH, FL- 33411","$329,862.67",,Hidden,00414303000007830
2026-07-14T02:51:27,CLOSED,502025CA001700XXXAMB,07/13/2026 10:00 AM ET,"1459 42ND ST WEST PALM BEACH, FL- 33407","$77,610.87",,Hidden,74434305010120070
2026-07-14T02:51:27,CLOSED,502025CA007181XXXAMB,07/13/2026 10:00 AM ET,"625 FLANDERS N DELRAY BEACH, FL- 33484","$157,472.43",,"$100,000.00",00424622100146250
2026-07-14T02:51:27,CLOSED,502025CA011335XXXAMB,07/13/2026 10:00 AM ET,"250 NW 39TH ST BOCA RATON, FL- 33431","$259,117.26",,Hidden,06434708020000040
2026-07-14T02:51:27,CLOSED,502025CC014823XXXASB,07/13/2026 10:00 AM ET,"4340 LILAC STREET # A PALM BEACH GARDENS, FL- 33410","$23,617.03",,"$23,617.03",Property
2026-07-14T02:51:27,CLOSED,502025CA008794XXXAMB,07/15/2026 10:00 AM ET,"10960 STAFFORD CIR S BOYNTON BEACH, FL- 33436","$14,135.77",,"$14,873.55",00424525110001040
2026-07-14T02:51:27,CLOSED,502025CA010901XXXAMB,07/15/2026 10:00 AM ET,"4075 PALM BAY CIR B WEST PALM BEACH, FL- 33406","$231,645.69",,"$196,500.00",00424401210000192
2026-07-14T02:51:27,CLOSED,502025CA008033XXXAMB,08/20/2026 10:00 AM ET,"1305 VIA DE PEPI BOYNTON BEACH, FL- 33426","$21,131.43",,"$21,131.43",08434520270000410
2026-07-14T02:51:27,CLOSED,502025CA008124XXXAMB,08/20/2026 10:00 AM ET,"87 PHEASANT RUN BLVD WEST PALM BEACH, FL- 33415","$354,151.21",,"$354,151.21",00424402310001090
2026-07-14T02:51:27,CLOSED,502025CA012662XXXAMB,08/20/2026 10:00 AM ET,"13052 COMPTON RD LOXAHATCHEE, FL- 33470","$917,051.29",,"$917,051.29",Property
2026-07-15T02:51:27,NEW,502025CA008033XXXAMB,08/20/2026 10:00 AM ET,"1305 VIA DE PEPI BOYNTON BEACH, FL- 33426","$21,131.43",,"$21,131.43",08434520270000410
2026-07-15T02:51:27,NEW,502025CA008124XXXAMB,08/20/2026 10:00 AM ET,"87 PHEASANT RUN BLVD WEST PALM BEACH, FL- 33415","$354,151.21",,"$354,151.21",00424402310001090
2026-07-15T02:51:27,NEW,502025CA012662XXXAMB,08/20/2026 10:00 AM ET,"13052 COMPTON RD LOXAHATCHEE, FL- 33470","$917,051.29",,"$917,051.29",Property
2026-07-15T02:51:27,NEW,502023CA011888XXXXMB,08/24/2026 10:00 AM ET,"1025 SE 3RD ST BELLE GLADE, FL- 33430","$192,341.25",,"$192,341.25",04374405070000160
2026-07-15T02:51:27,NEW,502025CA010873XXXAMB,09/09/2026 10:00 AM ET,"13274 POLO CLUB RD B-202 WELLINGTON, FL- 33414","$10,031.48",,"$10,031.48",73414416060002202
2026-07-15T02:51:27,NEW,502025CC011880XXXAMB,09/14/2026 10:00 AM ET,"116 S PALM VILLAS WAY PALM SPRINGS, FL- 33461","$15,254.92",,"$15,254.92",70424413440020010
2026-07-15T02:51:27,NEW,502025CC008275XXXAMB,09/18/2026 10:00 AM ET,"22103 ALTONA DR BOCA RATON, FL- 33428","$13,944.56",,"$13,944.56",00414722050000880
2026-07-15T02:51:27,NEW,502025CA012135XXXAMB,09/22/2026 10:00 AM ET,"15488 LAKES OF DELRAY BLVD 104 DELRAY BEACH, FL- 33484","$39,319.81",,"$39,319.81",00424623280021040
2026-07-15T02:51:27,NEW,502025CA009680XXXAMB,09/23/2026 10:00 AM ET,"23 BURGUNDY A DELRAY BEACH, FL- 33484","$75,167.14",,"$75,167.14",00424623050010230
2026-07-15T02:51:27,NEW,502025CC018497XXXAWB,09/23/2026 10:00 AM ET,"11750 ST ANDREWS PL APT 208 WELLINGTON, FL- 33414","$25,020.76",,"$25,020.76",73414414460052080
2026-07-15T02:51:27,CLOSED,502023CA000502XXXXMB,07/14/2026 10:00 AM ET,"14772 ORANGE BLVD LOXAHATCHEE, FL- 33470","$689,258.82",,Hidden,00414232000003080
2026-07-15T02:51:27,CLOSED,502025CA013473XXXAMB,07/15/2026 10:00 AM ET,"510 NE 17TH ST BOCA RATON, FL- 33432","$28,984.20",,"$28,984.20",06434717080000230
2026-07-15T02:51:27,CLOSED,502025CA010811XXXAMB,07/22/2026 10:00 AM ET,"6198 RIVERWALK LN 1 JUPITER, FL- 33458","$69,388.67",,"$69,388.67",30424103200430010
2026-07-16T02:51:37,CLOSED,502025CA007710XXXAMB,07/15/2026 10:00 AM ET,"3316 33RD WAY WEST PALM BEACH, FL- 33407","$233,768.27",,Hidden,74424301090001594
2026-07-16T02:51:37,CLOSED,502025CA008015XXXAMB,07/15/2026 10:00 AM ET,"918 TURNER RD DELRAY BEACH, FL- 33483","$801,886.91",,Hidden,00434604180000790
2026-07-16T02:51:37,CLOSED,502025CA008767XXXAMB,07/15/2026 10:00 AM ET,"210 TUSCANY D DELRAY BEACH, FL- 33446","$102,571.97",,"$29,900.00",00424622050032100
2026-07-16T02:51:37,CLOSED,502025CA009605XXXAMB,07/15/2026 10:00 AM ET,"14596 BELMONT TRCE WELLINGTON, FL- 33414","$5,329,240.26",,"$5,329,240.26",73414417010720010
2026-07-16T02:51:37,CLOSED,502025CA010220XXXAMB,07/15/2026 10:00 AM ET,"18721 SCHOONER DR BOCA RATON, FL- 33496","$347,684.49",,Hidden,00424705070160030
2026-07-16T02:51:37,CLOSED,502025CA011614XXXAMB,07/15/2026 10:00 AM ET,"334 DORSET H BOCA RATON, FL- 33434","$13,964.26",,"$13,964.26",00424708080083340
2026-07-16T02:51:37,CLOSED,502025CC012636XXXASB,07/15/2026 10:00 AM ET,"7543 OAK GROVE CIR LAKE WORTH, FL- 33467","$18,443.85",,"$18,443.85",00424504140010200
2026-07-16T02:51:37,CLOSED,502025CC018376XXXASB,07/15/2026 10:00 AM ET,"2502 N DIXIE HWY 49 LAKE WORTH, FL- 33460","$21,618.63",,"$21,618.63",38434415360000490
2026-07-16T02:51:37,CLOSED,502025CA005911XXXAMB,07/16/2026 10:00 AM ET,"1773 OCALA RD NORTH PALM BEACH, FL- 33408","$521,917.33",,"$521,917.33",00434132070001100
2026-07-17T02:51:27,NEW,502026CC005362XXXASB,07/20/2026 10:00 AM ET,"2944 CROTON LN WEST PALM BEACH, FL- 33403","$15,245.38",,"$15,245.38",00434217020050020
2026-07-17T02:51:27,NEW,502026CC002485XXXASB,08/13/2026 10:00 AM ET,"231 E LANTANA RD 501 LANTANA, FL- 33462","$20,636.12",,"$20,636.12",40434434130005010
2026-07-17T02:51:27,NEW,502026CC005681XXXASB,08/13/2026 10:00 AM ET,"307 BRITTANY G DELRAY BEACH, FL- 33446","$35,014.29",,"$35,014.29",00424622070073070
2026-07-17T02:51:27,NEW,502026CC006965XXXAMB,08/26/2026 10:00 AM ET,"1123 11TH TER PALM BEACH GARDENS, FL- 33418","$13,895.47",,"$13,895.47",52424210040001123
2026-07-17T02:51:27,CLOSED,502023CA002098XXXXMB,07/16/2026 10:00 AM ET,"114 SEACREST CT BOYNTON BEACH, FL- 33435","$271,107.56",,Hidden,08434521030120090
2026-07-17T02:51:27,CLOSED,502025CA004796XXXAMB,07/20/2026 10:00 AM ET,"158 ALCAZAR ST ROYAL PALM BEACH, FL- 33411","$478,435.53",,"$478,435.53",72414314030040380
2026-07-17T02:51:27,CLOSED,502025CA004575XXXAMB,07/22/2026 10:00 AM ET,"7791 BRIDLINGTON DR BOYNTON BEACH, FL- 33472","$30,250.79",,Hidden,00424516070000650
2026-07-20T02:51:35,NEW,502025CA002344XXXAMB,08/13/2026 10:00 AM ET,"7705 MANSFIELD HOLLOW RD DELRAY BEACH, FL- 33446","$521,505.00",,"$521,505.00",Property
2026-07-20T02:51:35,NEW,502024CA005838XXXAMB,08/18/2026 10:00 AM ET,"716 LA COSTA WAY LANTANA, FL- 33462","$221,469.10",,"$221,469.10",40434504140060130
2026-07-20T02:51:35,NEW,502025CA009262XXXAMB,08/18/2026 10:00 AM ET,"9343 TANGO TER BOCA RATON, FL- 33496","$573,389.57",,"$573,389.57",00424706130000650
2026-07-20T02:51:35,NEW,502025CC007487XXXAMB,08/26/2026 10:00 AM ET,"9082 BOCA GARDENS PKWY C BOCA RATON, FL- 33496","$10,940.60",,"$10,940.60",00424706081380030
2026-07-20T02:51:35,NEW,502026CA002996XXXAMB,08/31/2026 10:00 AM ET,"331 KNOTTY PINE CIR D1 GREENACRES, FL- 33463","$16,869.71",,"$16,869.71",18424426153310041
2026-07-20T02:51:35,NEW,502026CC002068XXXAMB,08/31/2026 10:00 AM ET,"6172 PLAINS DR LAKE WORTH, FL- 33463","$8,749.60",,"$8,749.60",00424434290002750
2026-07-20T02:51:35,NEW,502026CC004633XXXANB,09/01/2026 10:00 AM ET,"316 SOUTHWIND CT 203 NORTH PALM BEACH, FL- 33408","$58,045.81",,"$58,045.81",68434217310002030
2026-07-20T02:51:35,NEW,502024CC017325XXXAMB,09/04/2026 10:00 AM ET,"521 FRANKLIN RD WEST PALM BEACH, FL- 33405","$14,728.90",,"$41,010.40",74434404040170150
2026-07-20T02:51:35,NEW,502025CC017581XXXASB,09/14/2026 10:00 AM ET,"914 9TH LN GREENACRES, FL- 33463","$23,539.04",,"$23,539.04",18424426080000314
2026-07-20T02:51:35,CLOSED,502023CA014855XXXAMB,07/20/2026 10:00 AM ET,"4804 WATERVIEW CIR PALM SPRINGS, FL- 33461","$249,110.43","$255,294.00","$249,110.43",70434419240000484
2026-07-20T02:51:35,CLOSED,502025CA001613XXXAMB,07/20/2026 10:00 AM ET,"12373 EQUINE LN WELLINGTON, FL- 33414","$716,876.00",,"$716,876.00",73414422010000840
2026-07-20T02:51:35,CLOSED,502025CA007102XXXAMB,07/20/2026 10:00 AM ET,"857 WANDERING WILLOW WAY LOXAHATCHEE, FL- 33470","$795,299.59",,"$690,000.00",00404328020002780
2026-07-20T02:51:35,CLOSED,502025CA011154XXXAMB,07/20/2026 10:00 AM ET,"6486 BRAVA WAY BOCA RATON, FL- 33433","$325,897.97",,"$325,897.97",00424734220000120
2026-07-20T02:51:35,CLOSED,502025CA013104XXXAMB,07/20/2026 10:00 AM ET,"16198 SEA TURTLE PL WESTLAKE, FL- 33470","$684,862.74",,Hidden,77404312140001660
2026-07-21T02:51:30,NEW,502025CA007842XXXAMB,08/10/2026 10:00 AM ET,"2441 VILLAGE BLVD 102 WEST PALM BEACH, FL- 33409","$246,114.07",,"$246,114.07",74434307070181020
2026-07-21T02:51:30,NEW,502025CA008123XXXAMB,08/17/2026 10:00 AM ET,"410 EVERNIA ST 117 WEST PALM BEACH, FL- 33401","$698,486.14",,"$698,486.14",74434321250001170
2026-07-21T02:51:30,NEW,502025CA008658XXXAMB,08/19/2026 10:00 AM ET,"1328 NW 7TH ST BOCA RATON, FL- 33486","$256,829.62",,"$256,829.62",06424724020050060
2026-07-21T02:51:30,NEW,502025CA010516XXXAMB,08/19/2026 10:00 AM ET,"600 S OCEAN BLVD 5070 BOCA RATON, FL- 33432","$69,016.63",,"$69,016.63",06434728060005070
2026-07-21T02:51:30,NEW,502025CA011068XXXAMB,08/19/2026 10:00 AM ET,"581 NW 47TH AVE DELRAY BEACH, FL- 33445","$192,717.12",,"$192,717.12",12424612080030222
2026-07-21T02:51:30,NEW,502025CA011619XXXAMB,08/19/2026 10:00 AM ET,"235 SUNRISE AVE 2008 PALM BEACH, FL- 33480","$324,513.56",,"$324,513.56",50434315280002008
2026-07-21T02:51:30,NEW,502025CA011714XXXAMB,08/24/2026 10:00 AM ET,"5656 EAGLE LAKE DR PALM BEACH GARDENS, FL- 33418","$34,816.96",,"$34,816.96",52424135020000623
2026-07-21T02:51:30,NEW,502026CA000373XXXAMB,08/19/2026 10:00 AM ET,"12317 EQUINE LN WELLINGTON, FL- 33414","$24,167.89",,"$24,167.89",73414422010000960
2026-07-21T02:51:30,NEW,502026CA001556XXXAMB,08/19/2026 10:00 AM ET,"18908 CANDLEWICK DR BOCA RATON, FL- 33496","$20,190.06",,"$20,190.06",00424705070240010
2026-07-21T02:51:30,NEW,502022CA002491XXXXMB,08/24/2026 10:00 AM ET,"23379 SW 55TH WAY A BOCA RATON, FL- 33433","$331,810.20",,"$331,810.20",00424732020000261
2026-07-21T02:51:30,NEW,502024CC007094XXXAMB,08/26/2026 10:00 AM ET,"22261 FESTIVAL WAY BOCA RATON, FL- 33428","$26,135.71",,"$416,095.83",Property
2026-07-21T02:51:30,NEW,502025CA002593XXXAMB,08/31/2026 10:00 AM ET,"714 7TH LN PALM BEACH GARDENS, FL- 33418","$464,267.70",,"$434,208.25",Property
2026-07-21T02:51:30,NEW,502026CA000303XXXAMB,08/31/2026 10:00 AM ET,"215 WOODLAND RD PALM SPRINGS, FL- 33461","$160,312.94",,"$319,653.58",Property
2026-07-21T02:51:30,NEW,502024CA007179XXXAMB,09/14/2026 10:00 AM ET,"116 S PALM VILLAS WAY PALM SPRINGS, FL- 33461","$233,834.18",,"$15,254.92",Property
2026-07-21T02:51:30,CLOSED,502024CA001029XXXAMB,07/20/2026 10:00 AM ET,"1408 LAKE BASS DRIVE LAKE WORTH, FL- 33461","$295,863.53",,Hidden,Property
2026-07-21T02:51:30,CLOSED,502024CA003826XXXAMB,07/20/2026 10:00 AM ET,"302 FORDHAM DR LAKE WORTH BEACH, FL- 33460","$1,161,529.74",,"$1,161,529.74",38434415060062990
2026-07-21T02:51:30,CLOSED,502025CA000736XXXAMB,07/20/2026 10:00 AM ET,"647 EDGEBROOK LN WEST PALM BEACH, FL- 33411","$1,283,164.92",,Hidden,00424405080000780
2026-07-21T02:51:30,CLOSED,502025CA005012XXXAMB,07/20/2026 10:00 AM ET,"1630 EMBASSY DR 204 WEST PALM BEACH, FL- 33401","$9,900.46",,"$9,900.46",74434317160002040
2026-07-21T02:51:30,CLOSED,502026CC005362XXXASB,07/20/2026 10:00 AM ET,"2944 CROTON LN WEST PALM BEACH, FL- 33403","$15,245.38",,"$15,245.38",00434217020050020
2026-07-21T02:51:30,CLOSED,502025CC017748XXXAMB,07/22/2026 10:00 AM ET,"687 NORMANDY O DELRAY BEACH, FL- 33484","$20,180.70",,"$20,180.70",00424622130156870
2026-07-21T02:51:30,CLOSED,502025CA005366XXXAMB,08/10/2026 10:00 AM ET,"760 E OCEAN AVE 203 BOYNTON BEACH, FL- 33435","$277,553.67",,"$277,553.67",08434527450032030
2026-07-21T02:51:30,CLOSED,502025CA011840XXXAMB,08/17/2026 10:00 AM ET,"2401 NW 7TH ST BOYNTON BEACH, FL- 33426","$434,167.35",,"$434,167.35",08434516370070050
2026-07-21T02:51:30,CLOSED,502026CC002599XXXAMB,08/19/2026 10:00 AM ET,"2315 DOCK ST WEST PALM BEACH, FL- 33401","$22,304.36",,"$22,304.36",Property
2026-07-21T02:51:30,CLOSED,502025CA002931XXXAMB,08/26/2026 10:00 AM ET,"22261 FESTIVAL WAY BOCA RATON, FL- 33428","$416,095.83",,"$416,095.83",00414725170000420
2026-07-21T02:51:30,CLOSED,502025CA013247XXXAMB,08/31/2026 10:00 AM ET,"714 7TH LN PALM BEACH GARDENS, FL- 33418","$434,208.25",,"$434,208.25",52424201040000714
2026-07-21T02:51:30,CLOSED,502026CA002350XXXAMB,08/31/2026 10:00 AM ET,"215 WOODLAND RD PALM SPRINGS, FL- 33461","$319,653.58",,"$319,653.58",70424413300002150
2026-07-21T02:51:30,CLOSED,502026CA002996XXXAMB,08/31/2026 10:00 AM ET,"331 KNOTTY PINE CIR D1 GREENACRES, FL- 33463","$16,869.71",,"$16,869.71",18424426153310041
2026-07-21T02:51:30,CLOSED,502026CC002068XXXAMB,08/31/2026 10:00 AM ET,"6172 PLAINS DR LAKE WORTH, FL- 33463","$8,749.60",,"$8,749.60",00424434290002750
2026-07-21T02:51:30,CLOSED,502025CC011880XXXAMB,09/14/2026 10:00 AM ET,"116 S PALM VILLAS WAY PALM SPRINGS, FL- 33461","$15,254.92",,"$15,254.92",70424413440020010
2026-07-22T02:51:28,NEW,502025CA010656XXXAMB,08/03/2026 10:00 AM ET,"5373 GENE CIR WEST PALM BEACH, FL- 33415","$229,110.38",,"$229,110.38",00424411210000911
2026-07-22T02:51:28,NEW,502018CA016108XXXXMB,08/19/2026 10:00 AM ET,"13450 OLD ENGLISHTOWN RD WELLINGTON, FL- 33414","$157,236.52",,"$157,236.52",73414404140000480
2026-07-22T02:51:28,NEW,502024CA011677XXXAMB,08/19/2026 10:00 AM ET,"2132 NE 1ST WAY 102 BOYNTON BEACH, FL- 33435","$49,217.05",,"$49,217.05",08434516120111020
2026-07-22T02:51:28,NEW,502025CA000585XXXAMB,08/19/2026 10:00 AM ET,"11424 165TH ROAD N JUPITER, FL- 33478","$791,888.19",,"$791,888.19",Property
2026-07-22T02:51:28,NEW,502025CA012097XXXAMB,08/19/2026 10:00 AM ET,"4512 BLUE PINE CIR LAKE WORTH, FL- 33463","$537,812.55",,"$537,812.55",00424501040000560
2026-07-22T02:51:28,NEW,502025CA007657XXXAMB,08/26/2026 10:00 AM ET,"16298 90TH ST N LOXAHATCHEE, FL- 33470","$278,250.56",,"$582,791.10",Property
2026-07-22T02:51:28,CLOSED,502025CA011381XXXAMB,07/21/2026 10:00 AM ET,"1135 22ND ST WEST PALM BEACH, FL- 33407","$233,146.10",,"$233,146.10",Property
2026-07-22T02:51:28,CLOSED,502025CA009871XXXAMB,07/22/2026 10:00 AM ET,"608 SE 2ND AVE DELRAY BEACH, FL- 33483","$677,659.20",,Hidden,12434621010070390
2026-07-22T02:51:28,CLOSED,502025CA008521XXXAMB,07/23/2026 10:00 AM ET,"10150 YEOMAN LN ROYAL PALM BEACH, FL- 33411","$151,207.01",,"$151,207.01",72414325060004950
2026-07-22T02:51:28,CLOSED,502025CA001696XXXAMB,07/28/2026 10:00 AM ET,"3127 FERNWOOD DR BOYNTON BEACH, FL- 33435","$1,269,403.02",,"$1,269,403.02",08434605010090150
2026-07-22T02:51:28,CLOSED,502019CA007769XXXXMB,08/03/2026 10:00 AM ET,"8528 SERENA CREEK AVE BOYNTON BEACH, FL- 33473","$346,998.90",,"$346,998.90",00424529120002250
2026-07-22T02:51:28,CLOSED,502026CA000373XXXAMB,08/19/2026 10:00 AM ET,"12317 EQUINE LN WELLINGTON, FL- 33414","$24,167.89",,"$24,167.89",73414422010000960
2026-07-22T02:51:28,CLOSED,502026CA001556XXXAMB,08/19/2026 10:00 AM ET,"18908 CANDLEWICK DR BOCA RATON, FL- 33496","$20,190.06",,"$20,190.06",00424705070240010
2026-07-22T02:51:28,CLOSED,502025CA008509XXXAMB,08/26/2026 10:00 AM ET,"16298 90TH ST N LOXAHATCHEE, FL- 33470","$582,791.10",,"$582,791.10",00404213000006120
2026-07-22T02:51:28,CLOSED,502025CA002593XXXAMB,08/31/2026 10:00 AM ET,"714 7TH LN PALM BEACH GARDENS, FL- 33418","$464,267.70",,"$434,208.25",Property
2026-07-22T02:51:28,CLOSED,502026CA000303XXXAMB,08/31/2026 10:00 AM ET,"215 WOODLAND RD PALM SPRINGS, FL- 33461","$160,312.94",,"$319,653.58",Property
2026-07-23T02:51:21,NEW,502025CA010870XXXAMB,07/27/2026 10:00 AM ET,"10331 BOYNTON PLACE CIR BOYNTON BEACH, FL- 33437","$11,341.19",,Hidden,00424526260003270
2026-07-23T02:51:21,NEW,502025CA011008XXXAMB,07/27/2026 10:00 AM ET,"9388 MARAND WAY WEST PALM BEACH, FL- 33403","$292,431.13",,"$292,431.13",Property
2026-07-23T02:51:21,NEW,502025CA009976XXXAMB,08/19/2026 10:00 AM ET,"112 LANCASTER WAY ROYAL PALM BEACH, FL- 33414","$391,008.35",,"$391,008.35",72414401010040060
2026-07-23T02:51:21,NEW,502025CA001696XXXAMB,08/25/2026 10:00 AM ET,"3127 FERNWOOD DR BOYNTON BEACH, FL- 33435","$1,269,403.02",,"$1,269,403.02",08434605010090150
2026-07-23T02:51:21,NEW,502025CA002931XXXAMB,08/26/2026 10:00 AM ET,"22261 FESTIVAL WAY BOCA RATON, FL- 33428","$416,095.83",,"$416,095.83",00414725170000420
2026-07-23T02:51:21,NEW,502025CA008509XXXAMB,08/26/2026 10:00 AM ET,"16298 90TH ST N LOXAHATCHEE, FL- 33470","$582,791.10",,"$582,791.10",00404213000006120
2026-07-23T02:51:21,NEW,502025CA002593XXXAMB,08/31/2026 10:00 AM ET,"283 BRIER CIR JUPITER, FL- 33458","$464,267.70",,"$464,267.70",30424110340000790
2026-07-23T02:51:21,NEW,502025CA004474XXXAMB,08/31/2026 10:00 AM ET,"614 EXECUTIVE CENTER DR 208 WEST PALM BEACH, FL- 33401","$224,900.51",,"$224,900.51",74434320056142080
2026-07-23T02:51:21,NEW,502025CA006385XXXAMB,08/31/2026 10:00 AM ET,"194 MASTIC TREE CT ROYAL PALM BEACH, FL- 33411","$280,887.35","$201,842.00","$280,887.35",72414326210001940
2026-07-23T02:51:21,NEW,502025CA009418XXXAMB,08/31/2026 10:00 AM ET,"8497 JUDDITH AVE BOYNTON BEACH, FL- 33472","$32,224.92","$238,264.00","$32,224.92",00424516040000280
2026-07-23T02:51:21,NEW,502025CA010457XXXAMB,08/31/2026 10:00 AM ET,"2737 FAWN DR LOXAHATCHEE, FL- 33470","$260,373.86",,"$260,373.86",00404321010000630
2026-07-23T02:51:21,NEW,502025CA011161XXXAMB,08/31/2026 10:00 AM ET,"6120 NEWSTEAD CT GREENACRES, FL- 33463","$160,037.92","$190,620.00","$160,037.92",18424422310000890
2026-07-23T02:51:21,NEW,502023CA013120XXXXMB,09/03/2026 10:00 AM ET,"6606 WINDMILL WAY GREENACRES, FL- 33413","$370,758.96",,"$68,673.81",Property
2026-07-23T02:51:21,NEW,502025CA005012XXXAMB,09/22/2026 10:00 AM ET,"15488 LAKES OF DELRAY BLVD 104 DELRAY BEACH, FL- 33484","$99,000.46",,"$39,319.81",Property
2026-07-23T02:51:21,CLOSED,502025CA004718XXXAMB,07/22/2026 10:00 AM ET,"9769 BOZZANO DR DELRAY BEACH, FL- 33446","$2,007,388.30",,"$2,007,388.30",00424630110005840
2026-07-23T02:51:21,CLOSED,502025CC016313XXXAMB,07/22/2026 10:00 AM ET,"247 PIEDMONT F DELRAY BEACH, FL- 33484","$23,849.64",,"$23,849.64",00424622170062470
2026-07-23T02:51:21,CLOSED,502026CC000292XXXAMB,07/22/2026 10:00 AM ET,"455 FLANDERS J DELRAY BEACH, FL- 33484","$24,270.25",,"$24,270.25",00424622100104550
2026-07-23T02:51:21,CLOSED,502025CA012530XXXAMB,07/23/2026 10:00 AM ET,"150 VALENCIA G DELRAY BEACH, FL- 33446","$1,515,782.24",,"$27,589.79",MULTIPLE
2026-07-23T02:51:21,CLOSED,502025CA005312XXXAMB,07/27/2026 10:00 AM ET,"17194 BRULEE BREEZE WAY BOCA RATON, FL- 33496","$4,842,336.72",,"$4,914,373.56",00424631130002600
2026-07-23T02:51:21,CLOSED,502025CA009472XXXAMB,07/27/2026 10:00 AM ET,"2300 SW 19TH AVE BOYNTON BEACH, FL- 33426","$151,086.86",,"$151,086.86",08434532041110030
2026-07-23T02:51:21,CLOSED,502026CA000135XXXAMB,08/19/2026 10:00 AM ET,"6506 65TH WAY WEST PALM BEACH, FL- 33409","$353,675.53",,"$353,675.53",74434307040001042
2026-07-23T02:51:21,CLOSED,502025CA009596XXXAMB,09/03/2026 10:00 AM ET,"6606 WINDMILL WAY GREENACRES, FL- 33413","$68,673.81",,"$68,673.81",18424403090000820
2026-07-23T02:51:21,CLOSED,502025CA012135XXXAMB,09/22/2026 10:00 AM ET,"15488 LAKES OF DELRAY BLVD 104 DELRAY BEACH, FL- 33484","$39,319.81",,"$39,319.81",00424623280021040
2026-07-24T02:51:19,NEW,502026CA000685XXXAMB,08/18/2026 10:00 AM ET,"3351 N FEDERAL HWY DELRAY BEACH, FL- 33483","$993,885.33",,"$993,885.33",00434604120000170
2026-07-24T02:51:19,NEW,502025CA001605XXXAMB,08/19/2026 10:00 AM ET,"153 SEMINOLE LAKES DR ROYAL PALM BEACH, FL- 33411","$7,019.20",,"$7,019.20",72414335050001220
2026-07-24T02:51:19,NEW,502025CA009058XXXAMB,08/19/2026 10:00 AM ET,"7240 HUNTINGTON LN 101 DELRAY BEACH, FL- 33446","$74,795.59",,"$74,795.59",00424615250241010
2026-07-24T02:51:19,NEW,502025CA010103XXXAMB,08/19/2026 10:00 AM ET,"610 CLEMATIS ST UNIT 734 WEST PALM BEACH, FL- 33401","$283,628.43",,"$283,628.43",74434321230077340
2026-07-24T02:51:19,NEW,502024CA007475XXXAMB,08/24/2026 10:00 AM ET,"16176 SIERRA PALMS DR DELRAY BEACH, FL- 33484","$61,963.47",,"$61,963.47",00424626480000520
2026-07-24T02:51:19,NEW,502025CC009675XXXASB,08/25/2026 10:00 AM ET,"1579 BRIAR OAK DR ROYAL PALM BEACH, FL- 33411","$17,169.37",,"$17,169.37",72414322010000400
2026-07-24T02:51:19,NEW,502022CA006893XXXXMB,08/31/2026 10:00 AM ET,"13909 VIA NIDIA DELRAY BEACH, FL- 33446","$521,558.52",,"$521,558.52",00424610050000550
2026-07-24T02:51:19,NEW,502024CA008051XXXAMB,08/31/2026 10:00 AM ET,"5655 LA QUINTA CT LAKE WORTH, FL- 33463","$240,497.21",,"$240,497.21",00424502100000630
2026-07-24T02:51:19,NEW,502024CA002976XXXAMB,09/14/2026 10:00 AM ET,"116 S PALM VILLAS WAY PALM SPRINGS, FL- 33461","$9,300.54",,"$15,254.92",Property
2026-07-24T02:51:19,CLOSED,502025CA004084XXXAMB,07/23/2026 10:00 AM ET,"6461 NW 2ND AVE 4110 BOCA RATON, FL- 33487","$186,804.08",,"$132,424.00",06434705140004110
2026-07-24T02:51:19,CLOSED,502025CA011619XXXAMB,08/19/2026 10:00 AM ET,"235 SUNRISE AVE 2008 PALM BEACH, FL- 33480","$324,513.56",,"$324,513.56",50434315280002008
2026-07-24T02:51:19,CLOSED,502025CA012097XXXAMB,08/19/2026 10:00 AM ET,"4512 BLUE PINE CIR LAKE WORTH, FL- 33463","$537,812.55",,"$537,812.55",00424501040000560
2026-07-24T02:51:19,CLOSED,502025CC016419XXXAMB,08/19/2026 10:00 AM ET,"23 BURGUNDY A DELRAY BEACH, FL- 33484","$25,607.46",,"$25,607.46",00424623050010230
2026-07-24T02:51:19,CLOSED,502025CA011714XXXAMB,08/24/2026 10:00 AM ET,"5656 EAGLE LAKE DR PALM BEACH GARDENS, FL- 33418","$34,816.96",,"$34,816.96",52424135020000623
2026-07-24T02:51:19,CLOSED,502025CA010457XXXAMB,08/31/2026 10:00 AM ET,"2737 FAWN DR LOXAHATCHEE, FL- 33470","$260,373.86",,"$260,373.86",00404321010000630
2026-07-24T02:51:19,CLOSED,502025CA011161XXXAMB,08/31/2026 10:00 AM ET,"6120 NEWSTEAD CT GREENACRES, FL- 33463","$160,037.92","$190,620.00","$160,037.92",18424422310000890
2026-07-24T02:51:19,CLOSED,502024CA007179XXXAMB,09/14/2026 10:00 AM ET,"116 S PALM VILLAS WAY PALM SPRINGS, FL- 33461","$233,834.18",,"$15,254.92",Property
2026-07-24T02:51:19,CLOSED,502025CC017581XXXASB,09/14/2026 10:00 AM ET,"914 9TH LN GREENACRES, FL- 33463","$23,539.04",,"$23,539.04",18424426080000314
2026-07-27T02:51:27,NEW,502025CA011231XXXAMB,07/27/2026 10:00 AM ET,"15781 74TH AVE N PALM BEACH GARDENS, FL- 33418","$9,779.65",,"$96,870.75",TIMESHARE
2026-07-27T02:51:27,NEW,502025CA001974XXXAMB,08/25/2026 10:00 AM ET,"549 MONACO L DELRAY BEACH, FL- 33446","$128,487.25","$79,582.00","$128,487.25",00424622080125490
2026-07-27T02:51:27,NEW,502026CC009651XXXASB,08/25/2026 10:00 AM ET,"8410 STANIEL CAY WEST PALM BEACH, FL- 33411","$15,112.38",,"$15,112.38",74424320070000610
2026-07-27T02:51:27,NEW,502025CA004168XXXAMB,08/31/2026 10:00 AM ET,"1965 S CLUB DR WELLINGTON, FL- 33414","$477,067.06",,"$477,067.06",73414407050000870
2026-07-27T02:51:27,NEW,502025CA009596XXXAMB,09/03/2026 10:00 AM ET,"6606 WINDMILL WAY GREENACRES, FL- 33413","$68,673.81",,"$68,673.81",18424403090000820
2026-07-27T02:51:27,NEW,502024CA007179XXXAMB,09/14/2026 10:00 AM ET,"5138 MICHAEL DR WEST PALM BEACH, FL- 33417","$233,834.18",,"$233,834.18",00424314020003740
2026-07-27T02:51:27,NEW,502024CA009313XXXAMB,09/14/2026 10:00 AM ET,"4490 ISLAND REEF DR WELLINGTON, FL- 33449","$1,415,527.42",,"$1,415,527.42",73414426050001610
2026-07-27T02:51:27,NEW,502025CA001630XXXAMB,09/14/2026 10:00 AM ET,"11386 SHILOH WAY BOCA RATON, FL- 33428","$391,440.00",,"$391,440.00",00414714020000020
2026-07-27T02:51:27,NEW,502025CA006426XXXAMB,09/14/2026 10:00 AM ET,"7882 SUNSTONE ST DELRAY BEACH, FL- 33446","$869,709.32",,"$869,709.32",00424616310000110
2026-07-27T02:51:27,NEW,502025CA010240XXXAMB,09/14/2026 10:00 AM ET,"10209 SPYGLASS WAY BOCA RATON, FL- 33498","$422,991.62",,"$422,991.62",00414636020000250
2026-07-27T02:51:27,NEW,502025CA011563XXXAMB,09/14/2026 10:00 AM ET,"648 WEST DR DELRAY BEACH, FL- 33445","$271,804.69",,"$271,804.69",12434619060000020
2026-07-27T02:51:27,NEW,502025CA012286XXXAMB,09/14/2026 10:00 AM ET,"500 VILLAGE GREEN CIRCLE WEST PALM SPRINGS, FL- 33461","$138,812.36",,"$138,812.36",Property
2026-07-27T02:51:27,NEW,502025CA012366XXXAMB,09/14/2026 10:00 AM ET,"1016 SHOMA DR ROYAL PALM BEACH, FL- 33414","$13,145.58",,"$13,145.58",72414401080284610
2026-07-27T02:51:27,NEW,502025CC011880XXXAMB,09/14/2026 10:00 AM ET,"116 S PALM VILLAS WAY PALM SPRINGS, FL- 33461","$15,254.92",,"$15,254.92",70424413440020010
2026-07-27T02:51:27,NEW,502025CA005312XXXAMB,09/22/2026 10:00 AM ET,"17194 BRULEE BREEZE WAY BOCA RATON, FL- 33496","$4,842,336.72",,"$4,842,336.72",00424631130002600
2026-07-27T02:51:27,NEW,502025CA012135XXXAMB,09/22/2026 10:00 AM ET,"15488 LAKES OF DELRAY BLVD 104 DELRAY BEACH, FL- 33484","$39,319.81",,"$39,319.81",00424623280021040
2026-07-27T02:51:27,NEW,502025CA013449XXXAMB,09/28/2026 10:00 AM ET,"5863 AZALEA CIR WEST PALM BEACH, FL- 33415","$183,980.59",,"$183,980.59",00424411360001300
2026-07-27T02:51:27,NEW,502025CA012235XXXAMB,10/05/2026 10:00 AM ET,"8436 CYPRESS LN A BOCA RATON, FL- 33433","$33,190.53",,"$33,190.53",00424720030000701
2026-07-27T02:51:27,NEW,502024CA006899XXXAMB,10/07/2026 10:00 AM ET,"934 PASEO CASTALLA WEST PALM BEACH, FL- 33405","$357,353.34",,"$357,353.34",74434333060050071
2026-07-27T02:51:27,NEW,502025CA007162XXXAMB,10/08/2026 10:00 AM ET,"4214 WAVERLY DR WEST PALM BEACH, FL- 33407","$322,670.47",,"$322,670.47",74434305190030050
2026-07-27T02:51:27,NEW,502025CA008794XXXAMB,10/08/2026 10:00 AM ET,"10960 STAFFORD CIR S BOYNTON BEACH, FL- 33436","$14,135.77",,"$14,135.77",00424525110001040
2026-07-27T02:51:27,NEW,502025CA012211XXXAMB,11/23/2026 10:00 AM ET,"9106 PINEVILLE DR LAKE WORTH, FL- 33467","$362,746.18",,"$362,746.18",00424442030000270
2026-07-27T02:51:27,CLOSED,502025CC020000XXXAMB,07/24/2026 10:00 AM ET,"1015 GREEN PINE BLVD F1 WEST PALM BEACH, FL- 33409","$20,340.65",,"$22,702.73",74424313080150061
2026-07-27T02:51:27,CLOSED,502024CA005614XXXAMB,07/27/2026 10:00 AM ET,"6624 SWEET MAPLE LN BOCA RATON, FL- 33433","$615,865.43","$616,838.00",Hidden,06424722120010840
2026-07-27T02:51:27,CLOSED,502025CA010870XXXAMB,07/27/2026 10:00 AM ET,"10331 BOYNTON PLACE CIR BOYNTON BEACH, FL- 33437","$11,341.19",,Hidden,00424526260003270
2026-07-27T02:51:27,CLOSED,502025CA012487XXXAMB,08/05/2026 10:00 AM ET,"9 CAMBRIDGE PL BOYNTON BEACH, FL- 33426","$6,894.60",,"$6,894.60",08434508050190090
2026-07-27T02:51:27,CLOSED,502025CA009418XXXAMB,08/31/2026 10:00 AM ET,"8497 JUDDITH AVE BOYNTON BEACH, FL- 33472","$32,224.92","$238,264.00","$32,224.92",00424516040000280
2026-07-28T02:51:27,NEW,502025CA008797XXXAMB,08/10/2026 10:00 AM ET,"119 NW 6TH AVE DELRAY BEACH, FL- 33444","$74,236.98","$435,014.00","$74,236.98",12434616010190260
2026-07-28T02:51:27,NEW,502023CA015898XXXAMB,08/31/2026 10:00 AM ET,"6018 ADRIATIC WAY WEST PALM BEACH, FL- 33413","$405,728.18","$372,812.00","$405,728.18",00424334050000040
2026-07-28T02:51:27,NEW,502025CA009304XXXAMB,09/08/2026 10:00 AM ET,"105 BELLA VITA DR ROYAL PALM BEACH, FL- 33411","$234,318.69",,"$234,318.69",72414323220000180
2026-07-28T02:51:27,NEW,502024CA005614XXXAMB,09/24/2026 10:00 AM ET,"6624 SWEET MAPLE LN BOCA RATON, FL- 33433","$615,865.43","$616,838.00","$615,865.43",06424722120010840
2026-07-28T02:51:27,NEW,502025CA002419XXXAMB,10/13/2026 10:00 AM ET,"9895 SHEPARD PLACE WELLINGTON, FL- 33414","$807,281.99",,"$807,281.99",Property
2026-07-28T02:51:27,NEW,502025CA003706XXXAMB,10/13/2026 10:00 AM ET,"1750 17TH AVE N LAKE WORTH, FL- 33460","$96,991.01",,"$96,991.01",38434416330000050
2026-07-28T02:51:27,NEW,502025CA004575XXXAMB,10/13/2026 10:00 AM ET,"7791 BRIDLINGTON DR BOYNTON BEACH, FL- 33472","$30,250.79",,"$30,250.79",00424516070000650
2026-07-28T02:51:27,NEW,502025CA006439XXXAMB,10/13/2026 10:00 AM ET,"4245 MAGGIORE WAY WEST PALM BEACH, FL- 33409","$553,775.73",,"$553,775.73",74424312210000970
2026-07-28T02:51:27,NEW,502025CA007309XXXAMB,10/13/2026 10:00 AM ET,"15517 ORCHARD DR WESTLAKE, FL- 33470","$407,513.54",,"$407,513.54",77404312100000390
2026-07-28T02:51:27,NEW,502025CA010517XXXAMB,10/13/2026 10:00 AM ET,"1006 GREEN PINE BLVD F1 WEST PALM BEACH, FL- 33409","$141,884.98",,"$141,884.98",74424313080060061
2026-07-28T02:51:27,NEW,502026CC000567XXXASB,10/13/2026 10:00 AM ET,"1882 LINDSEY CT WELLINGTON, FL- 33414","$3,838.39",,"$3,838.39",73414409020060340
2026-07-28T02:51:27,NEW,502025CA008871XXXAMB,10/21/2026 10:00 AM ET,"2012 S FEDERAL HWY 308 BOYNTON BEACH, FL- 33435","$93,743.79",,"$93,743.79",08434533220063080
2026-07-28T02:51:27,NEW,502025CA009758XXXAMB,10/28/2026 10:00 AM ET,"18812 44TH PL N LOXAHATCHEE, FL- 33470","$263,158.71",,"$263,158.71",00404310000007170
2026-07-28T02:51:27,NEW,502025CA013417XXXAMB,10/28/2026 10:00 AM ET,"8781 N BATES RD PALM BEACH GARDENS, FL- 33418","$1,063,060.52",,"$1,063,060.52",00424224010000661
2026-07-28T02:51:27,NEW,502025CC019883XXXAMB,10/29/2026 10:00 AM ET,"7906 LAKE SANDS DR DELRAY BEACH, FL- 33446","$25,762.17",,"$25,762.17",00424616220002180
2026-07-28T02:51:27,CLOSED,502024CA004009XXXAMB,07/27/2026 10:00 AM ET,"1701 S FLAGLER DR 404 WEST PALM BEACH, FL- 33401","$73,674.36",,"$76,400.11",74434327400004040
2026-07-28T02:51:27,CLOSED,502024CA007243XXXAMB,07/27/2026 10:00 AM ET,"506 W 1ST ST RIVIERA BEACH, FL- 33404","$244,646.71",,Hidden,56434233110002110
2026-07-28T02:51:27,CLOSED,502025CA000480XXXAMB,07/27/2026 10:00 AM ET,"93 SAXONY B DELRAY BEACH, FL- 33446","$35,603.95",,"$37,032.75",00424622090020930
2026-07-28T02:51:27,CLOSED,502025CA005319XXXAMB,07/27/2026 10:00 AM ET,"7830 STRILING BRIDGE BLVD S DELRAY BEACH, FL- 33446","$17,403.61","$457,184.00","$17,403.61",00-42-46-16-19-000-1090
2026-07-28T02:51:27,CLOSED,502025CA006589XXXAMB,07/27/2026 10:00 AM ET,"6084 WHALTON ST WEST PALM BEACH, FL- 33411","$482,046.74",,Hidden,74424315110002500
2026-07-28T02:51:27,CLOSED,502025CA007351XXXAMB,08/31/2026 10:00 AM ET,"129 COUNTRY CLUB WAY ROYAL PALM BEACH, FL- 33411","$17,930.63",,"$592,195.28",TIMESHARE
2026-07-28T02:51:27,CLOSED,502025CA011008XXXAMB,07/27/2026 10:00 AM ET,"9388 MARAND WAY WEST PALM BEACH, FL- 33403","$292,431.13",,Hidden,Property
2026-07-28T02:51:27,CLOSED,502025CA011231XXXAMB,07/27/2026 10:00 AM ET,"15781 74TH AVE N PALM BEACH GARDENS, FL- 33418","$9,779.65",,"$96,870.75",TIMESHARE
2026-07-28T02:51:27,CLOSED,502025CA007746XXXAMB,08/10/2026 10:00 AM ET,"9826 SANDY RUN JUPITER, FL- 33478","$306,885.91",,"$306,885.91",Property
2026-07-28T02:51:27,CLOSED,502025CA004743XXXAMB,09/08/2026 10:00 AM ET,"311 NE 17TH AVE 103 BOYNTON BEACH, FL- 33435","$125,444.95",,"$125,444.95",08434516030000610
2026-07-29T02:51:19,NEW,502025CA000480XXXAMB,08/26/2026 10:00 AM ET,"93 SAXONY B DELRAY BEACH, FL- 33446","$35,603.95",,"$35,603.95",00424622090020930
2026-07-29T02:51:19,NEW,502026CA002800XXXAMB,10/05/2026 10:00 AM ET,"4908 CONCORDIA LN BOYNTON BEACH, FL- 33436","$428,746.03",,"$428,746.03",00424513130020670
2026-07-29T02:51:19,NEW,502025CA008598XXXAMB,11/04/2026 10:00 AM ET,"16824 89TH PL N LOXAHATCHEE, FL- 33470","$355,640.43",,"$355,640.43",00404224000003350
2026-07-29T02:51:19,NEW,502024CA002373XXXAMB,11/05/2026 10:00 AM ET,"92 SAXONY B DELRAY BEACH, FL- 33446","$69,802.88",,"$69,802.88",00424622090020920
2026-07-29T02:51:19,NEW,502025CA009456XXXAMB,11/05/2026 10:00 AM ET,"112 SWAN PKWY E ROYAL PALM BEACH, FL- 33411","$130,018.37",,"$130,018.37",72414326070150400
2026-07-29T02:51:19,NEW,502025CA012478XXXAMB,11/05/2026 10:00 AM ET,"6444 KIRSTEN WAY LAKE WORTH, FL- 33467","$430,670.00",,"$430,670.00",00424503100001560
2026-07-29T02:51:19,NEW,502023CA013032XXXXMB,11/12/2026 10:00 AM ET,"8 DANBY PL BOYNTON BEACH, FL- 33426","$200,513.16",,"$200,513.16",08434508050250080
2026-07-29T02:51:19,NEW,502025CA010228XXXAMB,11/23/2026 10:00 AM ET,"9106 PINEVILLE DR LAKE WORTH, FL- 33467","$52,661.65",,"$362,746.18",Property
2026-07-29T02:51:19,CLOSED,502025CA007306XXXAMB,07/28/2026 10:00 AM ET,"45 ATWELL DR WEST PALM BEACH, FL- 33411","$400,000.00",,"$400,000.00",00424405110000570
2026-07-29T02:51:19,CLOSED,502023CA010062XXXXMB,07/29/2026 10:00 AM ET,"2591 PALM RD WEST PALM BEACH, FL- 33406","$280,137.62",,"$280,137.62",00434417010020170
2026-07-29T02:51:19,CLOSED,502025CA012211XXXAMB,11/23/2026 10:00 AM ET,"9106 PINEVILLE DR LAKE WORTH, FL- 33467","$362,746.18",,"$362,746.18",00424442030000270
2026-07-30T02:51:20,NEW,502025CA006589XXXAMB,09/28/2026 10:00 AM ET,"6084 WHALTON ST WEST PALM BEACH, FL- 33411","$482,046.74","$320,227.00","$482,046.74",74424315110002500
2026-07-30T02:51:20,NEW,502026CA000499XXXAMB,09/28/2026 10:00 AM ET,"1153 PINEWOOD LAKE CT GREENACRES, FL- 33415","$10,689.92",,"$10,689.92",18424410330000810
2026-07-30T02:51:20,NEW,502025CC016427XXXAMB,10/26/2026 10:00 AM ET,"13697 CORD WAY DELRAY BEACH, FL- 33484","$16,287.35",,"$16,287.35",00424610020040570
2026-07-30T02:51:20,NEW,502025CA012211XXXAMB,11/23/2026 10:00 AM ET,"9106 PINEVILLE DR LAKE WORTH, FL- 33467","$362,746.18",,"$362,746.18",00424442030000270
2026-07-30T02:51:20,NEW,502026CA001131XXXAMB,11/23/2026 10:00 AM ET,"1013 18TH ST WEST PALM BEACH, FL- 33407","$124,160.74",,"$124,160.74",74434316080000820
2026-07-30T02:51:20,CLOSED,502025CA012021XXXAMB,07/29/2026 10:00 AM ET,"2771 ASHLEY DR E J WEST PALM BEACH, FL- 33415","$77,367.37","$98,182.00","$44,500.00",00424413150020100
2026-07-30T02:51:20,CLOSED,502025CA008285XXXAMB,07/30/2026 10:00 AM ET,"6935 DEARBORN PL BOYNTON BEACH, FL- 33437","$183,070.80",,"$183,070.80",00424522010001970
2026-07-30T02:51:20,CLOSED,502025CC004359XXXAMB,07/30/2026 10:00 AM ET,"945 NW 29TH AVE C DELRAY BEACH, FL- 33445","$14,871.87",,"$14,871.87",12434607040340030
2026-07-30T02:51:20,CLOSED,502026CA000447XXXAMB,07/30/2026 10:00 AM ET,"4521 CHALLENGER WAY 72 WEST PALM BEACH, FL- 33417","$10,088.64",,"$10,088.64",00424312150000720
2026-07-30T02:51:20,CLOSED,502025CA012169XXXAMB,08/04/2026 10:00 AM ET,"318 SW 9TH ST DELRAY BEACH, FL- 33444","$122,195.44",,"$122,195.44",12434620090020020
2026-07-30T02:51:20,CLOSED,502025CA012478XXXAMB,11/05/2026 10:00 AM ET,"6444 KIRSTEN WAY LAKE WORTH, FL- 33467","$430,670.00",,"$430,670.00",00424503100001560
2026-07-31T02:45:08,CLOSED,502025CA008176XXXAMB,07/30/2026 10:00 AM ET,"136 LAKESHORE DR 511 NORTH PALM BEACH, FL- 33408","$845,221.72",,Hidden,68434209230005110
2026-07-31T02:45:08,CLOSED,502022CA010679XXXXMB,08/03/2026 10:00 AM ET,"950 PASEO MORELLA WEST PALM BEACH, FL- 33405","$333,350.92",,"$333,350.92",74434333060070130
2026-07-31T02:45:08,CLOSED,502024CA002272XXXAMB,08/03/2026 10:00 AM ET,"22035 SW 58TH AVE BOCA RATON, FL- 33428","$322,965.01",,Hidden,00424730060220490
2026-07-31T02:45:08,CLOSED,502024CA009270XXXAMB,08/03/2026 10:00 AM ET,"950 EGRET CIR 5507 DELRAY BEACH, FL- 33444","$22,258.22",,"$27,810.56",12434629160055507
2026-07-31T02:45:08,CLOSED,502024CA011242XXXAMB,08/03/2026 10:00 AM ET,"17029 TETON RIVER RD BOCA RATON, FL- 33496","$1,690,708.03",,"$1,690,708.03",00424632100007590
2026-07-31T02:45:08,CLOSED,502024CC011528XXXAMB,08/03/2026 10:00 AM ET,"4490 ISLAND REEF DR WELLINGTON, FL- 33449","$18,415.59",,"$18,415.59",73414426050001610
2026-07-31T02:45:08,CLOSED,502025CA004914XXXAMB,08/03/2026 10:00 AM ET,"14717 WILDFLOWER LN DELRAY BEACH, FL- 33446","$21,901.14",,"$124,833.29",Property
2026-07-31T02:45:08,CLOSED,502025CA006968XXXAMB,08/03/2026 10:00 AM ET,"90 SOUTH BLVD 1D BOYNTON BEACH, FL- 33435","$686,092.92",,"$69,200.00",Property
2026-07-31T02:45:08,CLOSED,502025CA010656XXXAMB,08/03/2026 10:00 AM ET,"5373 GENE CIR WEST PALM BEACH, FL- 33415","$229,110.38",,"$229,110.38",00424411210000911
2026-07-31T02:45:08,CLOSED,502023CA016824XXXAMB,08/04/2026 10:00 AM ET,"14813 DRAFT HORSE LN WELLINGTON, FL- 33414","$3,025,000.00",,"$3,025,000.00",73414408010350010
2026-07-31T02:45:08,CLOSED,502024CA008156XXXAMB,08/04/2026 10:00 AM ET,"4969 MESSANA TER LAKE WORTH, FL- 33463","$291,584.97",,"$291,584.97",00424501030001350
2026-07-31T02:45:08,CLOSED,502025CA010357XXXAMB,08/04/2026 10:00 AM ET,"421 N C ST LAKE WORTH, FL- 33460","$222,265.13",,"$222,265.13",38434421151300110
2026-07-31T02:45:08,CLOSED,502025CC014766XXXAMB,08/04/2026 10:00 AM ET,"6162 BAY ISLES DR BOYNTON BEACH, FL- 33437","$13,917.41",,"$13,917.41",00424603020001090
2026-07-31T02:45:08,CLOSED,502026CA000664XXXAMB,08/04/2026 10:00 AM ET,"3001 LINTON BLVD # C-105 DELRAY BEACH, FL- 33445","$13,381.25",,"$13,650.43",Property
2026-07-31T02:45:08,CLOSED,502024CA007611XXXAMB,08/05/2026 10:00 AM ET,"198 NW 67TH ST 5070 BOCA RATON, FL- 33487","$268,347.49",,"$268,347.49",06434705230015070
2026-07-31T02:45:08,CLOSED,502024CA012300XXXAMB,08/05/2026 10:00 AM ET,"17197 TETON RIVER RD BOCA RATON, FL- 33496","$622,161.68",,"$622,161.68",00424632090005670
2026-07-31T02:45:08,CLOSED,502026CA002679XXXAMB,08/05/2026 10:00 AM ET,"8800 SHOAL CREEK LN BOYNTON BEACH, FL- 33472","$222,671.04","$238,979.00","$222,671.04",00424516080000480
2026-07-31T02:45:08,CLOSED,502025CA003741XXXAMB,08/06/2026 10:00 AM ET,"3950 FIELDVIEW WAY WELLINGTON, FL- 33414","$2,221,772.34",,"$2,221,772.34",73414421040000510
2026-07-31T02:45:08,CLOSED,502025CA005726XXXAMB,08/06/2026 10:00 AM ET,"1261 W 3RD ST RIVIERA BEACH, FL- 33404","$54,454.12",,Hidden,56434232090007160
2026-07-31T02:45:08,CLOSED,502025CA008442XXXAMB,08/06/2026 10:00 AM ET,"18020 46TH COURT NORTH LOXAHATCHEE, FL- 33470","$331,131.02",,"$331,131.02",Property
2026-07-31T02:45:08,CLOSED,502025CA010694XXXAMB,08/06/2026 10:00 AM ET,"17269 71ST LN N LOXAHATCHEE, FL- 33470","$641,913.48",,"$641,913.48",00404226000005610
2026-07-31T02:45:08,CLOSED,502025CA012128XXXAMB,08/06/2026 10:00 AM ET,"9481 VERONA LAKES BLVD BOYNTON BEACH, FL- 33472","$16,568.82",,Hidden,00424518050001110
2026-07-31T02:45:08,CLOSED,502017CA004150XXXXMB,08/10/2026 10:00 AM ET,"8208 SAVARA STREAMS LN BOYNTON BEACH, FL- 33473","$613,150.15",,"$613,150.15",00424529130003240
2026-07-31T02:45:08,CLOSED,502021CA012214XXXXMB,08/10/2026 10:00 AM ET,"10075 BOYNTON PLACE CIR BOYNTON BEACH, FL- 33437","$159,957.39",,"$159,957.39",00424526250000740
2026-07-31T02:45:08,CLOSED,502023CA011559XXXXMB,08/10/2026 10:00 AM ET,"7401 MALLORCA CRESCENT BOCA RATON, FL- 33433","$640,407.93",,"$640,407.93",Property
2026-07-31T02:45:08,CLOSED,502024CC010024XXXAMB,08/10/2026 10:00 AM ET,"260 GAZETTA WAY WEST PALM BEACH, FL- 33413","$39,005.00",,"$542,892.73",MULTIPLE
2026-07-31T02:45:08,CLOSED,502025CA003333XXXAMB,08/10/2026 10:00 AM ET,"902 S SEACREST BLVD BOYNTON BEACH, FL- 33435","$687,541.07",,"$687,541.07",08434528120200110
2026-07-31T02:45:08,CLOSED,502025CA004213XXXAMB,08/10/2026 10:00 AM ET,"14428 CANALVIEW DR D DELRAY BEACH, FL- 33484","$164,410.98",,"$164,410.98",00424614082120040
2026-07-31T02:45:08,CLOSED,502025CA007617XXXAMB,08/10/2026 10:00 AM ET,"127 PORGEE ROCK PL JUPITER, FL- 33458","$688,350.91",,"$688,350.91",30424033050001840
2026-07-31T02:45:08,CLOSED,502025CA007842XXXAMB,08/10/2026 10:00 AM ET,"2441 VILLAGE BLVD 102 WEST PALM BEACH, FL- 33409","$246,114.07",,"$246,114.07",74434307070181020
2026-07-31T02:45:08,CLOSED,502025CA008797XXXAMB,08/10/2026 10:00 AM ET,"119 NW 6TH AVE DELRAY BEACH, FL- 33444","$74,236.98","$435,014.00","$74,236.98",12434616010190260
2026-07-31T02:45:08,CLOSED,502023CA010028XXXXMB,08/11/2026 10:00 AM ET,"800 SE 2ND ST BELLE GLADE, FL- 33430","$123,436.45",,"$123,436.45",04374405080000010
2026-07-31T02:45:08,CLOSED,502024CA012059XXXAMB,08/11/2026 10:00 AM ET,"1704 ANNANDALE CIR ROYAL PALM BEACH, FL- 33411","$411,226.92",,"$411,226.92",72414315070040370
2026-07-31T02:45:08,CLOSED,502025CA011666XXXAMB,08/11/2026 10:00 AM ET,"10073 44TH AVE S BOYNTON BEACH, FL- 33436","$18,217.45",,"$18,217.45",00424525050003410
2026-07-31T02:45:08,CLOSED,502025CA000103XXXAMB,08/12/2026 10:00 AM ET,"5196 PALM RIDGE BLVD DELRAY BEACH, FL- 33484","$353,649.37",,"$353,649.37",00424611020001240
2026-07-31T02:45:08,CLOSED,502025CA002344XXXAMB,08/13/2026 10:00 AM ET,"7705 MANSFIELD HOLLOW RD DELRAY BEACH, FL- 33446","$521,505.00",,"$380,000.00",Property
2026-07-31T02:45:08,CLOSED,502026CC002485XXXASB,08/13/2026 10:00 AM ET,"231 E LANTANA RD 501 LANTANA, FL- 33462","$20,636.12",,"$20,636.12",40434434130005010
2026-07-31T02:45:08,CLOSED,502026CC005681XXXASB,08/13/2026 10:00 AM ET,"307 BRITTANY G DELRAY BEACH, FL- 33446","$35,014.29",,"$35,014.29",00424622070073070
2026-07-31T02:45:08,CLOSED,502023CA014746XXXAMB,08/17/2026 10:00 AM ET,"400 HIBISCUS TREE DR LAKE WORTH, FL- 33462",$0.00,,$0.00,00434509100020330
2026-07-31T02:45:08,CLOSED,502024CA000461XXXAMB,08/17/2026 10:00 AM ET,"10898 LAKE WYNDS CT BOYNTON BEACH, FL- 33437","$599,969.90",,"$599,969.90",00424527150000360
2026-07-31T02:45:08,CLOSED,502024CA007608XXXAMB,08/17/2026 10:00 AM ET,"13001 MARCELLA BLVD LOXAHATCHEE, FL- 33470","$390,667.32",,"$390,667.32",41414317016430040
2026-07-31T02:45:08,CLOSED,502024CA009569XXXAMB,08/17/2026 10:00 AM ET,"17928 36TH CT N LOXAHATCHEE, FL- 33470","$654,381.77",,"$654,381.77",00404314000004060
2026-07-31T02:45:08,CLOSED,502025CA001761XXXAMB,08/17/2026 10:00 AM ET,"6113 GREENSPOINTE DR BOYNTON BEACH, FL- 33437","$90,779.37",,"$90,779.37",00424534180000100
2026-07-31T02:45:08,CLOSED,502025CA007261XXXAMB,08/17/2026 10:00 AM ET,"300 S AUSTRALIAN AVE 611 WEST PALM BEACH, FL- 33401","$40,620.77",,"$40,620.77",74434321260000611
2026-07-31T02:45:08,CLOSED,502025CA008123XXXAMB,08/17/2026 10:00 AM ET,"410 EVERNIA ST 117 WEST PALM BEACH, FL- 33401","$698,486.14",,"$698,486.14",74434321250001170
2026-07-31T02:45:08,CLOSED,502025CA010955XXXAMB,08/17/2026 10:00 AM ET,"14701 CUMBERLAND DR 2080 DELRAY BEACH, FL- 33446","$52,930.18",,"$52,930.18",00424616030012080
2026-07-31T02:45:08,CLOSED,502025CA011004XXXAMB,08/17/2026 10:00 AM ET,"56 SW 15TH COURT BOCA RATON, FL- 33486","$84,313.32",,"$84,313.32",Property
2026-07-31T02:45:08,CLOSED,502025CA011510XXXAMB,08/17/2026 10:00 AM ET,"703 LOCHWICK TER PALM BEACH GARDENS, FL- LF 33418","$13,666.37",,"$13,666.37",52424210100030110
2026-07-31T02:45:08,CLOSED,502024CA005838XXXAMB,08/18/2026 10:00 AM ET,"716 LA COSTA WAY LANTANA, FL- 33462","$221,469.10",,"$221,469.10",40434504140060130
2026-07-31T02:45:08,CLOSED,502025CA000608XXXAMB,08/18/2026 10:00 AM ET,"11894 DUNBAR CT PALM BEACH GARDENS, FL- 33412","$1,183,632.85",,"$1,183,632.85",52414214070000160
2026-07-31T02:45:08,CLOSED,502025CA005500XXXAMB,08/18/2026 10:00 AM ET,"147 KINGS WAY ROYAL PALM BEACH, FL- 33411","$263,852.18",,"$263,852.18",72414327110030180
2026-07-31T02:45:08,CLOSED,502025CA009262XXXAMB,08/18/2026 10:00 AM ET,"9343 TANGO TER BOCA RATON, FL- 33496","$573,389.57",,"$573,389.57",00424706130000650
2026-07-31T02:45:08,CLOSED,502025CC016491XXXAMB,08/18/2026 10:00 AM ET,"2566 S GARDEN DR 209 LAKE WORTH, FL- 33461","$40,574.01",,"$40,574.01",00434417380002090
2026-07-31T02:45:08,CLOSED,502026CA000685XXXAMB,08/18/2026 10:00 AM ET,"3351 N FEDERAL HWY DELRAY BEACH, FL- 33483","$993,885.33",,"$993,885.33",00434604120000170
2026-07-31T02:45:08,CLOSED,502018CA016108XXXXMB,08/19/2026 10:00 AM ET,"13450 OLD ENGLISHTOWN RD WELLINGTON, FL- 33414","$157,236.52",,"$157,236.52",73414404140000480
2026-07-31T02:45:08,CLOSED,502024CA011677XXXAMB,08/19/2026 10:00 AM ET,"2132 NE 1ST WAY 102 BOYNTON BEACH, FL- 33435","$49,217.05",,"$49,217.05",08434516120111020
2026-07-31T02:45:08,CLOSED,502025CA000585XXXAMB,08/19/2026 10:00 AM ET,"11424 165TH ROAD N JUPITER, FL- 33478","$791,888.19",,Hidden,Property
2026-07-31T02:45:08,CLOSED,502025CA001605XXXAMB,08/19/2026 10:00 AM ET,"153 SEMINOLE LAKES DR ROYAL PALM BEACH, FL- 33411","$7,019.20",,"$7,019.20",72414335050001220
2026-07-31T02:45:08,CLOSED,502025CA008658XXXAMB,08/19/2026 10:00 AM ET,"1328 NW 7TH ST BOCA RATON, FL- 33486","$256,829.62",,"$256,829.62",06424724020050060
2026-07-31T02:45:08,CLOSED,502025CA009058XXXAMB,08/19/2026 10:00 AM ET,"7240 HUNTINGTON LN 101 DELRAY BEACH, FL- 33446","$74,795.59",,"$74,795.59",00424615250241010
2026-07-31T02:45:08,CLOSED,502025CA009976XXXAMB,08/19/2026 10:00 AM ET,"112 LANCASTER WAY ROYAL PALM BEACH, FL- 33414","$391,008.35",,"$391,008.35",72414401010040060
2026-07-31T02:45:08,CLOSED,502025CA010103XXXAMB,08/19/2026 10:00 AM ET,"610 CLEMATIS ST UNIT 734 WEST PALM BEACH, FL- 33401","$283,628.43",,"$283,628.43",74434321230077340
2026-07-31T02:45:08,CLOSED,502025CA010516XXXAMB,08/19/2026 10:00 AM ET,"600 S OCEAN BLVD 5070 BOCA RATON, FL- 33432","$69,016.63",,"$69,016.63",06434728060005070
2026-07-31T02:45:08,CLOSED,502025CA011068XXXAMB,08/19/2026 10:00 AM ET,"581 NW 47TH AVE DELRAY BEACH, FL- 33445","$192,717.12",,"$192,717.12",12424612080030222
2026-07-31T02:45:08,CLOSED,502025CA008033XXXAMB,08/20/2026 10:00 AM ET,"1305 VIA DE PEPI BOYNTON BEACH, FL- 33426","$21,131.43",,"$21,131.43",08434520270000410
2026-07-31T02:45:08,CLOSED,502025CA008124XXXAMB,08/20/2026 10:00 AM ET,"87 PHEASANT RUN BLVD WEST PALM BEACH, FL- 33415","$354,151.21",,"$354,151.21",00424402310001090
2026-07-31T02:45:08,CLOSED,502025CA012662XXXAMB,08/20/2026 10:00 AM ET,"13052 COMPTON RD LOXAHATCHEE, FL- 33470","$917,051.29",,"$917,051.29",Property
2026-07-31T02:45:08,CLOSED,502025CC009675XXXASB,08/25/2026 10:00 AM ET,"1579 BRIAR OAK DR ROYAL PALM BEACH, FL- 33411","$17,169.37",,"$17,169.37",72414322010000400
2026-07-31T02:45:08,CLOSED,502022CA002491XXXXMB,08/24/2026 10:00 AM ET,"23379 SW 55TH WAY A BOCA RATON, FL- 33433","$331,810.20",,"$331,810.20",00424732020000261
2026-07-31T02:45:08,CLOSED,502023CA011888XXXXMB,08/24/2026 10:00 AM ET,"1025 SE 3RD ST BELLE GLADE, FL- 33430","$192,341.25",,"$192,341.25",04374405070000160
2026-07-31T02:45:08,CLOSED,502024CA007475XXXAMB,08/24/2026 10:00 AM ET,"16176 SIERRA PALMS DR DELRAY BEACH, FL- 33484","$61,963.47",,"$61,963.47",00424626480000520
2026-07-31T02:45:08,CLOSED,502025CA000861XXXAMB,08/24/2026 10:00 AM ET,"618 GARDENIA TER DELRAY BEACH, FL- 33444","$532,655.84",,"$532,655.84",12434608190010080
2026-07-31T02:45:08,CLOSED,502025CA002397XXXAMB,08/24/2026 10:00 AM ET,"5808 S 37TH ST GREENACRES, FL- 33463","$263,598.74",,"$263,598.74",18424423080020093
2026-07-31T02:45:08,CLOSED,502025CA003822XXXAMB,08/24/2026 10:00 AM ET,"1334 ARROWHEAD POINT RD LOXAHATCHEE, FL- 33470","$572,477.54",,"$572,477.54",00404328070002910
2026-07-31T02:45:08,CLOSED,502025CA004424XXXAMB,08/24/2026 10:00 AM ET,"9393 CASCADE CT BOYNTON BEACH, FL- 33437","$434,692.96",,"$434,692.96",00424522110000390
2026-07-31T02:45:08,CLOSED,502025CA005317XXXAMB,08/24/2026 10:00 AM ET,"4414 HEMLOCK DR RIVIERA BEACH, FL- 33410","$340,587.12",,"$340,587.12",56424225440000270
2026-07-31T02:45:08,CLOSED,502025CA008013XXXAMB,08/24/2026 10:00 AM ET,"1034 GROVE PARK CIR BOYNTON BEACH, FL- 33436","$661,683.41",,"$661,683.41",08424512260000520
2026-07-31T02:45:08,CLOSED,502025CA008769XXXAMB,08/24/2026 10:00 AM ET,"7032 CHESAPEAKE CIR BOYNTON BEACH, FL- 33436","$557,828.50",,"$557,828.50",08434507170002830
2026-07-31T02:45:08,CLOSED,502025CA001696XXXAMB,08/25/2026 10:00 AM ET,"3127 FERNWOOD DR BOYNTON BEACH, FL- 33435","$1,269,403.02",,"$1,269,403.02",08434605010090150
2026-07-31T02:45:08,CLOSED,502025CA001974XXXAMB,08/25/2026 10:00 AM ET,"549 MONACO L DELRAY BEACH, FL- 33446","$128,487.25","$79,582.00","$128,487.25",00424622080125490
2026-07-31T02:45:08,CLOSED,502026CC009651XXXASB,08/25/2026 10:00 AM ET,"8410 STANIEL CAY WEST PALM BEACH, FL- 33411","$15,112.38",,"$15,112.38",74424320070000610
2026-07-31T02:45:08,CLOSED,502023CA008578XXXXMB,08/26/2026 10:00 AM ET,"300 OCEAN TRAIL WAY 103 JUPITER, FL- 33477","$445,376.63",,"$445,376.63",30434105120030103
2026-07-31T02:45:08,CLOSED,502024CC007094XXXAMB,08/26/2026 10:00 AM ET,"120 LEHANE TER 301 NORTH PALM BEACH, FL- 33408","$26,135.71",,"$26,135.71",68434216090000380
2026-07-31T02:45:08,CLOSED,502025CA000480XXXAMB,08/26/2026 10:00 AM ET,"93 SAXONY B DELRAY BEACH, FL- 33446","$35,603.95",,"$35,603.95",00424622090020930
2026-07-31T02:45:08,CLOSED,502025CA002931XXXAMB,08/26/2026 10:00 AM ET,"22261 FESTIVAL WAY BOCA RATON, FL- 33428","$416,095.83",,"$416,095.83",00414725170000420
2026-07-31T02:45:08,CLOSED,502025CA007657XXXAMB,08/26/2026 10:00 AM ET,"769 DAFFODIL DR WELLINGTON, FL- 33414","$278,250.56","$414,110.00","$278,250.56",73414404010050150
2026-07-31T02:45:08,CLOSED,502025CA008509XXXAMB,08/26/2026 10:00 AM ET,"16298 90TH ST N LOXAHATCHEE, FL- 33470","$582,791.10",,"$582,791.10",00404213000006120
2026-07-31T02:45:08,CLOSED,502025CC007487XXXAMB,08/26/2026 10:00 AM ET,"9082 BOCA GARDENS PKWY C BOCA RATON, FL- 33496","$10,940.60",,"$10,940.60",00424706081380030
2026-07-31T02:45:08,CLOSED,502026CC006965XXXAMB,08/26/2026 10:00 AM ET,"1123 11TH TER PALM BEACH GARDENS, FL- 33418","$13,895.47",,"$13,895.47",52424210040001123
2026-07-31T02:45:08,CLOSED,502019CA014857XXXXMB,08/31/2026 10:00 AM ET,"4765 PURDUE DR BOYNTON BEACH, FL- 33436","$289,817.98",,"$289,817.98",00424513130010220
2026-07-31T02:45:08,CLOSED,502022CA006893XXXXMB,08/31/2026 10:00 AM ET,"13909 VIA NIDIA DELRAY BEACH, FL- 33446","$521,558.52",,"$521,558.52",00424610050000550
2026-07-31T02:45:08,CLOSED,502023CA015898XXXAMB,08/31/2026 10:00 AM ET,"6018 ADRIATIC WAY WEST PALM BEACH, FL- 33413","$405,728.18","$372,812.00","$405,728.18",00424334050000040
2026-07-31T02:45:08,CLOSED,502024CA008051XXXAMB,08/31/2026 10:00 AM ET,"5655 LA QUINTA CT LAKE WORTH, FL- 33463","$240,497.21",,"$240,497.21",00424502100000630
2026-07-31T02:45:08,CLOSED,502024CA011064XXXAMB,08/31/2026 10:00 AM ET,"1585 W 36TH ST RIVIERA BEACH, FL- 33404","$60,838.34",,"$60,838.34",56434229020060010
2026-07-31T02:45:08,CLOSED,502025CA002593XXXAMB,08/31/2026 10:00 AM ET,"283 BRIER CIR JUPITER, FL- 33458","$464,267.70",,"$464,267.70",30424110340000790
2026-07-31T02:45:08,CLOSED,502025CA004168XXXAMB,08/31/2026 10:00 AM ET,"1965 S CLUB DR WELLINGTON, FL- 33414","$477,067.06",,"$477,067.06",73414407050000870
2026-07-31T02:45:08,CLOSED,502025CA004474XXXAMB,08/31/2026 10:00 AM ET,"614 EXECUTIVE CENTER DR 208 WEST PALM BEACH, FL- 33401","$224,900.51",,"$224,900.51",74434320056142080
2026-07-31T02:45:08,CLOSED,502025CA006385XXXAMB,08/31/2026 10:00 AM ET,"194 MASTIC TREE CT ROYAL PALM BEACH, FL- 33411","$280,887.35","$201,842.00","$280,887.35",72414326210001940
2026-07-31T02:45:08,CLOSED,502026CC004633XXXANB,09/01/2026 10:00 AM ET,"316 SOUTHWIND CT 203 NORTH PALM BEACH, FL- 33408","$58,045.81",,"$58,045.81",68434217310002030
2026-07-31T02:45:08,CLOSED,502016CA003862XXXXMB,09/02/2026 10:00 AM ET,"12689 57TH ROAD NORTH ROYAL PALM BEACH, FL- 33411","$403,991.06",,"$403,991.06",Property
2026-07-31T02:45:08,CLOSED,502024CA001231XXXAMB,09/02/2026 10:00 AM ET,"5027 GENOVE PL RIVIERA BEACH, FL- 33410","$12,292.09",,"$12,292.09",56424225420030040
2026-07-31T02:45:08,CLOSED,502025CA009956XXXAMB,09/02/2026 10:00 AM ET,"4545 N OCEAN BLVD 18D BOCA RATON, FL- 33431","$1,000,337.10",,"$1,000,337.10",06434709020010184
2026-07-31T02:45:08,CLOSED,502023CA013120XXXXMB,09/03/2026 10:00 AM ET,"3464 ARTESIAN DR LAKE WORTH, FL- 33462","$370,758.96",,"$370,758.96",00434506020360040
2026-07-31T02:45:08,CLOSED,502025CA009596XXXAMB,09/03/2026 10:00 AM ET,"6606 WINDMILL WAY GREENACRES, FL- 33413","$68,673.81",,"$68,673.81",18424403090000820
2026-07-31T02:45:08,CLOSED,502025CA009790XXXAMB,09/03/2026 10:00 AM ET,"1610 S PALMWAY LAKE WORTH, FL- 33460","$570,591.28",,"$570,591.28",38434427010910040
2026-07-31T02:45:08,CLOSED,502025CA009901XXXAMB,09/03/2026 10:00 AM ET,"1014 VIA JARDIN RIVIERA BEACH, FL- 33418","$214,550.01",,"$214,550.01",56424225230001290
2026-07-31T02:45:08,CLOSED,502025CA010805XXXAMB,09/03/2026 10:00 AM ET,"128 SEVILLA AVE ROYAL PALM BEACH, FL- 33411","$505,315.06",,"$505,315.06",72414314030100230
2026-07-31T02:45:08,CLOSED,502025CA012845XXXAMB,09/03/2026 10:00 AM ET,"17695 HAYNIE LN JUPITER, FL- 33478","$350,351.27",,"$350,351.27",00414102000003490
2026-07-31T02:45:08,CLOSED,502024CC017325XXXAMB,09/04/2026 10:00 AM ET,"521 FRANKLIN RD WEST PALM BEACH, FL- 33405","$14,728.90",,"$41,010.40",74434404040170150
2026-07-31T02:45:08,CLOSED,502018CA001390XXXXMB,09/08/2026 10:00 AM ET,"9360 CASCADE CT BOYNTON BEACH, FL- 33437","$619,103.55",,"$619,103.55",00424522110000490
2026-07-31T02:45:08,CLOSED,502021CA012004XXXXMB,09/08/2026 10:00 AM ET,"2574 TREANOR TER WEST PALM BEACH, FL- 33414","$1,112,773.37",,"$1,112,773.37",73424417020015860
2026-07-31T02:45:08,CLOSED,502024CA003253XXXAMB,09/08/2026 10:00 AM ET,"201 SE 22ND AVE BOYNTON BEACH, FL- 33435","$321,750.99",,"$321,750.99",08434533030000520
2026-07-31T02:45:08,CLOSED,502025CA001116XXXAMB,09/08/2026 10:00 AM ET,"8484 GRAND PRIX LN BOYNTON BEACH, FL- 33472","$1,447,834.17",,"$1,447,834.17",00424517100001760
2026-07-31T02:45:08,CLOSED,502025CA001688XXXAMB,09/08/2026 10:00 AM ET,"1331 PEBBLE RIDGE LN WEST PALM BEACH, FL- 33411","$67,722.02",,"$67,722.02",00424407010000190
2026-07-31T02:45:08,CLOSED,502025CA001782XXXAMB,09/08/2026 10:00 AM ET,"2513 NW 4TH CT BOYNTON BEACH, FL- 33426","$194,133.00",,"$194,133.00",08434516370190070
2026-07-31T02:45:08,CLOSED,502025CA007670XXXAMB,09/08/2026 10:00 AM ET,"187 SAXONY D DELRAY BEACH, FL- 33446","$30,450.48",,"$30,450.48",00424622090041870
2026-07-31T02:45:08,CLOSED,502025CA009225XXXAMB,09/08/2026 10:00 AM ET,"8374 ZANZIBAR LN WELLINGTON, FL- 33414","$786,685.75",,"$786,685.75",73424417050006050
2026-07-31T02:45:08,CLOSED,502025CA009251XXXAMB,09/08/2026 10:00 AM ET,"639 EXECUTIVE CENTER DR O-101 WEST PALM BEACH, FL- 33401","$18,103.31",,"$18,103.31",74434320030150130
2026-07-31T02:45:08,CLOSED,502025CA009304XXXAMB,09/08/2026 10:00 AM ET,"105 BELLA VITA DR ROYAL PALM BEACH, FL- 33411","$234,318.69",,"$234,318.69",72414323220000180
2026-07-31T02:45:08,CLOSED,502025CA005588XXXAMB,09/09/2026 10:00 AM ET,"828 QUARTZ TER WEST PALM BEACH, FL- 33413","$450,618.53",,"$450,618.53",00424335270000180
2026-07-31T02:45:08,CLOSED,502025CA010873XXXAMB,09/09/2026 10:00 AM ET,"13274 POLO CLUB RD B-202 WELLINGTON, FL- 33414","$10,031.48",,"$10,031.48",73414416060002202
2026-07-31T02:45:08,CLOSED,502024CA002976XXXAMB,09/14/2026 10:00 AM ET,"8261 VIA DI VENETO BOCA RATON, FL- 33496","$9,300.54",,"$9,300.54",00424705240001670
2026-07-31T02:45:08,CLOSED,502024CA007179XXXAMB,09/14/2026 10:00 AM ET,"5138 MICHAEL DR WEST PALM BEACH, FL- 33417","$233,834.18",,"$233,834.18",00424314020003740
2026-07-31T02:45:08,CLOSED,502024CA009313XXXAMB,09/14/2026 10:00 AM ET,"4490 ISLAND REEF DR WELLINGTON, FL- 33449","$1,415,527.42",,"$1,415,527.42",73414426050001610
2026-07-31T02:45:08,CLOSED,502025CA001630XXXAMB,09/14/2026 10:00 AM ET,"11386 SHILOH WAY BOCA RATON, FL- 33428","$391,440.00",,"$391,440.00",00414714020000020
2026-07-31T02:45:08,CLOSED,502025CA006426XXXAMB,09/14/2026 10:00 AM ET,"7882 SUNSTONE ST DELRAY BEACH, FL- 33446","$869,709.32",,"$869,709.32",00424616310000110
2026-07-31T02:45:08,CLOSED,502025CA010240XXXAMB,09/14/2026 10:00 AM ET,"10209 SPYGLASS WAY BOCA RATON, FL- 33498","$422,991.62",,"$422,991.62",00414636020000250
2026-07-31T02:45:08,CLOSED,502025CA011563XXXAMB,09/14/2026 10:00 AM ET,"648 WEST DR DELRAY BEACH, FL- 33445","$271,804.69",,"$271,804.69",12434619060000020
2026-07-31T02:45:08,CLOSED,502025CA012286XXXAMB,09/14/2026 10:00 AM ET,"500 VILLAGE GREEN CIRCLE WEST PALM SPRINGS, FL- 33461","$138,812.36",,"$138,812.36",Property
2026-07-31T02:45:08,CLOSED,502025CA012366XXXAMB,09/14/2026 10:00 AM ET,"1016 SHOMA DR ROYAL PALM BEACH, FL- 33414","$13,145.58",,"$13,145.58",72414401080284610
2026-07-31T02:45:08,CLOSED,502025CC011880XXXAMB,09/14/2026 10:00 AM ET,"116 S PALM VILLAS WAY PALM SPRINGS, FL- 33461","$15,254.92",,"$15,254.92",70424413440020010
2026-07-31T02:45:08,CLOSED,502024CA009238XXXAMB,09/16/2026 10:00 AM ET,"291 GUAVA AVE WEST PALM BEACH, FL- 33413","$366,425.45",,"$366,425.45",00424335100130120
2026-07-31T02:45:08,CLOSED,502025CC008275XXXAMB,09/18/2026 10:00 AM ET,"22103 ALTONA DR BOCA RATON, FL- 33428","$13,944.56",,"$13,944.56",00414722050000880
2026-07-31T02:45:08,CLOSED,502025CA003966XXXAMB,09/22/2026 10:00 AM ET,"1080 STERLING PINE PLACE LOXAHATCHEE, FL- 33470","$807,448.10",,"$807,448.10",Property
2026-07-31T02:45:08,CLOSED,502025CA005012XXXAMB,09/22/2026 10:00 AM ET,"1630 EMBASSY DR 204 WEST PALM BEACH, FL- 33401","$9,900.46",,"$9,900.46",74434317160002040
2026-07-31T02:45:08,CLOSED,502025CA005312XXXAMB,09/22/2026 10:00 AM ET,"17194 BRULEE BREEZE WAY BOCA RATON, FL- 33496","$4,842,336.72",,"$4,842,336.72",00424631130002600
2026-07-31T02:45:08,CLOSED,502025CA012135XXXAMB,09/22/2026 10:00 AM ET,"15488 LAKES OF DELRAY BLVD 104 DELRAY BEACH, FL- 33484","$39,319.81",,"$39,319.81",00424623280021040
2026-07-31T02:45:08,CLOSED,502025CA009680XXXAMB,09/23/2026 10:00 AM ET,"23 BURGUNDY A DELRAY BEACH, FL- 33484","$75,167.14",,"$75,167.14",00424623050010230
2026-07-31T02:45:08,CLOSED,502025CC018497XXXAWB,09/23/2026 10:00 AM ET,"11750 ST ANDREWS PL APT 208 WELLINGTON, FL- 33414","$25,020.76",,"$25,020.76",73414414460052080
2026-07-31T02:45:08,CLOSED,502024CA005614XXXAMB,09/24/2026 10:00 AM ET,"6624 SWEET MAPLE LN BOCA RATON, FL- 33433","$615,865.43","$616,838.00","$615,865.43",06424722120010840
2026-07-31T02:45:08,CLOSED,502025CA006589XXXAMB,09/28/2026 10:00 AM ET,"6084 WHALTON ST WEST PALM BEACH, FL- 33411","$482,046.74","$320,227.00","$482,046.74",74424315110002500
2026-07-31T02:45:08,CLOSED,502025CA008289XXXAMB,09/28/2026 10:00 AM ET,"1880 GULFSTREAM WAY WEST PALM BEACH, FL- 33411","$680,736.59",,"$680,736.59",00424330060000160
2026-07-31T02:45:08,CLOSED,502025CA011117XXXAMB,09/28/2026 10:00 AM ET,"5016 50TH WAY WEST PALM BEACH, FL- 33409","$178,132.71",,"$178,132.71",74434307040001314
2026-07-31T02:45:08,CLOSED,502025CA013449XXXAMB,09/28/2026 10:00 AM ET,"5863 AZALEA CIR WEST PALM BEACH, FL- 33415","$183,980.59",,"$183,980.59",00424411360001300
2026-07-31T02:45:08,CLOSED,502026CA000499XXXAMB,09/28/2026 10:00 AM ET,"1153 PINEWOOD LAKE CT GREENACRES, FL- 33415","$10,689.92",,"$10,689.92",18424410330000810
2026-07-31T02:45:08,CLOSED,502026CA000125XXXAMB,09/30/2026 10:00 AM ET,"5976 WHIRLAWAY RD PALM BEACH GARDENS, FL- 33418","$19,422.06",,"$19,422.06",52424223040010100
2026-07-31T02:45:08,CLOSED,502025CA012235XXXAMB,10/05/2026 10:00 AM ET,"8436 CYPRESS LN A BOCA RATON, FL- 33433","$33,190.53",,"$33,190.53",00424720030000701
2026-07-31T02:45:08,CLOSED,502026CA002800XXXAMB,10/05/2026 10:00 AM ET,"4908 CONCORDIA LN BOYNTON BEACH, FL- 33436","$428,746.03",,"$428,746.03",00424513130020670
2026-07-31T02:45:08,CLOSED,502024CA006899XXXAMB,10/07/2026 10:00 AM ET,"934 PASEO CASTALLA WEST PALM BEACH, FL- 33405","$357,353.34",,"$357,353.34",74434333060050071
2026-07-31T02:45:08,CLOSED,502025CA001430XXXAMB,10/08/2026 10:00 AM ET,"1044 SEAGRAPE RD LAKE WORTH, FL- 33462","$237,407.24",,"$237,407.24",00434509140000470
2026-07-31T02:45:08,CLOSED,502025CA007162XXXAMB,10/08/2026 10:00 AM ET,"4214 WAVERLY DR WEST PALM BEACH, FL- 33407","$322,670.47",,"$322,670.47",74434305190030050
2026-07-31T02:45:08,CLOSED,502025CA008794XXXAMB,10/08/2026 10:00 AM ET,"10960 STAFFORD CIR S BOYNTON BEACH, FL- 33436","$14,135.77",,"$14,135.77",00424525110001040
2026-07-31T02:45:08,CLOSED,502025CA002419XXXAMB,10/13/2026 10:00 AM ET,"9895 SHEPARD PLACE WELLINGTON, FL- 33414","$807,281.99",,"$807,281.99",Property
2026-07-31T02:45:08,CLOSED,502025CA003706XXXAMB,10/13/2026 10:00 AM ET,"1750 17TH AVE N LAKE WORTH, FL- 33460","$96,991.01",,"$96,991.01",38434416330000050
2026-07-31T02:45:08,CLOSED,502025CA004575XXXAMB,10/13/2026 10:00 AM ET,"7791 BRIDLINGTON DR BOYNTON BEACH, FL- 33472","$30,250.79",,"$30,250.79",00424516070000650
2026-07-31T02:45:08,CLOSED,502025CA006439XXXAMB,10/13/2026 10:00 AM ET,"4245 MAGGIORE WAY WEST PALM BEACH, FL- 33409","$553,775.73",,"$553,775.73",74424312210000970
2026-07-31T02:45:08,CLOSED,502025CA007309XXXAMB,10/13/2026 10:00 AM ET,"15517 ORCHARD DR WESTLAKE, FL- 33470","$407,513.54",,"$407,513.54",77404312100000390
2026-07-31T02:45:08,CLOSED,502025CA010517XXXAMB,10/13/2026 10:00 AM ET,"1006 GREEN PINE BLVD F1 WEST PALM BEACH, FL- 33409","$141,884.98",,"$141,884.98",74424313080060061
2026-07-31T02:45:08,CLOSED,502026CC000567XXXASB,10/13/2026 10:00 AM ET,"1882 LINDSEY CT WELLINGTON, FL- 33414","$3,838.39",,"$3,838.39",73414409020060340
2026-07-31T02:45:08,CLOSED,502025CA010966XXXAMB,10/15/2026 10:00 AM ET,"821 SW 4TH AVE DELRAY BEACH, FL- 33444","$806,180.48",,"$806,180.48",12434620010110040
2026-07-31T02:45:08,CLOSED,502025CA008871XXXAMB,10/21/2026 10:00 AM ET,"2012 S FEDERAL HWY 308 BOYNTON BEACH, FL- 33435","$93,743.79",,"$93,743.79",08434533220063080
2026-07-31T02:45:08,CLOSED,502025CC016427XXXAMB,10/26/2026 10:00 AM ET,"13697 CORD WAY DELRAY BEACH, FL- 33484","$16,287.35",,"$16,287.35",00424610020040570
2026-07-31T02:45:08,CLOSED,502025CA009758XXXAMB,10/28/2026 10:00 AM ET,"18812 44TH PL N LOXAHATCHEE, FL- 33470","$263,158.71",,"$263,158.71",00404310000007170
2026-07-31T02:45:08,CLOSED,502025CA013417XXXAMB,10/28/2026 10:00 AM ET,"8781 N BATES RD PALM BEACH GARDENS, FL- 33418","$1,063,060.52",,"$1,063,060.52",00424224010000661
2026-07-31T02:45:08,CLOSED,502025CC019883XXXAMB,10/29/2026 10:00 AM ET,"7906 LAKE SANDS DR DELRAY BEACH, FL- 33446","$25,762.17",,"$25,762.17",00424616220002180
2026-07-31T02:45:08,CLOSED,502025CA005176XXXAMB,11/04/2026 10:00 AM ET,"726 NE 20TH LN BOYNTON BEACH, FL- 33435","$652,864.18",,"$652,864.18",08434515110050010
2026-07-31T02:45:08,CLOSED,502025CA008598XXXAMB,11/04/2026 10:00 AM ET,"16824 89TH PL N LOXAHATCHEE, FL- 33470","$355,640.43",,"$355,640.43",00404224000003350
2026-07-31T02:45:08,CLOSED,502024CA002373XXXAMB,11/05/2026 10:00 AM ET,"92 SAXONY B DELRAY BEACH, FL- 33446","$69,802.88",,"$69,802.88",00424622090020920
2026-07-31T02:45:08,CLOSED,502025CA009456XXXAMB,11/05/2026 10:00 AM ET,"112 SWAN PKWY E ROYAL PALM BEACH, FL- 33411","$130,018.37",,"$130,018.37",72414326070150400
2026-07-31T02:45:08,CLOSED,502023CA013032XXXXMB,11/12/2026 10:00 AM ET,"8 DANBY PL BOYNTON BEACH, FL- 33426","$200,513.16",,"$200,513.16",08434508050250080
2026-07-31T02:45:08,CLOSED,502025CA010228XXXAMB,11/23/2026 10:00 AM ET,"22725 SW 66TH AVE # 105 BOCA RATON, FL- 33428","$52,661.65",,"$52,661.65",Property
2026-07-31T02:45:08,CLOSED,502025CA012211XXXAMB,11/23/2026 10:00 AM ET,"9106 PINEVILLE DR LAKE WORTH, FL- 33467","$362,746.18",,"$362,746.18",00424442030000270
2026-07-31T02:45:08,CLOSED,502026CA001131XXXAMB,11/23/2026 10:00 AM ET,"1013 18TH ST WEST PALM BEACH, FL- 33407","$124,160.74",,"$124,160.74",74434316080000820
2026-08-03T02:51:31,NEW,502022CA010679XXXXMB,08/03/2026 10:00 AM ET,"950 PASEO MORELLA WEST PALM BEACH, FL- 33405","$333,350.92",,Hidden,74434333060070130
2026-08-03T02:51:31,NEW,502024CA002272XXXAMB,08/03/2026 10:00 AM ET,"22035 SW 58TH AVE BOCA RATON, FL- 33428","$322,965.01",,Hidden,00424730060220490
2026-08-03T02:51:31,NEW,502024CA009270XXXAMB,08/03/2026 10:00 AM ET,"950 EGRET CIR 5507 DELRAY BEACH, FL- 33444","$22,258.22",,"$27,810.56",12434629160055507
2026-08-03T02:51:31,NEW,502024CC011528XXXAMB,08/03/2026 10:00 AM ET,"4490 ISLAND REEF DR WELLINGTON, FL- 33449","$18,415.59",,"$18,415.59",73414426050001610
2026-08-03T02:51:31,NEW,502025CA004914XXXAMB,08/03/2026 10:00 AM ET,"14717 WILDFLOWER LN DELRAY BEACH, FL- 33446","$21,901.14",,"$127,319.25",Property
2026-08-03T02:51:31,NEW,502025CA008750XXXAMB,08/03/2026 10:00 AM ET,"90 SOUTH BLVD 1D BOYNTON BEACH, FL- 33435","$75,404.09",,"$69,200.00",08434533150900040
2026-08-03T02:51:31,NEW,502025CA011985XXXAMB,08/03/2026 10:00 AM ET,"15488 LAKES OF DELRAY BLVD 106 DELRAY BEACH, FL- 33484","$19,928.55",,"$22,975.56",00424623280021060
2026-08-03T02:51:31,NEW,502025CA012465XXXAMB,08/03/2026 10:00 AM ET,"778 SUMMIT LAKE DR WEST PALM BEACH, FL- 33406","$241,889.49",,Hidden,00424401310000220
2026-08-03T02:51:31,NEW,502023CA016824XXXAMB,08/04/2026 10:00 AM ET,"14813 DRAFT HORSE LN WELLINGTON, FL- 33414","$3,025,000.00",,"$3,025,000.00",73414408010350010
2026-08-03T02:51:31,NEW,502024CA008156XXXAMB,08/04/2026 10:00 AM ET,"4969 MESSANA TER LAKE WORTH, FL- 33463","$291,584.97",,"$291,584.97",00424501030001350
2026-08-03T02:51:31,NEW,502025CC014766XXXAMB,08/04/2026 10:00 AM ET,"6162 BAY ISLES DR BOYNTON BEACH, FL- 33437","$13,917.41",,"$13,917.41",00424603020001090
2026-08-03T02:51:31,NEW,502024CA007611XXXAMB,08/05/2026 10:00 AM ET,"198 NW 67TH ST 5070 BOCA RATON, FL- 33487","$268,347.49",,"$268,347.49",06434705230015070
2026-08-03T02:51:31,NEW,502024CA012300XXXAMB,08/05/2026 10:00 AM ET,"17197 TETON RIVER RD BOCA RATON, FL- 33496","$622,161.68",,"$622,161.68",00424632090005670
2026-08-03T02:51:31,NEW,502026CA002679XXXAMB,08/05/2026 10:00 AM ET,"8800 SHOAL CREEK LN BOYNTON BEACH, FL- 33472","$222,671.04","$238,979.00","$222,671.04",00424516080000480
2026-08-03T02:51:31,NEW,502025CA003741XXXAMB,08/06/2026 10:00 AM ET,"3950 FIELDVIEW WAY WELLINGTON, FL- 33414","$2,221,772.34",,"$2,221,772.34",73414421040000510
2026-08-03T02:51:31,NEW,502025CA005726XXXAMB,08/06/2026 10:00 AM ET,"1261 W 3RD ST RIVIERA BEACH, FL- 33404","$54,454.12",,Hidden,56434232090007160
2026-08-03T02:51:31,NEW,502025CA008442XXXAMB,08/06/2026 10:00 AM ET,"18020 46TH COURT NORTH LOXAHATCHEE, FL- 33470","$331,131.02",,"$331,131.02",Property
2026-08-03T02:51:31,NEW,502025CA010694XXXAMB,08/06/2026 10:00 AM ET,"17269 71ST LN N LOXAHATCHEE, FL- 33470","$641,913.48",,"$641,913.48",00404226000005610
2026-08-03T02:51:31,NEW,502025CA012128XXXAMB,08/06/2026 10:00 AM ET,"9481 VERONA LAKES BLVD BOYNTON BEACH, FL- 33472","$16,568.82",,Hidden,00424518050001110
2026-08-03T02:51:31,NEW,502017CA004150XXXXMB,08/10/2026 10:00 AM ET,"8208 SAVARA STREAMS LN BOYNTON BEACH, FL- 33473","$613,150.15",,"$613,150.15",00424529130003240
2026-08-03T02:51:31,NEW,502021CA012214XXXXMB,08/10/2026 10:00 AM ET,"10075 BOYNTON PLACE CIR BOYNTON BEACH, FL- 33437","$159,957.39",,"$159,957.39",00424526250000740
2026-08-03T02:51:31,NEW,502023CA011559XXXXMB,08/10/2026 10:00 AM ET,"7401 MALLORCA CRESCENT BOCA RATON, FL- 33433","$640,407.93",,"$640,407.93",Property
2026-08-03T02:51:31,NEW,502025CA001904XXXAMB,08/10/2026 10:00 AM ET,"260 GAZETTA WAY WEST PALM BEACH, FL- 33413","$542,892.73",,"$542,892.73",00424333060003270
2026-08-03T02:51:31,NEW,502025CA003333XXXAMB,08/10/2026 10:00 AM ET,"902 S SEACREST BLVD BOYNTON BEACH, FL- 33435","$687,541.07",,"$687,541.07",08434528120200110
2026-08-03T02:51:31,NEW,502025CA004213XXXAMB,08/10/2026 10:00 AM ET,"14428 CANALVIEW DR D DELRAY BEACH, FL- 33484","$164,410.98",,"$164,410.98",00424614082120040
2026-08-03T02:51:31,NEW,502025CA007617XXXAMB,08/10/2026 10:00 AM ET,"127 PORGEE ROCK PL JUPITER, FL- 33458","$688,350.91",,"$688,350.91",30424033050001840
2026-08-03T02:51:31,NEW,502025CA007842XXXAMB,08/10/2026 10:00 AM ET,"2441 VILLAGE BLVD 102 WEST PALM BEACH, FL- 33409","$246,114.07",,"$246,114.07",74434307070181020
2026-08-03T02:51:31,NEW,502025CA008797XXXAMB,08/10/2026 10:00 AM ET,"119 NW 6TH AVE DELRAY BEACH, FL- 33444","$74,236.98","$435,014.00","$74,236.98",12434616010190260
2026-08-03T02:51:31,NEW,502023CA010028XXXXMB,08/11/2026 10:00 AM ET,"800 SE 2ND ST BELLE GLADE, FL- 33430","$123,436.45",,"$123,436.45",04374405080000010
2026-08-03T02:51:31,NEW,502024CA012059XXXAMB,08/11/2026 10:00 AM ET,"1704 ANNANDALE CIR ROYAL PALM BEACH, FL- 33411","$411,226.92",,"$411,226.92",72414315070040370
2026-08-03T02:51:31,NEW,502025CA011666XXXAMB,08/11/2026 10:00 AM ET,"10073 44TH AVE S BOYNTON BEACH, FL- 33436","$18,217.45",,"$18,217.45",00424525050003410
2026-08-03T02:51:31,NEW,502025CA000103XXXAMB,08/12/2026 10:00 AM ET,"5196 PALM RIDGE BLVD DELRAY BEACH, FL- 33484","$353,649.37",,"$353,649.37",00424611020001240
2026-08-03T02:51:31,NEW,502025CA002344XXXAMB,08/13/2026 10:00 AM ET,"7705 MANSFIELD HOLLOW RD DELRAY BEACH, FL- 33446","$521,505.00",,"$380,000.00",Property
2026-08-03T02:51:31,NEW,502026CC002485XXXASB,08/13/2026 10:00 AM ET,"231 E LANTANA RD 501 LANTANA, FL- 33462","$20,636.12",,"$20,636.12",40434434130005010
2026-08-03T02:51:31,NEW,502026CC005681XXXASB,08/13/2026 10:00 AM ET,"307 BRITTANY G DELRAY BEACH, FL- 33446","$35,014.29",,"$35,014.29",00424622070073070
2026-08-03T02:51:31,NEW,502023CA014746XXXAMB,08/17/2026 10:00 AM ET,"400 HIBISCUS TREE DR LAKE WORTH, FL- 33462",$0.00,,$0.00,00434509100020330
2026-08-03T02:51:31,NEW,502024CA000461XXXAMB,08/17/2026 10:00 AM ET,"10898 LAKE WYNDS CT BOYNTON BEACH, FL- 33437","$599,969.90",,"$599,969.90",00424527150000360
2026-08-03T02:51:31,NEW,502024CA007608XXXAMB,08/17/2026 10:00 AM ET,"13001 MARCELLA BLVD LOXAHATCHEE, FL- 33470","$390,667.32",,"$390,667.32",41414317016430040
2026-08-03T02:51:31,NEW,502024CA009569XXXAMB,08/17/2026 10:00 AM ET,"17928 36TH CT N LOXAHATCHEE, FL- 33470","$654,381.77",,"$654,381.77",00404314000004060
2026-08-03T02:51:31,NEW,502025CA001761XXXAMB,08/17/2026 10:00 AM ET,"6113 GREENSPOINTE DR BOYNTON BEACH, FL- 33437","$90,779.37",,"$90,779.37",00424534180000100
2026-08-03T02:51:31,NEW,502025CA007261XXXAMB,08/17/2026 10:00 AM ET,"300 S AUSTRALIAN AVE 611 WEST PALM BEACH, FL- 33401","$40,620.77",,"$40,620.77",74434321260000611
2026-08-03T02:51:31,NEW,502025CA008123XXXAMB,08/17/2026 10:00 AM ET,"410 EVERNIA ST 117 WEST PALM BEACH, FL- 33401","$698,486.14",,"$698,486.14",74434321250001170
2026-08-03T02:51:31,NEW,502025CA010955XXXAMB,08/17/2026 10:00 AM ET,"14701 CUMBERLAND DR 2080 DELRAY BEACH, FL- 33446","$52,930.18",,"$52,930.18",00424616030012080
2026-08-03T02:51:31,NEW,502025CA011004XXXAMB,08/17/2026 10:00 AM ET,"56 SW 15TH COURT BOCA RATON, FL- 33486","$84,313.32",,"$84,313.32",Property
2026-08-03T02:51:31,NEW,502025CA011510XXXAMB,08/17/2026 10:00 AM ET,"703 LOCHWICK TER PALM BEACH GARDENS, FL- LF 33418","$13,666.37",,"$13,666.37",52424210100030110
2026-08-03T02:51:31,NEW,502024CA005838XXXAMB,08/18/2026 10:00 AM ET,"716 LA COSTA WAY LANTANA, FL- 33462","$221,469.10",,"$221,469.10",40434504140060130
2026-08-03T02:51:31,NEW,502025CA000608XXXAMB,08/18/2026 10:00 AM ET,"11894 DUNBAR CT PALM BEACH GARDENS, FL- 33412","$1,183,632.85",,"$1,183,632.85",52414214070000160
2026-08-03T02:51:31,NEW,502025CA005500XXXAMB,08/18/2026 10:00 AM ET,"147 KINGS WAY ROYAL PALM BEACH, FL- 33411","$263,852.18",,"$263,852.18",72414327110030180
2026-08-03T02:51:31,NEW,502025CA009262XXXAMB,08/18/2026 10:00 AM ET,"9343 TANGO TER BOCA RATON, FL- 33496","$573,389.57",,"$573,389.57",00424706130000650
2026-08-03T02:51:31,NEW,502025CC016491XXXAMB,08/18/2026 10:00 AM ET,"2566 S GARDEN DR 209 LAKE WORTH, FL- 33461","$40,574.01",,"$40,574.01",00434417380002090
2026-08-03T02:51:31,NEW,502018CA016108XXXXMB,08/19/2026 10:00 AM ET,"13450 OLD ENGLISHTOWN RD WELLINGTON, FL- 33414","$157,236.52",,"$157,236.52",73414404140000480
2026-08-03T02:51:31,NEW,502024CA011677XXXAMB,08/19/2026 10:00 AM ET,"2132 NE 1ST WAY 102 BOYNTON BEACH, FL- 33435","$49,217.05",,"$49,217.05",08434516120111020
2026-08-03T02:51:31,NEW,502025CA000585XXXAMB,08/19/2026 10:00 AM ET,"11424 165TH ROAD N JUPITER, FL- 33478","$791,888.19",,Hidden,Property
2026-08-03T02:51:31,NEW,502025CA001605XXXAMB,08/19/2026 10:00 AM ET,"153 SEMINOLE LAKES DR ROYAL PALM BEACH, FL- 33411","$7,019.20",,"$7,019.20",72414335050001220
2026-08-03T02:51:31,NEW,502025CA008658XXXAMB,08/19/2026 10:00 AM ET,"1328 NW 7TH ST BOCA RATON, FL- 33486","$256,829.62",,"$256,829.62",06424724020050060
2026-08-03T02:51:31,NEW,502025CA009058XXXAMB,08/19/2026 10:00 AM ET,"7240 HUNTINGTON LN 101 DELRAY BEACH, FL- 33446","$74,795.59",,"$74,795.59",00424615250241010
2026-08-03T02:51:31,NEW,502025CA009976XXXAMB,08/19/2026 10:00 AM ET,"112 LANCASTER WAY ROYAL PALM BEACH, FL- 33414","$391,008.35",,"$391,008.35",72414401010040060
2026-08-03T02:51:31,NEW,502025CA010103XXXAMB,08/19/2026 10:00 AM ET,"610 CLEMATIS ST UNIT 734 WEST PALM BEACH, FL- 33401","$283,628.43",,"$283,628.43",74434321230077340
2026-08-03T02:51:31,NEW,502025CA010516XXXAMB,08/19/2026 10:00 AM ET,"600 S OCEAN BLVD 5070 BOCA RATON, FL- 33432","$69,016.63",,"$69,016.63",06434728060005070
2026-08-03T02:51:31,NEW,502025CA011068XXXAMB,08/19/2026 10:00 AM ET,"581 NW 47TH AVE DELRAY BEACH, FL- 33445","$192,717.12",,"$192,717.12",12424612080030222
2026-08-03T02:51:31,NEW,502025CA008033XXXAMB,08/20/2026 10:00 AM ET,"1305 VIA DE PEPI BOYNTON BEACH, FL- 33426","$21,131.43",,"$21,131.43",08434520270000410
2026-08-03T02:51:31,NEW,502025CA008124XXXAMB,08/20/2026 10:00 AM ET,"87 PHEASANT RUN BLVD WEST PALM BEACH, FL- 33415","$354,151.21",,"$354,151.21",00424402310001090
2026-08-03T02:51:31,NEW,502025CA012662XXXAMB,08/20/2026 10:00 AM ET,"13052 COMPTON RD LOXAHATCHEE, FL- 33470","$917,051.29",,"$917,051.29",Property
2026-08-03T02:51:31,NEW,502025CC009675XXXASB,08/25/2026 10:00 AM ET,"1579 BRIAR OAK DR ROYAL PALM BEACH, FL- 33411","$17,169.37",,"$17,169.37",72414322010000400
2026-08-03T02:51:31,NEW,502022CA002491XXXXMB,08/24/2026 10:00 AM ET,"23379 SW 55TH WAY A BOCA RATON, FL- 33433","$331,810.20",,"$331,810.20",00424732020000261
2026-08-03T02:51:31,NEW,502023CA011888XXXXMB,08/24/2026 10:00 AM ET,"1025 SE 3RD ST BELLE GLADE, FL- 33430","$192,341.25",,"$192,341.25",04374405070000160
2026-08-03T02:51:31,NEW,502024CA007475XXXAMB,08/24/2026 10:00 AM ET,"16176 SIERRA PALMS DR DELRAY BEACH, FL- 33484","$61,963.47",,"$61,963.47",00424626480000520
2026-08-03T02:51:31,NEW,502025CA000861XXXAMB,08/24/2026 10:00 AM ET,"618 GARDENIA TER DELRAY BEACH, FL- 33444","$532,655.84",,"$532,655.84",12434608190010080
2026-08-03T02:51:31,NEW,502025CA002397XXXAMB,08/24/2026 10:00 AM ET,"5808 S 37TH ST GREENACRES, FL- 33463","$263,598.74",,"$263,598.74",18424423080020093
2026-08-03T02:51:31,NEW,502025CA003822XXXAMB,08/24/2026 10:00 AM ET,"1334 ARROWHEAD POINT RD LOXAHATCHEE, FL- 33470","$572,477.54",,"$572,477.54",00404328070002910
2026-08-03T02:51:31,NEW,502025CA004424XXXAMB,08/24/2026 10:00 AM ET,"9393 CASCADE CT BOYNTON BEACH, FL- 33437","$434,692.96",,"$434,692.96",00424522110000390
2026-08-03T02:51:31,NEW,502025CA005317XXXAMB,08/24/2026 10:00 AM ET,"4414 HEMLOCK DR RIVIERA BEACH, FL- 33410","$340,587.12",,"$340,587.12",56424225440000270
2026-08-03T02:51:31,NEW,502025CA008013XXXAMB,08/24/2026 10:00 AM ET,"1034 GROVE PARK CIR BOYNTON BEACH, FL- 33436","$661,683.41",,"$661,683.41",08424512260000520
2026-08-03T02:51:31,NEW,502025CA008769XXXAMB,08/24/2026 10:00 AM ET,"7032 CHESAPEAKE CIR BOYNTON BEACH, FL- 33436","$557,828.50",,"$557,828.50",08434507170002830
2026-08-03T02:51:31,NEW,502025CA001696XXXAMB,08/25/2026 10:00 AM ET,"3127 FERNWOOD DR BOYNTON BEACH, FL- 33435","$1,269,403.02",,"$1,269,403.02",08434605010090150
2026-08-03T02:51:31,NEW,502025CA001974XXXAMB,08/25/2026 10:00 AM ET,"549 MONACO L DELRAY BEACH, FL- 33446","$128,487.25","$79,582.00","$128,487.25",00424622080125490
2026-08-03T02:51:31,NEW,502026CC009651XXXASB,08/25/2026 10:00 AM ET,"8410 STANIEL CAY WEST PALM BEACH, FL- 33411","$15,112.38",,"$15,112.38",74424320070000610
2026-08-03T02:51:31,NEW,502023CA008578XXXXMB,08/26/2026 10:00 AM ET,"300 OCEAN TRAIL WAY 103 JUPITER, FL- 33477","$445,376.63",,"$445,376.63",30434105120030103
2026-08-03T02:51:31,NEW,502024CC007094XXXAMB,08/26/2026 10:00 AM ET,"120 LEHANE TER 301 NORTH PALM BEACH, FL- 33408","$26,135.71",,"$26,135.71",68434216090000380
2026-08-03T02:51:31,NEW,502025CA000480XXXAMB,08/26/2026 10:00 AM ET,"93 SAXONY B DELRAY BEACH, FL- 33446","$35,603.95",,"$35,603.95",00424622090020930
2026-08-03T02:51:31,NEW,502025CA002931XXXAMB,08/26/2026 10:00 AM ET,"22261 FESTIVAL WAY BOCA RATON, FL- 33428","$416,095.83",,"$416,095.83",00414725170000420
2026-08-03T02:51:31,NEW,502025CA007657XXXAMB,08/26/2026 10:00 AM ET,"769 DAFFODIL DR WELLINGTON, FL- 33414","$278,250.56","$414,110.00","$278,250.56",73414404010050150
2026-08-03T02:51:31,NEW,502025CA008509XXXAMB,08/26/2026 10:00 AM ET,"16298 90TH ST N LOXAHATCHEE, FL- 33470","$582,791.10",,"$582,791.10",00404213000006120
2026-08-03T02:51:31,NEW,502025CC007487XXXAMB,08/26/2026 10:00 AM ET,"9082 BOCA GARDENS PKWY C BOCA RATON, FL- 33496","$10,940.60",,"$10,940.60",00424706081380030
2026-08-03T02:51:31,NEW,502026CC006965XXXAMB,08/26/2026 10:00 AM ET,"1123 11TH TER PALM BEACH GARDENS, FL- 33418","$13,895.47",,"$13,895.47",52424210040001123
2026-08-03T02:51:31,NEW,502019CA014857XXXXMB,08/31/2026 10:00 AM ET,"4765 PURDUE DR BOYNTON BEACH, FL- 33436","$289,817.98",,"$289,817.98",00424513130010220
2026-08-03T02:51:31,NEW,502022CA006893XXXXMB,08/31/2026 10:00 AM ET,"13909 VIA NIDIA DELRAY BEACH, FL- 33446","$521,558.52",,"$521,558.52",00424610050000550
2026-08-03T02:51:31,NEW,502023CA015898XXXAMB,08/31/2026 10:00 AM ET,"6018 ADRIATIC WAY WEST PALM BEACH, FL- 33413","$405,728.18","$372,812.00","$405,728.18",00424334050000040
2026-08-03T02:51:31,NEW,502024CA008051XXXAMB,08/31/2026 10:00 AM ET,"5655 LA QUINTA CT LAKE WORTH, FL- 33463","$240,497.21",,"$240,497.21",00424502100000630
2026-08-03T02:51:31,NEW,502024CA011064XXXAMB,08/31/2026 10:00 AM ET,"1585 W 36TH ST RIVIERA BEACH, FL- 33404","$60,838.34",,"$60,838.34",56434229020060010
2026-08-03T02:51:31,NEW,502025CA000239XXXAMB,08/31/2026 10:00 AM ET,"94 DORSET C BOCA RATON, FL- 33434","$21,434.73",,"$21,434.73",00424708080030940
2026-08-03T02:51:31,NEW,502025CA002593XXXAMB,08/31/2026 10:00 AM ET,"283 BRIER CIR JUPITER, FL- 33458","$464,267.70",,"$464,267.70",30424110340000790
2026-08-03T02:51:31,NEW,502025CA004168XXXAMB,08/31/2026 10:00 AM ET,"1965 S CLUB DR WELLINGTON, FL- 33414","$477,067.06",,"$477,067.06",73414407050000870
2026-08-03T02:51:31,NEW,502025CA004474XXXAMB,08/31/2026 10:00 AM ET,"614 EXECUTIVE CENTER DR 208 WEST PALM BEACH, FL- 33401","$224,900.51",,"$224,900.51",74434320056142080
2026-08-03T02:51:31,NEW,502025CA006385XXXAMB,08/31/2026 10:00 AM ET,"194 MASTIC TREE CT ROYAL PALM BEACH, FL- 33411","$280,887.35","$201,842.00","$280,887.35",72414326210001940
2026-08-03T02:51:31,NEW,502025CA003828XXXAMB,09/01/2026 10:00 AM ET,"5014 NAUTICA LAKE CIR GREENACRES, FL- 33463","$474,683.82",,"$474,683.82",18424435120000960
2026-08-03T02:51:31,NEW,502025CC014550XXXASB,09/01/2026 10:00 AM ET,"6660 CANARY PALM CIR BOCA RATON, FL- 33433","$16,510.96",,"$16,510.96",00424727260030150
2026-08-03T02:51:31,NEW,502026CC004633XXXANB,09/01/2026 10:00 AM ET,"316 SOUTHWIND CT 203 NORTH PALM BEACH, FL- 33408","$58,045.81",,"$58,045.81",68434217310002030
2026-08-03T02:51:31,NEW,502016CA003862XXXXMB,09/02/2026 10:00 AM ET,"12689 57TH ROAD NORTH ROYAL PALM BEACH, FL- 33411","$403,991.06",,"$403,991.06",Property
2026-08-03T02:51:31,NEW,502024CA001231XXXAMB,09/02/2026 10:00 AM ET,"5027 GENOVE PL RIVIERA BEACH, FL- 33410","$12,292.09",,"$12,292.09",56424225420030040
2026-08-03T02:51:31,NEW,502025CA009956XXXAMB,09/02/2026 10:00 AM ET,"4545 N OCEAN BLVD 18D BOCA RATON, FL- 33431","$1,000,337.10",,"$1,000,337.10",06434709020010184
2026-08-03T02:51:31,NEW,502025CC020210XXXAMB,09/02/2026 10:00 AM ET,"2991 S GARDEN DR 106 LAKE WORTH, FL- 33461","$28,788.48",,"$28,788.48",00434417530001060
2026-08-03T02:51:31,NEW,502023CA013120XXXXMB,09/03/2026 10:00 AM ET,"3464 ARTESIAN DR LAKE WORTH, FL- 33462","$370,758.96",,"$370,758.96",00434506020360040
2026-08-03T02:51:31,NEW,502025CA009596XXXAMB,09/03/2026 10:00 AM ET,"6606 WINDMILL WAY GREENACRES, FL- 33413","$68,673.81",,"$68,673.81",18424403090000820
2026-08-03T02:51:31,NEW,502025CA009790XXXAMB,09/03/2026 10:00 AM ET,"1610 S PALMWAY LAKE WORTH, FL- 33460","$570,591.28",,"$570,591.28",38434427010910040
2026-08-03T02:51:31,NEW,502025CA009901XXXAMB,09/03/2026 10:00 AM ET,"1014 VIA JARDIN RIVIERA BEACH, FL- 33418","$214,550.01",,"$214,550.01",56424225230001290
2026-08-03T02:51:31,NEW,502025CA010805XXXAMB,09/03/2026 10:00 AM ET,"128 SEVILLA AVE ROYAL PALM BEACH, FL- 33411","$505,315.06",,"$505,315.06",72414314030100230
2026-08-03T02:51:31,NEW,502025CA012845XXXAMB,09/03/2026 10:00 AM ET,"17695 HAYNIE LN JUPITER, FL- 33478","$350,351.27",,"$350,351.27",00414102000003490
2026-08-03T02:51:31,NEW,502024CC017325XXXAMB,09/04/2026 10:00 AM ET,"521 FRANKLIN RD WEST PALM BEACH, FL- 33405","$14,728.90",,"$41,010.40",74434404040170150
2026-08-03T02:51:31,NEW,502018CA001390XXXXMB,09/08/2026 10:00 AM ET,"9360 CASCADE CT BOYNTON BEACH, FL- 33437","$619,103.55",,"$619,103.55",00424522110000490
2026-08-03T02:51:31,NEW,502021CA012004XXXXMB,09/08/2026 10:00 AM ET,"2574 TREANOR TER WEST PALM BEACH, FL- 33414","$1,112,773.37",,"$1,112,773.37",73424417020015860
2026-08-03T02:51:31,NEW,502024CA003253XXXAMB,09/08/2026 10:00 AM ET,"201 SE 22ND AVE BOYNTON BEACH, FL- 33435","$321,750.99",,"$321,750.99",08434533030000520
2026-08-03T02:51:31,NEW,502025CA001116XXXAMB,09/08/2026 10:00 AM ET,"8484 GRAND PRIX LN BOYNTON BEACH, FL- 33472","$1,447,834.17",,"$1,447,834.17",00424517100001760
2026-08-03T02:51:31,NEW,502025CA001688XXXAMB,09/08/2026 10:00 AM ET,"1331 PEBBLE RIDGE LN WEST PALM BEACH, FL- 33411","$67,722.02",,"$67,722.02",00424407010000190
2026-08-03T02:51:31,NEW,502025CA001782XXXAMB,09/08/2026 10:00 AM ET,"2513 NW 4TH CT BOYNTON BEACH, FL- 33426","$194,133.00",,"$194,133.00",08434516370190070
2026-08-03T02:51:31,NEW,502025CA007670XXXAMB,09/08/2026 10:00 AM ET,"187 SAXONY D DELRAY BEACH, FL- 33446","$30,450.48",,"$30,450.48",00424622090041870
2026-08-03T02:51:31,NEW,502025CA009225XXXAMB,09/08/2026 10:00 AM ET,"8374 ZANZIBAR LN WELLINGTON, FL- 33414","$786,685.75",,"$786,685.75",73424417050006050
2026-08-03T02:51:31,NEW,502025CA009251XXXAMB,09/08/2026 10:00 AM ET,"639 EXECUTIVE CENTER DR O-101 WEST PALM BEACH, FL- 33401","$18,103.31",,"$18,103.31",74434320030150130
2026-08-03T02:51:31,NEW,502025CA009304XXXAMB,09/08/2026 10:00 AM ET,"105 BELLA VITA DR ROYAL PALM BEACH, FL- 33411","$234,318.69",,"$234,318.69",72414323220000180
2026-08-03T02:51:31,NEW,502025CA005588XXXAMB,09/09/2026 10:00 AM ET,"828 QUARTZ TER WEST PALM BEACH, FL- 33413","$450,618.53",,"$450,618.53",00424335270000180
2026-08-03T02:51:31,NEW,502025CA010873XXXAMB,09/09/2026 10:00 AM ET,"13274 POLO CLUB RD B-202 WELLINGTON, FL- 33414","$10,031.48",,"$10,031.48",73414416060002202
2026-08-03T02:51:31,NEW,502024CA000122XXXAMB,09/14/2026 10:00 AM ET,"430 N WARE DR WEST PALM BEACH, FL- 33409","$135,980.04",,"$135,980.04",74434319020010220
2026-08-03T02:51:31,NEW,502024CA002976XXXAMB,09/14/2026 10:00 AM ET,"8261 VIA DI VENETO BOCA RATON, FL- 33496","$9,300.54",,"$9,300.54",00424705240001670
2026-08-03T02:51:31,NEW,502024CA007179XXXAMB,09/14/2026 10:00 AM ET,"5138 MICHAEL DR WEST PALM BEACH, FL- 33417","$233,834.18",,"$233,834.18",00424314020003740
2026-08-03T02:51:31,NEW,502024CA009313XXXAMB,09/14/2026 10:00 AM ET,"4490 ISLAND REEF DR WELLINGTON, FL- 33449","$1,415,527.42",,"$1,415,527.42",73414426050001610
2026-08-03T02:51:31,NEW,502025CA001630XXXAMB,09/14/2026 10:00 AM ET,"11386 SHILOH WAY BOCA RATON, FL- 33428","$391,440.00",,"$391,440.00",00414714020000020
2026-08-03T02:51:31,NEW,502025CA006426XXXAMB,09/14/2026 10:00 AM ET,"7882 SUNSTONE ST DELRAY BEACH, FL- 33446","$869,709.32",,"$869,709.32",00424616310000110
2026-08-03T02:51:31,NEW,502025CA010240XXXAMB,09/14/2026 10:00 AM ET,"10209 SPYGLASS WAY BOCA RATON, FL- 33498","$422,991.62",,"$422,991.62",00414636020000250
2026-08-03T02:51:31,NEW,502025CA011563XXXAMB,09/14/2026 10:00 AM ET,"648 WEST DR DELRAY BEACH, FL- 33445","$271,804.69",,"$271,804.69",12434619060000020
2026-08-03T02:51:31,NEW,502025CA012286XXXAMB,09/14/2026 10:00 AM ET,"500 VILLAGE GREEN CIRCLE WEST PALM SPRINGS, FL- 33461","$138,812.36",,"$138,812.36",Property
2026-08-03T02:51:31,NEW,502024CA009238XXXAMB,09/16/2026 10:00 AM ET,"291 GUAVA AVE WEST PALM BEACH, FL- 33413","$366,425.45",,"$366,425.45",00424335100130120
2026-08-03T02:51:31,NEW,502025CC008275XXXAMB,09/18/2026 10:00 AM ET,"22103 ALTONA DR BOCA RATON, FL- 33428","$13,944.56",,"$13,944.56",00414722050000880
2026-08-03T02:51:31,NEW,502025CA003966XXXAMB,09/22/2026 10:00 AM ET,"1080 STERLING PINE PLACE LOXAHATCHEE, FL- 33470","$807,448.10",,"$807,448.10",Property
2026-08-03T02:51:31,NEW,502025CA005012XXXAMB,09/22/2026 10:00 AM ET,"1630 EMBASSY DR 204 WEST PALM BEACH, FL- 33401","$9,900.46",,"$9,900.46",74434317160002040
2026-08-03T02:51:31,NEW,502025CA005312XXXAMB,09/22/2026 10:00 AM ET,"17194 BRULEE BREEZE WAY BOCA RATON, FL- 33496","$4,842,336.72",,"$4,842,336.72",00424631130002600
2026-08-03T02:51:31,NEW,502025CA012135XXXAMB,09/22/2026 10:00 AM ET,"15488 LAKES OF DELRAY BLVD 104 DELRAY BEACH, FL- 33484","$39,319.81",,"$39,319.81",00424623280021040
2026-08-03T02:51:31,NEW,502025CA009680XXXAMB,09/23/2026 10:00 AM ET,"23 BURGUNDY A DELRAY BEACH, FL- 33484","$75,167.14",,"$75,167.14",00424623050010230
2026-08-03T02:51:31,NEW,502025CC018497XXXAWB,09/23/2026 10:00 AM ET,"11750 ST ANDREWS PL APT 208 WELLINGTON, FL- 33414","$25,020.76",,"$25,020.76",73414414460052080
2026-08-03T02:51:31,NEW,502024CA005614XXXAMB,09/24/2026 10:00 AM ET,"6624 SWEET MAPLE LN BOCA RATON, FL- 33433","$615,865.43","$616,838.00","$615,865.43",06424722120010840
2026-08-03T02:51:31,NEW,502024CA003166XXXAMB,09/28/2026 10:00 AM ET,"705 ALAMANDA DR NORTH PALM BEACH, FL- 33408","$343,601.63",,"$343,601.63",68434217090040220
2026-08-03T02:51:31,NEW,502025CA006589XXXAMB,09/28/2026 10:00 AM ET,"6084 WHALTON ST WEST PALM BEACH, FL- 33411","$482,046.74","$320,227.00","$482,046.74",74424315110002500
2026-08-03T02:51:31,NEW,502025CA008285XXXAMB,09/28/2026 10:00 AM ET,"6935 DEARBORN PL BOYNTON BEACH, FL- 33437","$183,070.80",,"$183,070.80",00424522010001970
2026-08-03T02:51:31,NEW,502025CA008289XXXAMB,09/28/2026 10:00 AM ET,"1880 GULFSTREAM WAY WEST PALM BEACH, FL- 33411","$680,736.59",,"$680,736.59",00424330060000160
2026-08-03T02:51:31,NEW,502025CA011117XXXAMB,09/28/2026 10:00 AM ET,"5016 50TH WAY WEST PALM BEACH, FL- 33409","$178,132.71",,"$178,132.71",74434307040001314
2026-08-03T02:51:31,NEW,502025CA012600XXXAMB,09/28/2026 10:00 AM ET,"11704 DOVE HOLLOW AVE BOYNTON BEACH, FL- 33437","$516,686.85",,"$516,686.85",00424535270001410
2026-08-03T02:51:31,NEW,502025CA013449XXXAMB,09/28/2026 10:00 AM ET,"5863 AZALEA CIR WEST PALM BEACH, FL- 33415","$183,980.59",,"$183,980.59",00424411360001300
2026-08-03T02:51:31,NEW,502026CA000499XXXAMB,09/28/2026 10:00 AM ET,"1153 PINEWOOD LAKE CT GREENACRES, FL- 33415","$10,689.92",,"$10,689.92",18424410330000810
2026-08-03T02:51:31,NEW,502026CA000125XXXAMB,09/30/2026 10:00 AM ET,"5976 WHIRLAWAY RD PALM BEACH GARDENS, FL- 33418","$19,422.06",,"$19,422.06",52424223040010100
2026-08-03T02:51:31,NEW,502025CA012235XXXAMB,10/05/2026 10:00 AM ET,"8436 CYPRESS LN A BOCA RATON, FL- 33433","$33,190.53",,"$33,190.53",00424720030000701
2026-08-03T02:51:31,NEW,502026CA002800XXXAMB,10/05/2026 10:00 AM ET,"4908 CONCORDIA LN BOYNTON BEACH, FL- 33436","$428,746.03",,"$428,746.03",00424513130020670
2026-08-03T02:51:31,NEW,502024CA006899XXXAMB,10/07/2026 10:00 AM ET,"934 PASEO CASTALLA WEST PALM BEACH, FL- 33405","$357,353.34",,"$357,353.34",74434333060050071
2026-08-03T02:51:31,NEW,502025CA001430XXXAMB,10/08/2026 10:00 AM ET,"1044 SEAGRAPE RD LAKE WORTH, FL- 33462","$237,407.24",,"$237,407.24",00434509140000470
2026-08-03T02:51:31,NEW,502025CA007162XXXAMB,10/08/2026 10:00 AM ET,"4214 WAVERLY DR WEST PALM BEACH, FL- 33407","$322,670.47",,"$322,670.47",74434305190030050
2026-08-03T02:51:31,NEW,502025CA008794XXXAMB,10/08/2026 10:00 AM ET,"10960 STAFFORD CIR S BOYNTON BEACH, FL- 33436","$14,135.77",,"$14,135.77",00424525110001040
2026-08-03T02:51:31,NEW,502025CA002419XXXAMB,10/13/2026 10:00 AM ET,"9895 SHEPARD PLACE WELLINGTON, FL- 33414","$807,281.99",,"$807,281.99",Property
2026-08-03T02:51:31,NEW,502025CA003706XXXAMB,10/13/2026 10:00 AM ET,"1750 17TH AVE N LAKE WORTH, FL- 33460","$96,991.01",,"$96,991.01",38434416330000050
2026-08-03T02:51:31,NEW,502025CA004575XXXAMB,10/13/2026 10:00 AM ET,"7791 BRIDLINGTON DR BOYNTON BEACH, FL- 33472","$30,250.79",,"$30,250.79",00424516070000650
2026-08-03T02:51:31,NEW,502025CA006439XXXAMB,10/13/2026 10:00 AM ET,"4245 MAGGIORE WAY WEST PALM BEACH, FL- 33409","$553,775.73",,"$553,775.73",74424312210000970
2026-08-03T02:51:31,NEW,502025CA007309XXXAMB,10/13/2026 10:00 AM ET,"15517 ORCHARD DR WESTLAKE, FL- 33470","$407,513.54",,"$407,513.54",77404312100000390
2026-08-03T02:51:31,NEW,502025CA010517XXXAMB,10/13/2026 10:00 AM ET,"1006 GREEN PINE BLVD F1 WEST PALM BEACH, FL- 33409","$141,884.98",,"$141,884.98",74424313080060061
2026-08-03T02:51:31,NEW,502026CC000567XXXASB,10/13/2026 10:00 AM ET,"1882 LINDSEY CT WELLINGTON, FL- 33414","$3,838.39",,"$3,838.39",73414409020060340
2026-08-03T02:51:31,NEW,502025CA010966XXXAMB,10/15/2026 10:00 AM ET,"821 SW 4TH AVE DELRAY BEACH, FL- 33444","$806,180.48",,"$806,180.48",12434620010110040
2026-08-03T02:51:31,NEW,502025CA008871XXXAMB,10/21/2026 10:00 AM ET,"2012 S FEDERAL HWY 308 BOYNTON BEACH, FL- 33435","$93,743.79",,"$93,743.79",08434533220063080
2026-08-03T02:51:31,NEW,502025CA007547XXXAMB,10/26/2026 10:00 AM ET,"632 CHERRY RD WEST PALM BEACH, FL- 33409","$280,614.38",,"$280,614.38",00424325090250020
2026-08-03T02:51:31,NEW,502025CC016427XXXAMB,10/26/2026 10:00 AM ET,"13697 CORD WAY DELRAY BEACH, FL- 33484","$16,287.35",,"$16,287.35",00424610020040570
2026-08-03T02:51:31,NEW,502025CA003965XXXAMB,10/27/2026 10:00 AM ET,"2685 W EDGEWATER DR WEST PALM BEACH, FL- 33410","$456,088.95",,"$456,088.95",Property
2026-08-03T02:51:31,NEW,502025CA012174XXXAMB,10/27/2026 10:00 AM ET,"12921 164TH COURT N JUPITER, FL- 33478","$348,764.10",,"$348,764.10",Property
2026-08-03T02:51:31,NEW,502026CC005717XXXAMB,10/27/2026 10:00 AM ET,"5600 N FLAGLER DR 605 WEST PALM BEACH, FL- 33407","$31,712.05",,"$31,712.05",74434304250006050
2026-08-03T02:51:31,NEW,502025CA009758XXXAMB,10/28/2026 10:00 AM ET,"18812 44TH PL N LOXAHATCHEE, FL- 33470","$263,158.71",,"$263,158.71",00404310000007170
2026-08-03T02:51:31,NEW,502025CA013417XXXAMB,10/28/2026 10:00 AM ET,"8781 N BATES RD PALM BEACH GARDENS, FL- 33418","$1,063,060.52",,"$1,063,060.52",00424224010000661
2026-08-03T02:51:31,NEW,502025CC019883XXXAMB,10/29/2026 10:00 AM ET,"7906 LAKE SANDS DR DELRAY BEACH, FL- 33446","$25,762.17",,"$25,762.17",00424616220002180
2026-08-03T02:51:31,NEW,502025CA005176XXXAMB,11/04/2026 10:00 AM ET,"726 NE 20TH LN BOYNTON BEACH, FL- 33435","$652,864.18",,"$652,864.18",08434515110050010
2026-08-03T02:51:31,NEW,502025CA008598XXXAMB,11/04/2026 10:00 AM ET,"16824 89TH PL N LOXAHATCHEE, FL- 33470","$355,640.43",,"$355,640.43",00404224000003350
2026-08-03T02:51:31,NEW,502024CA002373XXXAMB,11/05/2026 10:00 AM ET,"92 SAXONY B DELRAY BEACH, FL- 33446","$69,802.88",,"$69,802.88",00424622090020920
2026-08-03T02:51:31,NEW,502025CA009456XXXAMB,11/05/2026 10:00 AM ET,"112 SWAN PKWY E ROYAL PALM BEACH, FL- 33411","$130,018.37",,"$130,018.37",72414326070150400
2026-08-03T02:51:31,NEW,502023CA013032XXXXMB,11/12/2026 10:00 AM ET,"8 DANBY PL BOYNTON BEACH, FL- 33426","$200,513.16",,"$200,513.16",08434508050250080
2026-08-03T02:51:31,NEW,502025CA010228XXXAMB,11/23/2026 10:00 AM ET,"22725 SW 66TH AVE # 105 BOCA RATON, FL- 33428","$52,661.65",,"$52,661.65",Property
2026-08-03T02:51:31,NEW,502025CA012211XXXAMB,11/23/2026 10:00 AM ET,"9106 PINEVILLE DR LAKE WORTH, FL- 33467","$362,746.18",,"$362,746.18",00424442030000270
2026-08-03T02:51:31,NEW,502026CA001131XXXAMB,11/23/2026 10:00 AM ET,"1013 18TH ST WEST PALM BEACH, FL- 33407","$124,160.74",,"$124,160.74",74434316080000820
2026-08-03T02:51:31,NEW,502026CA002550XXXAMB,11/24/2026 10:00 AM ET,"7481 150TH CT N PALM BEACH GARDENS, FL- 33418","$841,456.94",,"$841,456.94",00424116000005730
2026-08-03T02:51:31,NEW,502025CA006887XXXAMB,11/30/2026 10:00 AM ET,"16789 E AQUADUCT DR LOXAHATCHEE, FL- 33470","$148,532.11",,"$148,532.11",00404313000007360
2026-08-03T02:51:31,NEW,502025CA009029XXXAMB,11/30/2026 10:00 AM ET,"7041 S PALAZZO REALE BOYNTON BEACH, FL- 33437","$335,103.08",,"$335,103.08",Property
2026-08-03T02:51:31,NEW,502025CA009454XXXAMB,11/30/2026 10:00 AM ET,"2342 POST ST PALM SPRINGS, FL- 33406","$552,154.10",,"$552,154.10",70434417640000270
2026-08-04T02:51:23,NEW,502025CA011714XXXAMB,08/24/2026 10:00 AM ET,"5656 EAGLE LAKE DR PALM BEACH GARDENS, FL- 33418","$34,816.96",,"$34,816.96",52424135020000623
2026-08-04T02:51:23,CLOSED,502022CA010679XXXXMB,08/03/2026 10:00 AM ET,"950 PASEO MORELLA WEST PALM BEACH, FL- 33405","$333,350.92",,Hidden,74434333060070130
2026-08-04T02:51:23,CLOSED,502024CA002272XXXAMB,08/03/2026 10:00 AM ET,"22035 SW 58TH AVE BOCA RATON, FL- 33428","$322,965.01",,Hidden,00424730060220490
2026-08-04T02:51:23,CLOSED,502024CA009270XXXAMB,08/03/2026 10:00 AM ET,"950 EGRET CIR 5507 DELRAY BEACH, FL- 33444","$22,258.22",,"$27,810.56",12434629160055507
2026-08-04T02:51:23,CLOSED,502024CC011528XXXAMB,08/03/2026 10:00 AM ET,"4490 ISLAND REEF DR WELLINGTON, FL- 33449","$18,415.59",,"$18,415.59",73414426050001610
2026-08-04T02:51:23,CLOSED,502025CA004914XXXAMB,08/03/2026 10:00 AM ET,"14717 WILDFLOWER LN DELRAY BEACH, FL- 33446","$21,901.14",,"$127,319.25",Property
2026-08-04T02:51:23,CLOSED,502025CA008750XXXAMB,08/03/2026 10:00 AM ET,"90 SOUTH BLVD 1D BOYNTON BEACH, FL- 33435","$75,404.09",,"$69,200.00",08434533150900040
2026-08-04T02:51:23,CLOSED,502025CA011985XXXAMB,08/03/2026 10:00 AM ET,"15488 LAKES OF DELRAY BLVD 106 DELRAY BEACH, FL- 33484","$19,928.55",,"$22,975.56",00424623280021060
2026-08-04T02:51:23,CLOSED,502025CA012465XXXAMB,08/03/2026 10:00 AM ET,"778 SUMMIT LAKE DR WEST PALM BEACH, FL- 33406","$241,889.49",,Hidden,00424401310000220
2026-08-04T02:51:23,CLOSED,502024CA007611XXXAMB,08/05/2026 10:00 AM ET,"198 NW 67TH ST 5070 BOCA RATON, FL- 33487","$268,347.49",,"$268,347.49",06434705230015070
2026-08-04T02:51:23,CLOSED,502023CA010028XXXXMB,08/11/2026 10:00 AM ET,"800 SE 2ND ST BELLE GLADE, FL- 33430","$123,436.45",,"$123,436.45",04374405080000010
2026-08-04T02:51:23,CLOSED,502025CA000861XXXAMB,08/24/2026 10:00 AM ET,"618 GARDENIA TER DELRAY BEACH, FL- 33444","$532,655.84",,"$532,655.84",12434608190010080
2026-08-05T02:51:18,CLOSED,502023CA016824XXXAMB,08/04/2026 10:00 AM ET,"14813 DRAFT HORSE LN WELLINGTON, FL- 33414","$3,025,000.00",,"$3,025,000.00",73414408010350010
2026-08-05T02:51:18,CLOSED,502024CA008156XXXAMB,08/04/2026 10:00 AM ET,"4969 MESSANA TER LAKE WORTH, FL- 33463","$291,584.97",,"$291,584.97",00424501030001350
2026-08-05T02:51:18,CLOSED,502025CC014766XXXAMB,08/04/2026 10:00 AM ET,"6162 BAY ISLES DR BOYNTON BEACH, FL- 33437","$13,917.41",,"$13,917.41",00424603020001090
2026-08-06T02:51:16,CLOSED,502024CA012300XXXAMB,08/05/2026 10:00 AM ET,"17197 TETON RIVER RD BOCA RATON, FL- 33496","$622,161.68",,"$622,161.68",00424632090005670
2026-08-06T02:51:16,CLOSED,502026CA002679XXXAMB,08/05/2026 10:00 AM ET,"8800 SHOAL CREEK LN BOYNTON BEACH, FL- 33472","$222,671.04","$238,979.00",Hidden,00424516080000480
2026-08-06T02:51:16,CLOSED,502025CA008442XXXAMB,08/06/2026 10:00 AM ET,"18020 46TH COURT NORTH LOXAHATCHEE, FL- 33470","$331,131.02",,Hidden,Property
2026-08-06T02:51:16,CLOSED,502025CA010694XXXAMB,08/06/2026 10:00 AM ET,"17269 71ST LN N LOXAHATCHEE, FL- 33470","$641,913.48",,"$641,913.48",00404226000005610
2026-08-07T02:51:18,NEW,502025CA009937XXXAMB,08/10/2026 10:00 AM ET,"5066 NORTHERN LIGHTS DR GREENACRES, FL- 33463","$80,550.28",,"$432,248.47",Property
2026-08-07T02:51:18,NEW,502025CA011942XXXAMB,08/10/2026 10:00 AM ET,"23247 BARWOOD LN 405 BOCA RATON, FL- 33428","$21,569.51",,"$21,798.65",00424731050054050
2026-08-07T02:51:18,NEW,502022CA012458XXXXMB,09/03/2026 10:00 AM ET,"3464 ARTESIAN DR LAKE WORTH, FL- 33462","$36,628.96",,"$370,758.96",Property
2026-08-07T02:51:18,NEW,502023CA010028XXXXMB,10/05/2026 10:00 AM ET,"8436 CYPRESS LN A BOCA RATON, FL- 33433","$123,436.45",,"$33,190.53",Property
2026-08-07T02:51:18,CLOSED,502025CA003741XXXAMB,08/06/2026 10:00 AM ET,"3950 FIELDVIEW WAY WELLINGTON, FL- 33414","$2,221,772.34",,"$2,266,284.84",73414421040000510
2026-08-07T02:51:18,CLOSED,502025CA005726XXXAMB,08/06/2026 10:00 AM ET,"1261 W 3RD ST RIVIERA BEACH, FL- 33404","$54,454.12",,Hidden,56434232090007160
2026-08-07T02:51:18,CLOSED,502025CA012128XXXAMB,08/06/2026 10:00 AM ET,"9481 VERONA LAKES BLVD BOYNTON BEACH, FL- 33472","$16,568.82",,Hidden,00424518050001110
2026-08-07T02:51:18,CLOSED,502021CA012214XXXXMB,08/10/2026 10:00 AM ET,"10075 BOYNTON PLACE CIR BOYNTON BEACH, FL- 33437","$159,957.39",,"$159,957.39",00424526250000740
2026-08-07T02:51:18,CLOSED,502023CA011559XXXXMB,08/10/2026 10:00 AM ET,"7401 MALLORCA CRESCENT BOCA RATON, FL- 33433","$640,407.93",,"$640,407.93",Property
2026-08-07T02:51:18,CLOSED,502023CA013120XXXXMB,09/03/2026 10:00 AM ET,"3464 ARTESIAN DR LAKE WORTH, FL- 33462","$370,758.96",,"$370,758.96",00434506020360040
2026-08-07T02:51:18,CLOSED,502025CA005312XXXAMB,09/22/2026 10:00 AM ET,"17194 BRULEE BREEZE WAY BOCA RATON, FL- 33496","$4,842,336.72",,"$4,842,336.72",00424631130002600
2026-08-07T02:51:18,CLOSED,502026CA000499XXXAMB,09/28/2026 10:00 AM ET,"1153 PINEWOOD LAKE CT GREENACRES, FL- 33415","$10,689.92",,"$10,689.92",18424410330000810
2026-08-07T02:51:18,CLOSED,502025CA012235XXXAMB,10/05/2026 10:00 AM ET,"8436 CYPRESS LN A BOCA RATON, FL- 33433","$33,190.53",,"$33,190.53",00424720030000701
2026-08-10T02:51:24,NEW,502025CA013013XXXAMB,08/10/2026 10:00 AM ET,"1567 W 37TH ST RIVIERA BEACH, FL- 33404","$234,919.70",,Hidden,Property
2026-08-10T02:51:24,NEW,502026CA001807XXXAMB,08/10/2026 10:00 AM ET,"4160 TURNBERRY CIR 18 LAKE WORTH, FL- 33467","$6,549.45",,"$7,042.82",00424427140000180
2026-08-10T02:51:24,NEW,502026CA002644XXXAMB,08/10/2026 10:00 AM ET,"8456 LEGEND CLUB DR WEST PALM BEACH, FL- 33412","$175,277.11",,"$175,277.11",74414224120000410
2026-08-10T02:51:24,NEW,502025CA009620XXXAMB,09/22/2026 10:00 AM ET,"15488 LAKES OF DELRAY BLVD 104 DELRAY BEACH, FL- 33484","$273,815.87",,"$39,319.81",Property
2026-08-10T02:51:24,NEW,502025CC020411XXXAMB,10/13/2026 10:00 AM ET,"1882 LINDSEY CT WELLINGTON, FL- 33414","$21,330.47",,"$3,838.39",Property
2026-08-10T02:51:24,CLOSED,502017CA004150XXXXMB,08/10/2026 10:00 AM ET,"8208 SAVARA STREAMS LN BOYNTON BEACH, FL- 33473","$613,150.15",,"$613,150.15",00424529130003240
2026-08-10T02:51:24,CLOSED,502025CA007842XXXAMB,08/10/2026 10:00 AM ET,"2441 VILLAGE BLVD 102 WEST PALM BEACH, FL- 33409","$246,114.07",,"$246,114.07",74434307070181020
2026-08-10T02:51:24,CLOSED,502025CA011942XXXAMB,08/10/2026 10:00 AM ET,"23247 BARWOOD LN 405 BOCA RATON, FL- 33428","$21,569.51",,"$21,798.65",00424731050054050
2026-08-10T02:51:24,CLOSED,502025CA012135XXXAMB,09/22/2026 10:00 AM ET,"15488 LAKES OF DELRAY BLVD 104 DELRAY BEACH, FL- 33484","$39,319.81",,"$39,319.81",00424623280021040
2026-08-10T02:51:24,CLOSED,502026CC000567XXXASB,10/13/2026 10:00 AM ET,"1882 LINDSEY CT WELLINGTON, FL- 33414","$3,838.39",,"$3,838.39",73414409020060340
2026-08-11T02:51:15,NEW,502025CA007842XXXAMB,09/14/2026 10:00 AM ET,"10209 SPYGLASS WAY BOCA RATON, FL- 33498","$246,114.07",,"$422,991.62",Property
2026-08-11T02:51:15,CLOSED,502025CA001904XXXAMB,08/10/2026 10:00 AM ET,"260 GAZETTA WAY WEST PALM BEACH, FL- 33413","$542,892.73",,Hidden,00424333060003270
2026-08-11T02:51:15,CLOSED,502025CA003333XXXAMB,08/10/2026 10:00 AM ET,"902 S SEACREST BLVD BOYNTON BEACH, FL- 33435","$687,541.07",,"$687,541.07",08434528120200110
2026-08-11T02:51:15,CLOSED,502025CA004213XXXAMB,08/10/2026 10:00 AM ET,"14428 CANALVIEW DR D DELRAY BEACH, FL- 33484","$164,410.98",,Hidden,00424614082120040
2026-08-11T02:51:15,CLOSED,502025CA007617XXXAMB,08/10/2026 10:00 AM ET,"127 PORGEE ROCK PL JUPITER, FL- 33458","$688,350.91",,"$695,027.20",30424033050001840
2026-08-11T02:51:15,CLOSED,502025CA008797XXXAMB,08/10/2026 10:00 AM ET,"119 NW 6TH AVE DELRAY BEACH, FL- 33444","$74,236.98","$435,014.00",Hidden,12434616010190260
2026-08-11T02:51:15,CLOSED,502025CA009937XXXAMB,08/10/2026 10:00 AM ET,"5066 NORTHERN LIGHTS DR GREENACRES, FL- 33463","$80,550.28",,Hidden,Property
2026-08-11T02:51:15,CLOSED,502025CA013013XXXAMB,08/10/2026 10:00 AM ET,"1567 W 37TH ST RIVIERA BEACH, FL- 33404","$234,919.70",,Hidden,Property
2026-08-11T02:51:15,CLOSED,502026CA001807XXXAMB,08/10/2026 10:00 AM ET,"4160 TURNBERRY CIR 18 LAKE WORTH, FL- 33467","$6,549.45",,"$7,042.82",00424427140000180
2026-08-11T02:51:15,CLOSED,502026CA002644XXXAMB,08/10/2026 10:00 AM ET,"8456 LEGEND CLUB DR WEST PALM BEACH, FL- 33412","$175,277.11",,"$175,277.11",74414224120000410
2026-08-11T02:51:15,CLOSED,502025CA010240XXXAMB,09/14/2026 10:00 AM ET,"10209 SPYGLASS WAY BOCA RATON, FL- 33498","$422,991.62",,"$422,991.62",00414636020000250
2026-08-12T02:51:48,NEW,502025CA011840XXXAMB,08/17/2026 10:00 AM ET,"2401 NW 7TH ST BOYNTON BEACH, FL- 33426","$434,167.35",,"$257,400.00",08434516370070050
2026-08-12T02:51:48,NEW,502025CA008239XXXAMB,09/08/2026 10:00 AM ET,"8374 ZANZIBAR LN WELLINGTON, FL- 33414","$602,118.64",,"$786,685.75",Property
2026-08-12T02:51:48,NEW,502025CA002632XXXAMB,09/09/2026 10:00 AM ET,"828 QUARTZ TER WEST PALM BEACH, FL- 33413","$10,645.23",,"$450,618.53",Property
2026-08-12T02:51:48,NEW,502025CA010210XXXAMB,09/09/2026 10:00 AM ET,"13274 POLO CLUB RD B-202 WELLINGTON, FL- 33414","$21,804.96",,"$10,031.48",Property
2026-08-12T02:51:48,NEW,502025CA001754XXXAMB,09/22/2026 10:00 AM ET,"1080 STERLING PINE PLACE LOXAHATCHEE, FL- 33470","$554,253.94",,"$807,448.10",Property
2026-08-12T02:51:48,NEW,502025CA007351XXXAMB,09/22/2026 10:00 AM ET,"15488 LAKES OF DELRAY BLVD 104 DELRAY BEACH, FL- 33484","$6,445.89",,"$39,319.81",Property
2026-08-12T02:51:48,NEW,502025CA013600XXXAMB,09/23/2026 10:00 AM ET,"11750 ST ANDREWS PL APT 208 WELLINGTON, FL- 33414","$345,450.18",,"$25,020.76",Property
2026-08-12T02:51:48,NEW,502022CA005951XXXXMB,10/05/2026 10:00 AM ET,"8436 CYPRESS LN A BOCA RATON, FL- 33433","$24,316.44",,"$33,190.53",Property
2026-08-12T02:51:48,NEW,502025CA007373XXXAMB,01/11/2027 10:00 AM ET,"18063 104TH TER S BOCA RATON, FL- 33498","$243,773.68",,"$243,773.68",00414701020010390
2026-08-12T02:51:48,NEW,502025CA008190XXXAMB,01/27/2027 10:00 AM ET,"4201 N OCEAN BLVD C-208 BOCA RATON, FL- 33431","$111,110.19",,"$111,110.19",06434709090030208
2026-08-12T02:51:48,CLOSED,502024CA012059XXXAMB,08/11/2026 10:00 AM ET,"1704 ANNANDALE CIR ROYAL PALM BEACH, FL- 33411","$411,226.92",,"$411,226.92",72414315070040370
2026-08-12T02:51:48,CLOSED,502025CA011666XXXAMB,08/11/2026 10:00 AM ET,"10073 44TH AVE S BOYNTON BEACH, FL- 33436","$18,217.45",,"$18,217.45",00424525050003410
2026-08-12T02:51:48,CLOSED,502025CA011004XXXAMB,08/17/2026 10:00 AM ET,"56 SW 15TH COURT BOCA RATON, FL- 33486","$84,313.32",,"$84,313.32",Property
2026-08-12T02:51:48,CLOSED,502025CA009225XXXAMB,09/08/2026 10:00 AM ET,"8374 ZANZIBAR LN WELLINGTON, FL- 33414","$786,685.75",,"$786,685.75",73424417050006050
2026-08-12T02:51:48,CLOSED,502025CA009304XXXAMB,09/08/2026 10:00 AM ET,"105 BELLA VITA DR ROYAL PALM BEACH, FL- 33411","$234,318.69",,"$234,318.69",72414323220000180
2026-08-12T02:51:48,CLOSED,502025CA005588XXXAMB,09/09/2026 10:00 AM ET,"828 QUARTZ TER WEST PALM BEACH, FL- 33413","$450,618.53",,"$450,618.53",00424335270000180
2026-08-12T02:51:48,CLOSED,502025CA010873XXXAMB,09/09/2026 10:00 AM ET,"13274 POLO CLUB RD B-202 WELLINGTON, FL- 33414","$10,031.48",,"$10,031.48",73414416060002202
2026-08-12T02:51:48,CLOSED,502025CA003966XXXAMB,09/22/2026 10:00 AM ET,"1080 STERLING PINE PLACE LOXAHATCHEE, FL- 33470","$807,448.10",,"$807,448.10",Property
2026-08-12T02:51:48,CLOSED,502025CA009620XXXAMB,09/22/2026 10:00 AM ET,"15488 LAKES OF DELRAY BLVD 104 DELRAY BEACH, FL- 33484","$273,815.87",,"$39,319.81",Property
2026-08-12T02:51:48,CLOSED,502025CC018497XXXAWB,09/23/2026 10:00 AM ET,"11750 ST ANDREWS PL APT 208 WELLINGTON, FL- 33414","$25,020.76",,"$25,020.76",73414414460052080
2026-08-12T02:51:48,CLOSED,502023CA010028XXXXMB,10/05/2026 10:00 AM ET,"8436 CYPRESS LN A BOCA RATON, FL- 33433","$123,436.45",,"$33,190.53",Property
2026-08-13T02:51:32,NEW,502025CC016197XXXAMB,08/17/2026 10:00 AM ET,"343 CAPRI H DELRAY BEACH, FL- 33484","$15,320.86",,"$15,320.86",00424623060083430
2026-08-13T02:51:32,NEW,502023CA013120XXXXMB,09/03/2026 10:00 AM ET,"3464 ARTESIAN DR LAKE WORTH, FL- 33462","$370,758.96",,"$370,758.96",00434506020360040
2026-08-13T02:51:32,NEW,502025CA009225XXXAMB,09/08/2026 10:00 AM ET,"8374 ZANZIBAR LN WELLINGTON, FL- 33414","$786,685.75",,"$786,685.75",73424417050006050
2026-08-13T02:51:32,NEW,502025CA005588XXXAMB,09/09/2026 10:00 AM ET,"828 QUARTZ TER WEST PALM BEACH, FL- 33413","$450,618.53",,"$450,618.53",00424335270000180
2026-08-13T02:51:32,NEW,502025CA010873XXXAMB,09/09/2026 10:00 AM ET,"13274 POLO CLUB RD B-202 WELLINGTON, FL- 33414","$10,031.48",,"$10,031.48",73414416060002202
2026-08-13T02:51:32,NEW,502026CA000863XXXAMB,09/09/2026 10:00 AM ET,"7867 WILLOW SPRING DR 811 LAKE WORTH, FL- 33467","$7,884.89",,"$7,884.89",00424421190008110
2026-08-13T02:51:32,NEW,502026CA002392XXXAMB,09/09/2026 10:00 AM ET,"22709 SW 65TH AVE BOCA RATON, FL- 33428","$112,210.81",,"$112,210.81",00424730020110100
2026-08-13T02:51:32,NEW,502026CA003338XXXAMB,09/09/2026 10:00 AM ET,"4043 CORNWALL C BOCA RATON, FL- 33434","$21,870.77",,"$21,870.77",00424708070034043
2026-08-13T02:51:32,NEW,502025CA010240XXXAMB,09/14/2026 10:00 AM ET,"10209 SPYGLASS WAY BOCA RATON, FL- 33498","$422,991.62",,"$422,991.62",00414636020000250
2026-08-13T02:51:32,CLOSED,502025CA000103XXXAMB,08/12/2026 10:00 AM ET,"5196 PALM RIDGE BLVD DELRAY BEACH, FL- 33484","$353,649.37",,"$353,649.37",00424611020001240
2026-08-13T02:51:32,CLOSED,502026CC005681XXXASB,08/13/2026 10:00 AM ET,"307 BRITTANY G DELRAY BEACH, FL- 33446","$35,014.29",,"$35,014.29",00424622070073070
2026-08-13T02:51:32,CLOSED,502024CA000461XXXAMB,08/17/2026 10:00 AM ET,"10898 LAKE WYNDS CT BOYNTON BEACH, FL- 33437","$599,969.90",,"$599,969.90",00424527150000360
2026-08-13T02:51:32,CLOSED,502025CA007351XXXAMB,09/22/2026 10:00 AM ET,"15488 LAKES OF DELRAY BLVD 104 DELRAY BEACH, FL- 33484","$6,445.89",,"$39,319.81",Property
2026-08-13T02:51:32,CLOSED,502025CA009680XXXAMB,09/23/2026 10:00 AM ET,"23 BURGUNDY A DELRAY BEACH, FL- 33484","$75,167.14",,"$75,167.14",00424623050010230
2026-08-14T02:51:24,NEW,502026CA000789XXXAMB,08/17/2026 10:00 AM ET,"2504 BRIDGEWOOD DR BOCA RATON, FL- 33434","$34,109.45",,"$39,163.76",00424716040012504
2026-08-14T02:51:24,NEW,502026CA002421XXXAMB,08/17/2026 10:00 AM ET,"158 ALCAZAR ST ROYAL PALM BEACH, FL- 33411","$157,167.00",,"$157,167.00",72414314030040380
2026-08-14T02:51:24,NEW,502025CA003966XXXAMB,09/22/2026 10:00 AM ET,"1080 STERLING PINE PLACE LOXAHATCHEE, FL- 33470","$807,448.10",,"$807,448.10",Property
2026-08-14T02:51:24,CLOSED,502025CA002344XXXAMB,08/13/2026 10:00 AM ET,"7705 MANSFIELD HOLLOW RD DELRAY BEACH, FL- 33446","$521,505.00",,"$380,000.00",Property
2026-08-14T02:51:24,CLOSED,502026CC002485XXXASB,08/13/2026 10:00 AM ET,"231 E LANTANA RD 501 LANTANA, FL- 33462","$20,636.12",,"$20,636.12",40434434130005010
2026-08-14T02:51:24,CLOSED,502024CA009569XXXAMB,08/17/2026 10:00 AM ET,"17928 36TH CT N LOXAHATCHEE, FL- 33470","$654,381.77",,"$654,381.77",00404314000004060
2026-08-14T02:51:24,CLOSED,502025CA007261XXXAMB,08/17/2026 10:00 AM ET,"300 S AUSTRALIAN AVE 611 WEST PALM BEACH, FL- 33401","$40,620.77",,"$40,620.77",74434321260000611
2026-08-17T02:51:25,NEW,502026CC006284XXXAMB,08/26/2026 10:00 AM ET,"6917 41ST AVE N # 863 RIVIERA BEACH, FL- 33404","$43,572.67",,"$43,572.67",Property
2026-08-17T02:51:25,NEW,502025CA007281XXXAMB,09/09/2026 10:00 AM ET,"717 SAXONY O DELRAY BEACH, FL- 33446","$25,313.44","$78,000.00","$25,313.44",00424622090157170
2026-08-17T02:51:25,NEW,502025CA009950XXXAMB,09/09/2026 10:00 AM ET,"8030 INAGUA LN WELLINGTON, FL- 33414","$861,517.61",,"$861,517.61",73424417030002210
2026-08-17T02:51:25,NEW,502025CA010106XXXAMB,09/09/2026 10:00 AM ET,"10311 CROSSWIND RD BOCA RATON, FL- 33498","$372,646.09",,"$372,646.09",00414712010070300
2026-08-17T02:51:25,NEW,502026CA003278XXXAMB,09/09/2026 10:00 AM ET,"3920 N FLAGLER DR # 402 WEST PALM BEACH, FL- 33407","$37,755.85",,"$37,755.85",74434310350024020
2026-08-17T02:51:25,NEW,502025CA001126XXXAMB,09/22/2026 10:00 AM ET,"810 MARINA DEL RAY LN UNIT 3 WEST PALM BEACH, FL- 33401","$10,832.40",,"$10,832.40",74434317310080033
2026-08-17T02:51:25,NEW,502025CA007194XXXAMB,09/22/2026 10:00 AM ET,"4715 LUCERNE LAKES BLVD 102 LAKE WORTH, FL- 33467","$155,723.53",,"$155,723.53",00424428300171020
2026-08-17T02:51:25,NEW,502025CA012284XXXAMB,10/05/2026 10:00 AM ET,"4908 CONCORDIA LN BOYNTON BEACH, FL- 33436","$547,764.17",,"$428,746.03",Property
2026-08-17T02:51:25,CLOSED,502024CA007608XXXAMB,08/17/2026 10:00 AM ET,"13001 MARCELLA BLVD LOXAHATCHEE, FL- 33470","$390,667.32",,"$390,667.32",41414317016430040
2026-08-17T02:51:25,CLOSED,502025CA011510XXXAMB,08/17/2026 10:00 AM ET,"703 LOCHWICK TER PALM BEACH GARDENS, FL- 33418","$13,666.37",,"$13,666.37",52424210100030110
2026-08-17T02:51:25,CLOSED,502025CA008124XXXAMB,08/20/2026 10:00 AM ET,"87 PHEASANT RUN BLVD WEST PALM BEACH, FL- 33415","$354,151.21",,"$354,151.21",00424402310001090
2026-08-17T02:51:25,CLOSED,502019CA014857XXXXMB,08/31/2026 10:00 AM ET,"4765 PURDUE DR BOYNTON BEACH, FL- 33436","$289,817.98",,"$289,817.98",00424513130010220
2026-08-17T02:51:25,CLOSED,502026CA003338XXXAMB,09/09/2026 10:00 AM ET,"4043 CORNWALL C BOCA RATON, FL- 33434","$21,870.77",,"$21,870.77",00424708070034043
2026-08-17T02:51:25,CLOSED,502026CA002800XXXAMB,10/05/2026 10:00 AM ET,"4908 CONCORDIA LN BOYNTON BEACH, FL- 33436","$428,746.03",,"$428,746.03",00424513130020670
2026-08-17T02:51:25,CLOSED,502025CC020411XXXAMB,10/13/2026 10:00 AM ET,"1882 LINDSEY CT WELLINGTON, FL- 33414","$21,330.47",,"$3,838.39",Property
2026-08-18T02:51:26,NEW,502025CA011911XXXAMB,08/19/2026 10:00 AM ET,"1913 SW 16TH AVE BOYNTON BEACH, FL- 33426","$291,174.27","$270,447.00","$291,174.27",08434532041150110
2026-08-18T02:51:26,NEW,502025CA012097XXXAMB,08/19/2026 10:00 AM ET,"4512 BLUE PINE CIR LAKE WORTH, FL- 33463","$537,812.55",,"$537,812.55",00424501040000560
2026-08-18T02:51:26,NEW,502025CA006795XXXAMB,09/14/2026 10:00 AM ET,"7209 PROMENADE DR 801 BOCA RATON, FL- 33433","$602,971.19",,"$602,971.19",00424733080034801
2026-08-18T02:51:26,NEW,502025CC018497XXXAWB,09/23/2026 10:00 AM ET,"11750 ST ANDREWS PL APT 208 WELLINGTON, FL- 33414","$25,020.76",,"$25,020.76",73414414460052080
2026-08-18T02:51:26,NEW,502026CC000664XXXAMB,09/23/2026 10:00 AM ET,"245 MAIN BLVD A BOYNTON BEACH, FL- 33435","$42,330.73",,"$42,330.73",08434533162450010
2026-08-18T02:51:26,NEW,502025CA011413XXXAMB,09/24/2026 10:00 AM ET,"2547 SW 11TH CT BOYNTON BEACH, FL- 33426","$775,174.38",,"$775,174.38",08434532030140170
2026-08-18T02:51:26,NEW,502024CA011242XXXAMB,09/29/2026 10:00 AM ET,"17029 TETON RIVER RD BOCA RATON, FL- 33496","$1,690,708.03",,"$1,690,708.03",00424632100007590
2026-08-18T02:51:26,NEW,502023CA010028XXXXMB,10/05/2026 10:00 AM ET,"800 SE 2ND ST BELLE GLADE, FL- 33430","$123,436.45",,"$123,436.45",04374405080000010
2026-08-18T02:51:26,NEW,502024CA007608XXXAMB,10/05/2026 10:00 AM ET,"13001 MARCELLA BLVD LOXAHATCHEE, FL- 33470","$390,667.32",,"$390,667.32",41414317016430040
2026-08-18T02:51:26,NEW,502025CA009319XXXAMB,10/05/2026 10:00 AM ET,"15075 WITNEY RD 203 DELRAY BEACH, FL- 33484","$300,231.15",,"$300,231.15",00424623430012030
2026-08-18T02:51:26,NEW,502025CA011174XXXAMB,10/05/2026 10:00 AM ET,"2640 LAKE SHORE DR UNIT 2008 RIVIERA BEACH, FL- 33404","$677,017.52",,"$677,017.52",56434228690002008
2026-08-18T02:51:26,NEW,502025CA012235XXXAMB,10/05/2026 10:00 AM ET,"8436 CYPRESS LN A BOCA RATON, FL- 33433","$33,190.53",,"$33,190.53",00424720030000701
2026-08-18T02:51:26,NEW,502026CA002800XXXAMB,10/05/2026 10:00 AM ET,"4908 CONCORDIA LN BOYNTON BEACH, FL- 33436","$428,746.03",,"$428,746.03",00424513130020670
2026-08-18T02:51:26,NEW,502025CA008124XXXAMB,10/13/2026 10:00 AM ET,"1006 GREEN PINE BLVD F1 WEST PALM BEACH, FL- 33409","$354,151.21",,"$141,884.98",Property
2026-08-18T02:51:26,CLOSED,502023CA014746XXXAMB,08/17/2026 10:00 AM ET,"400 HIBISCUS TREE DR LAKE WORTH, FL- 33462",$0.00,,$0.00,00434509100020330
2026-08-18T02:51:26,CLOSED,502025CA001761XXXAMB,08/17/2026 10:00 AM ET,"6113 GREENSPOINTE DR BOYNTON BEACH, FL- 33437","$90,779.37",,Hidden,00424534180000100
2026-08-18T02:51:26,CLOSED,502025CA008123XXXAMB,08/17/2026 10:00 AM ET,"410 EVERNIA ST 117 WEST PALM BEACH, FL- 33401","$698,486.14",,"$698,486.14",74434321250001170
2026-08-18T02:51:26,CLOSED,502025CA010955XXXAMB,08/17/2026 10:00 AM ET,"14701 CUMBERLAND DR 208A DELRAY BEACH, FL- 33446","$52,930.18",,"$52,930.18",Property
2026-08-18T02:51:26,CLOSED,502025CA011840XXXAMB,08/17/2026 10:00 AM ET,"2401 NW 7TH ST BOYNTON BEACH, FL- 33426","$434,167.35",,"$257,400.00",08434516370070050
2026-08-18T02:51:26,CLOSED,502025CC016197XXXAMB,08/17/2026 10:00 AM ET,"343 CAPRI H DELRAY BEACH, FL- 33484","$15,320.86",,"$15,320.86",00424623060083430
2026-08-18T02:51:26,CLOSED,502026CA000789XXXAMB,08/17/2026 10:00 AM ET,"2504 BRIDGEWOOD DR BOCA RATON, FL- 33434","$34,109.45",,"$39,163.76",00424716040012504
2026-08-18T02:51:26,CLOSED,502026CA002421XXXAMB,08/17/2026 10:00 AM ET,"158 ALCAZAR ST ROYAL PALM BEACH, FL- 33411","$157,167.00",,"$157,167.00",72414314030040380
2026-08-18T02:51:26,CLOSED,502025CA000608XXXAMB,08/18/2026 10:00 AM ET,"11894 DUNBAR CT PALM BEACH GARDENS, FL- 33412","$1,183,632.85",,"$1,183,632.85",52414214070000160
2026-08-18T02:51:26,CLOSED,502025CA000585XXXAMB,08/19/2026 10:00 AM ET,"11424 165TH ROAD N JUPITER, FL- 33478","$791,888.19",,Hidden,Property
2026-08-18T02:51:26,CLOSED,502025CA008658XXXAMB,08/19/2026 10:00 AM ET,"1328 NW 7TH ST BOCA RATON, FL- 33486","$256,829.62",,Hidden,06424724020050060
2026-08-18T02:51:26,CLOSED,502026CC006965XXXAMB,08/26/2026 10:00 AM ET,"1123 11TH TER PALM BEACH GARDENS, FL- 33418","$13,895.47",,"$13,895.47",52424210040001123
2026-08-18T02:51:26,CLOSED,502025CA012286XXXAMB,09/14/2026 10:00 AM ET,"500 VILLAGE GREEN CIRCLE WEST PALM SPRINGS, FL- 33461","$138,812.36",,"$138,812.36",Property
2026-08-18T02:51:26,CLOSED,502025CA010517XXXAMB,10/13/2026 10:00 AM ET,"1006 GREEN PINE BLVD F1 WEST PALM BEACH, FL- 33409","$141,884.98",,"$141,884.98",74424313080060061
2026-08-19T02:52:00,NEW,502025CA010517XXXAMB,10/13/2026 10:00 AM ET,"1006 GREEN PINE BLVD F1 WEST PALM BEACH, FL- 33409","$141,884.98",,"$141,884.98",74424313080060061
2026-08-19T02:52:00,NEW,502025CC020411XXXAMB,10/13/2026 10:00 AM ET,"404 MIRAMAR LN PALM BEACH GARDENS, FL- 33410","$21,330.47",,"$21,330.47",52424201060000044
2026-08-19T02:52:00,NEW,502025CA011004XXXAMB,10/15/2026 10:00 AM ET,"56 SW 15TH COURT BOCA RATON, FL- 33486","$84,313.32",,"$84,313.32",Property
2026-08-19T02:52:00,NEW,502025CA000608XXXAMB,10/19/2026 10:00 AM ET,"11894 DUNBAR CT WEST PALM BEACH, FL- 33412","$1,183,632.85",,"$1,183,632.85",52414214070000160
2026-08-19T02:52:00,NEW,502025CA007261XXXAMB,10/21/2026 10:00 AM ET,"300 S AUSTRALIAN AVE 611 WEST PALM BEACH, FL- 33401","$40,620.77",,"$40,620.77",74434321260000611
2026-08-19T02:52:00,NEW,502025CA012539XXXAMB,11/03/2026 10:00 AM ET,"3501 COLLONADE DR WELLINGTON, FL- 33449","$709,896.39",,"$709,896.39",73414424050001100
2026-08-19T02:52:00,NEW,502025CA012769XXXAMB,11/03/2026 10:00 AM ET,"10396 150TH CT N JUPITER, FL- 33478","$229,159.80",,"$229,159.80",00414113000005830
2026-08-19T02:52:00,NEW,502025CA009015XXXAMB,11/10/2026 10:00 AM ET,"2503 GLENDALE DR ROYAL PALM BEACH, FL- 33411","$410,459.73",,"$410,459.73",72414315090090040
2026-08-19T02:52:00,CLOSED,502024CA005838XXXAMB,08/18/2026 10:00 AM ET,"716 LA COSTA WAY LANTANA, FL- 33462","$221,469.10",,Hidden,40434504140060130
2026-08-19T02:52:00,CLOSED,502025CA005500XXXAMB,08/18/2026 10:00 AM ET,"147 KINGS WAY ROYAL PALM BEACH, FL- 33411","$263,852.18",,Hidden,72414327110030180
2026-08-19T02:52:00,CLOSED,502025CA009262XXXAMB,08/18/2026 10:00 AM ET,"9343 TANGO TER BOCA RATON, FL- 33496","$573,389.57",,Hidden,00424706130000650
2026-08-19T02:52:00,CLOSED,502025CC016491XXXAMB,08/18/2026 10:00 AM ET,"2566 S GARDEN DR 209 LAKE WORTH, FL- 33461","$40,574.01",,"$43,694.55",00434417380002090
2026-08-19T02:52:00,CLOSED,502018CA016108XXXXMB,08/19/2026 10:00 AM ET,"13450 OLD ENGLISHTOWN RD WELLINGTON, FL- 33414","$157,236.52",,"$157,236.52",73414404140000480
2026-08-19T02:52:00,CLOSED,502024CA011677XXXAMB,08/19/2026 10:00 AM ET,"2132 NE 1ST WAY 102 BOYNTON BEACH, FL- 33435","$49,217.05",,"$37,300.00",08434516120111020
2026-08-19T02:52:00,CLOSED,502025CA001605XXXAMB,08/19/2026 10:00 AM ET,"153 SEMINOLE LAKES DR ROYAL PALM BEACH, FL- 33411","$7,019.20",,"$7,019.20",72414335050001220
2026-08-19T02:52:00,CLOSED,502025CA009058XXXAMB,08/19/2026 10:00 AM ET,"7240 HUNTINGTON LN 101 DELRAY BEACH, FL- 33446","$74,795.59",,"$75,373.67",00424615250241010
2026-08-19T02:52:00,CLOSED,502025CA009976XXXAMB,08/19/2026 10:00 AM ET,"112 LANCASTER WAY ROYAL PALM BEACH, FL- 33414","$391,008.35",,"$391,008.35",72414401010040060
2026-08-19T02:52:00,CLOSED,502025CA010103XXXAMB,08/19/2026 10:00 AM ET,"610 CLEMATIS ST UNIT 734 WEST PALM BEACH, FL- 33401","$283,628.43",,"$283,628.43",74434321230077340
2026-08-19T02:52:00,CLOSED,502025CA010516XXXAMB,08/19/2026 10:00 AM ET,"600 S OCEAN BLVD 507 BOCA RATON, FL- 33432","$69,016.63",,"$69,016.63",Property
2026-08-19T02:52:00,CLOSED,502025CA011068XXXAMB,08/19/2026 10:00 AM ET,"581 NW 47TH AVE DELRAY BEACH, FL- 33445","$192,717.12",,"$192,717.12",12424612080030222
2026-08-19T02:52:00,CLOSED,502025CA011911XXXAMB,08/19/2026 10:00 AM ET,"1913 SW 16TH AVE BOYNTON BEACH, FL- 33426","$291,174.27","$270,447.00","$291,174.27",08434532041150110
2026-08-19T02:52:00,CLOSED,502025CA012097XXXAMB,08/19/2026 10:00 AM ET,"4512 BLUE PINE CIR LAKE WORTH, FL- 33463","$537,812.55",,"$537,812.55",00424501040000560
2026-08-19T02:52:00,CLOSED,502025CA008033XXXAMB,08/20/2026 10:00 AM ET,"1305 VIA DE PEPI BOYNTON BEACH, FL- 33426","$21,131.43",,"$21,720.64",08434520270000410
2026-08-19T02:52:00,CLOSED,502025CA012662XXXAMB,08/20/2026 10:00 AM ET,"13052 COMPTON RD LOXAHATCHEE, FL- 33470","$917,051.29",,"$917,051.29",Property
2026-08-19T02:52:00,CLOSED,502022CA002491XXXXMB,08/24/2026 10:00 AM ET,"23379 SW 55TH WAY A BOCA RATON, FL- 33433","$331,810.20",,"$232,000.00",00424732020000261
2026-08-19T02:52:00,CLOSED,502023CA011888XXXXMB,08/24/2026 10:00 AM ET,"1025 SE 3RD ST BELLE GLADE, FL- 33430","$192,341.25",,"$192,341.25",04374405070000160
2026-08-19T02:52:00,CLOSED,502024CA007475XXXAMB,08/24/2026 10:00 AM ET,"16176 SIERRA PALMS DR DELRAY BEACH, FL- 33484","$61,963.47",,"$61,963.47",00424626480000520
2026-08-19T02:52:00,CLOSED,502025CA002397XXXAMB,08/24/2026 10:00 AM ET,"5808 S 37TH ST GREENACRES, FL- 33463","$263,598.74",,"$263,598.74",Property
2026-08-19T02:52:00,CLOSED,502025CA003822XXXAMB,08/24/2026 10:00 AM ET,"1334 ARROWHEAD POINT RD LOXAHATCHEE, FL- 33470","$572,477.54",,"$572,477.54",00404328070002910
2026-08-19T02:52:00,CLOSED,502025CA004424XXXAMB,08/24/2026 10:00 AM ET,"9393 CASCADE CT BOYNTON BEACH, FL- 33437","$434,692.96",,"$434,692.96",00424522110000390
2026-08-19T02:52:00,CLOSED,502025CA005317XXXAMB,08/24/2026 10:00 AM ET,"4414 HEMLOCK DR RIVIERA BEACH, FL- 33410","$340,587.12",,"$340,587.12",56424225440000270
2026-08-19T02:52:00,CLOSED,502025CA008013XXXAMB,08/24/2026 10:00 AM ET,"1034 GROVE PARK CIR BOYNTON BEACH, FL- 33436","$661,683.41",,"$661,683.41",08424512260000520
2026-08-19T02:52:00,CLOSED,502025CA008769XXXAMB,08/24/2026 10:00 AM ET,"7032 CHESAPEAKE CIR BOYNTON BEACH, FL- 33436","$557,828.50",,"$557,828.50",08434507170002830
2026-08-19T02:52:00,CLOSED,502025CA011714XXXAMB,08/24/2026 10:00 AM ET,"5656 EAGLE LAKE DR PALM BEACH GARDENS, FL- 33418","$34,816.96",,"$34,816.96",52424135020000623
2026-08-19T02:52:00,CLOSED,502025CA001696XXXAMB,08/25/2026 10:00 AM ET,"3127 FERNWOOD DR BOYNTON BEACH, FL- 33435","$1,269,403.02",,"$1,269,403.02",08434605010090150
2026-08-19T02:52:00,CLOSED,502025CA001974XXXAMB,08/25/2026 10:00 AM ET,"549 MONACO L DELRAY BEACH, FL- 33446","$128,487.25","$79,582.00","$128,487.25",00424622080125490
2026-08-19T02:52:00,CLOSED,502025CC009675XXXASB,08/25/2026 10:00 AM ET,"1579 BRIAR OAK DR ROYAL PALM BEACH, FL- 33411","$17,169.37",,"$17,169.37",72414322010000400
2026-08-19T02:52:00,CLOSED,502026CC009651XXXASB,08/25/2026 10:00 AM ET,"8410 STANIEL CAY WEST PALM BEACH, FL- 33411","$15,112.38",,"$15,112.38",74424320070000610
2026-08-19T02:52:00,CLOSED,502022CA006893XXXXMB,08/31/2026 10:00 AM ET,"13909 VIA NIDIA DELRAY BEACH, FL- 33446","$521,558.52",,"$521,558.52",00424610050000550
2026-08-19T02:52:00,CLOSED,502023CA015898XXXAMB,08/31/2026 10:00 AM ET,"6018 ADRIATIC WAY WEST PALM BEACH, FL- 33413","$405,728.18","$372,812.00","$405,728.18",00424334050000040
2026-08-19T02:52:00,CLOSED,502024CA008051XXXAMB,08/31/2026 10:00 AM ET,"5655 LA QUINTA CT LAKE WORTH, FL- 33463","$240,497.21",,"$240,497.21",00424502100000630
2026-08-19T02:52:00,CLOSED,502024CA011064XXXAMB,08/31/2026 10:00 AM ET,"1585 W 36TH ST RIVIERA BEACH, FL- 33404","$60,838.34",,"$60,838.34",56434229020060010
2026-08-19T02:52:00,CLOSED,502025CA000239XXXAMB,08/31/2026 10:00 AM ET,"94 DORSET C BOCA RATON, FL- 33434","$21,434.73",,"$21,434.73",00424708080030940
2026-08-19T02:52:00,CLOSED,502025CA002593XXXAMB,08/31/2026 10:00 AM ET,"283 BRIER CIR JUPITER, FL- 33458","$464,267.70",,"$464,267.70",30424110340000790
2026-08-19T02:52:00,CLOSED,502025CA004168XXXAMB,08/31/2026 10:00 AM ET,"1965 S CLUB DR WELLINGTON, FL- 33414","$477,067.06",,"$477,067.06",73414407050000870
2026-08-19T02:52:00,CLOSED,502025CA004474XXXAMB,08/31/2026 10:00 AM ET,"614 EXECUTIVE CENTER DR 208 WEST PALM BEACH, FL- 33401","$224,900.51",,"$224,900.51",74434320056142080
2026-08-19T02:52:00,CLOSED,502025CA006385XXXAMB,08/31/2026 10:00 AM ET,"194 MASTIC TREE CT ROYAL PALM BEACH, FL- 33411","$280,887.35","$201,842.00","$280,887.35",72414326210001940
2026-08-20T02:51:17,NEW,502025CA012662XXXAMB,08/20/2026 10:00 AM ET,"13052 COMPTON RD LOXAHATCHEE, FL- 33470","$917,051.29",,"$917,051.29",Property
2026-08-20T02:51:17,NEW,502022CA002491XXXXMB,08/24/2026 10:00 AM ET,"23379 SW 55TH WAY A BOCA RATON, FL- 33433","$331,810.20",,"$232,000.00",00424732020000261
2026-08-20T02:51:17,NEW,502023CA011888XXXXMB,08/24/2026 10:00 AM ET,"1025 SE 3RD ST BELLE GLADE, FL- 33430","$192,341.25",,"$192,341.25",04374405070000160
2026-08-20T02:51:17,NEW,502024CA007475XXXAMB,08/24/2026 10:00 AM ET,"16176 SIERRA PALMS DR DELRAY BEACH, FL- 33484","$61,963.47",,"$61,963.47",00424626480000520
2026-08-20T02:51:17,NEW,502025CA002397XXXAMB,08/24/2026 10:00 AM ET,"5808 S 37TH ST GREENACRES, FL- 33463","$263,598.74",,"$263,598.74",Property
2026-08-20T02:51:17,NEW,502025CA003822XXXAMB,08/24/2026 10:00 AM ET,"1334 ARROWHEAD POINT RD LOXAHATCHEE, FL- 33470","$572,477.54",,"$572,477.54",00404328070002910
2026-08-20T02:51:17,NEW,502025CA004424XXXAMB,08/24/2026 10:00 AM ET,"9393 CASCADE CT BOYNTON BEACH, FL- 33437","$434,692.96",,"$434,692.96",00424522110000390
2026-08-20T02:51:17,NEW,502025CA005317XXXAMB,08/24/2026 10:00 AM ET,"4414 HEMLOCK DR RIVIERA BEACH, FL- 33410","$340,587.12",,"$340,587.12",56424225440000270
2026-08-20T02:51:17,NEW,502025CA008013XXXAMB,08/24/2026 10:00 AM ET,"1034 GROVE PARK CIR BOYNTON BEACH, FL- 33436","$661,683.41",,Hidden,08424512260000520
2026-08-20T02:51:17,NEW,502025CA008769XXXAMB,08/24/2026 10:00 AM ET,"7032 CHESAPEAKE CIR BOYNTON BEACH, FL- 33436","$557,828.50",,"$557,828.50",08434507170002830
2026-08-20T02:51:17,NEW,502025CA011714XXXAMB,08/24/2026 10:00 AM ET,"5656 EAGLE LAKE DR PALM BEACH GARDENS, FL- 33418","$34,816.96",,"$34,816.96",52424135020000623
2026-08-20T02:51:17,NEW,502025CA001696XXXAMB,08/25/2026 10:00 AM ET,"3127 FERNWOOD DR BOYNTON BEACH, FL- 33435","$1,269,403.02",,"$1,269,403.02",08434605010090150
2026-08-20T02:51:17,NEW,502025CA001974XXXAMB,08/25/2026 10:00 AM ET,"549 MONACO L DELRAY BEACH, FL- 33446","$128,487.25","$79,582.00","$128,487.25",00424622080125490
2026-08-20T02:51:17,NEW,502025CC009675XXXASB,08/25/2026 10:00 AM ET,"1579 BRIAR OAK DR ROYAL PALM BEACH, FL- 33411","$17,169.37",,"$17,169.37",72414322010000400
2026-08-20T02:51:17,NEW,502026CC009651XXXASB,08/25/2026 10:00 AM ET,"8410 STANIEL CAY WEST PALM BEACH, FL- 33411","$15,112.38",,"$15,112.38",74424320070000610
2026-08-20T02:51:17,NEW,502022CA006893XXXXMB,08/31/2026 10:00 AM ET,"13909 VIA NIDIA DELRAY BEACH, FL- 33446","$521,558.52",,"$521,558.52",00424610050000550
2026-08-20T02:51:17,NEW,502023CA015898XXXAMB,08/31/2026 10:00 AM ET,"6018 ADRIATIC WAY WEST PALM BEACH, FL- 33413","$405,728.18","$372,812.00","$405,728.18",00424334050000040
2026-08-20T02:51:17,NEW,502024CA008051XXXAMB,08/31/2026 10:00 AM ET,"5655 LA QUINTA CT LAKE WORTH, FL- 33463","$240,497.21",,"$240,497.21",00424502100000630
2026-08-20T02:51:17,NEW,502024CA011064XXXAMB,08/31/2026 10:00 AM ET,"1585 W 36TH ST RIVIERA BEACH, FL- 33404","$60,838.34",,"$60,838.34",56434229020060010
2026-08-20T02:51:17,NEW,502025CA000239XXXAMB,08/31/2026 10:00 AM ET,"94 DORSET C BOCA RATON, FL- 33434","$21,434.73",,"$21,434.73",00424708080030940
2026-08-20T02:51:17,NEW,502025CA002593XXXAMB,08/31/2026 10:00 AM ET,"283 BRIER CIR JUPITER, FL- 33458","$464,267.70",,"$464,267.70",30424110340000790
2026-08-20T02:51:17,NEW,502025CA004168XXXAMB,08/31/2026 10:00 AM ET,"1965 S CLUB DR WELLINGTON, FL- 33414","$477,067.06",,"$477,067.06",73414407050000870
2026-08-20T02:51:17,NEW,502025CA004474XXXAMB,08/31/2026 10:00 AM ET,"614 EXECUTIVE CENTER DR 208 WEST PALM BEACH, FL- 33401","$224,900.51",,"$224,900.51",74434320056142080
2026-08-20T02:51:17,NEW,502025CA006385XXXAMB,08/31/2026 10:00 AM ET,"194 MASTIC TREE CT ROYAL PALM BEACH, FL- 33411","$280,887.35","$201,842.00","$280,887.35",72414326210001940
2026-08-20T02:51:17,NEW,502024CA012300XXXAMB,09/16/2026 10:00 AM ET,"17197 TETON RIVER RD BOCA RATON, FL- 33496","$622,161.68",,"$622,161.68",00424632090005670
2026-08-20T02:51:17,NEW,502025CA003497XXXAMB,09/30/2026 10:00 AM ET,"14041 80TH LN N LOXAHATCHEE, FL- 33470","$701,232.60",,"$701,232.60",00414220000005970
2026-08-20T02:51:17,NEW,502021CA013234XXXXMB,01/11/2027 10:00 AM ET,"18063 104TH TER S BOCA RATON, FL- 33498","$308,087.54",,"$243,773.68",Property
2026-08-20T02:51:17,CLOSED,502025CA012845XXXAMB,09/03/2026 10:00 AM ET,"17695 HAYNIE LN JUPITER, FL- 33478","$350,351.27",,"$350,351.27",00414102000003490
2026-08-20T02:51:17,CLOSED,502025CA007373XXXAMB,01/11/2027 10:00 AM ET,"18063 104TH TER S BOCA RATON, FL- 33498","$243,773.68",,"$243,773.68",00414701020010390
2026-08-21T02:51:09,NEW,502026CA004181XXXAMB,08/24/2026 10:00 AM ET,"14110 NESTING WAY A DELRAY BEACH, FL- 33484","$152,006.63",,"$105,100.00",00424611183080010
2026-08-21T02:51:09,NEW,502026CA000732XXXAMB,10/19/2026 10:00 AM ET,"5110 NESTING WAY C DELRAY BEACH, FL- 33484","$74,947.69",,"$74,947.69",00424611183770030
2026-08-21T02:51:09,CLOSED,502025CA012662XXXAMB,08/20/2026 10:00 AM ET,"13052 COMPTON RD LOXAHATCHEE, FL- 33470","$917,051.29",,"$917,051.29",Property
2026-08-21T02:51:09,CLOSED,502025CA008769XXXAMB,08/24/2026 10:00 AM ET,"7032 CHESAPEAKE CIR BOYNTON BEACH, FL- 33436","$557,828.50",,"$557,828.50",08434507170002830
2026-08-24T02:51:16,NEW,502025CA007351XXXAMB,08/31/2026 10:00 AM ET,"129 COUNTRY CLUB WAY ROYAL PALM BEACH, FL- 33411","$17,930.63",,"$592,195.28",TIMESHARE
2026-08-24T02:51:16,NEW,502018CA016108XXXXMB,09/14/2026 10:00 AM ET,"13450 OLD ENGLISHTOWN RD WELLINGTON, FL- 33414","$157,236.52",,"$157,236.52",73414404140000480
2026-08-24T02:51:16,NEW,502026CA000921XXXAMB,10/05/2026 10:00 AM ET,"8426 QUAIL MEADOW WAY WEST PALM BEACH, FL- 33412","$182,687.02",,"$182,687.02",74414224030000470
2026-08-24T02:51:16,NEW,502025CA007128XXXAMB,10/21/2026 10:00 AM ET,"3456 S OCEAN BLVD 104 PALM BEACH, FL- 33480","$25,670.24",,"$25,670.24",50434435050011040
2026-08-24T02:51:16,NEW,502025CA008769XXXAMB,11/16/2026 10:00 AM ET,"7032 CHESAPEAKE CIR BOYNTON BEACH, FL- 33436","$557,828.50",,"$557,828.50",08434507170002830
2026-08-24T02:51:16,NEW,502025CA009579XXXAMB,11/30/2026 10:00 AM ET,"331 PINE RIDGE CIR GREENACRES, FL- 33463","$121,316.83",,"$121,316.83",18424423113310032
2026-08-24T02:51:16,NEW,502024CA002801XXXAMB,12/03/2026 10:00 AM ET,"1101 S C ST LAKE WORTH, FL- 33460","$311,904.41",,"$311,904.41",38434421152990080
2026-08-24T02:51:16,NEW,502025CA007112XXXAMB,12/03/2026 10:00 AM ET,"10685 BOBBIE LN ROYAL PALM BEACH, FL- 33411","$486,531.30",,"$212,053.69",Property
2026-08-24T02:51:16,NEW,502025CA012411XXXAMB,12/03/2026 10:00 AM ET,"6408 64TH WAY WEST PALM BEACH, FL- 33409","$153,826.58",,"$153,826.58",74434307040001003
2026-08-24T02:51:16,NEW,502025CA012556XXXAMB,12/03/2026 10:00 AM ET,"6660 CANARY PALM CIR BOCA RATON, FL- 33433","$464,940.94",,"$464,940.94",00424727260030150
2026-08-24T02:51:16,NEW,502026CA001858XXXAMB,12/03/2026 10:00 AM ET,"5828 ERIK WAY GREENACRES, FL- 33463","$13,732.32",,"$13,732.32",18424425400030040
2026-08-24T02:51:16,CLOSED,502025CA005317XXXAMB,08/24/2026 10:00 AM ET,"4414 HEMLOCK DR RIVIERA BEACH, FL- 33410","$340,587.12",,"$340,587.12",56424225440000270
2026-08-24T02:51:16,CLOSED,502024CA008051XXXAMB,08/31/2026 10:00 AM ET,"5655 LA QUINTA CT LAKE WORTH, FL- 33463","$240,497.21",,"$240,497.21",00424502100000630
2026-08-24T02:51:16,CLOSED,502024CA011064XXXAMB,08/31/2026 10:00 AM ET,"1585 W 36TH ST RIVIERA BEACH, FL- 33404","$60,838.34",,"$60,838.34",56434229020060010
2026-08-24T02:51:16,CLOSED,502016CA003862XXXXMB,09/02/2026 10:00 AM ET,"12689 57TH ROAD NORTH ROYAL PALM BEACH, FL- 33411","$403,991.06",,"$403,991.06",Property
2026-08-24T02:51:16,CLOSED,502025CA010805XXXAMB,09/03/2026 10:00 AM ET,"128 SEVILLA AVE ROYAL PALM BEACH, FL- 33411","$505,315.06",,"$505,315.06",72414314030100230
2026-08-24T02:51:16,CLOSED,502025CA011563XXXAMB,09/14/2026 10:00 AM ET,"648 WEST DR DELRAY BEACH, FL- 33445","$271,804.69",,"$271,804.69",12434619060000020
2026-08-25T02:51:32,NEW,502026CC006407XXXAMB,09/17/2026 10:00 AM ET,"719 LORI DR 210 PALM SPRINGS, FL- 33461","$17,503.79",,"$17,503.79",70434418210022100
2026-08-25T02:51:32,NEW,502025CA007102XXXAMB,09/23/2026 10:00 AM ET,"857 WANDERING WILLOW WAY LOXAHATCHEE, FL- 33470","$795,299.59",,"$795,299.59",00404328020002780
2026-08-25T02:51:32,NEW,502025CA013486XXXAMB,09/23/2026 10:00 AM ET,"714 N M ST LAKE WORTH, FL- 33460","$392,398.74",,"$392,398.74",Property
2026-08-25T02:51:32,NEW,502025CC016313XXXAMB,09/23/2026 10:00 AM ET,"247 PIEDMONT F DELRAY BEACH, FL- 33484","$23,849.64",,"$23,849.64",00424622170062470
2026-08-25T02:51:32,NEW,502026CA003619XXXAMB,09/23/2026 10:00 AM ET,"2511 DIVISION AVE WEST PALM BEACH, FL- 33407","$651,102.45",,"$651,102.45",74434309060110180
2026-08-25T02:51:32,NEW,502026CC009427XXXASB,09/28/2026 10:00 AM ET,"301 W ATLANTIC AVE UNIT L10 DELRAY BEACH, FL- 33444","$35,647.46",,"$35,647.46",12434617610120100
2026-08-25T02:51:32,NEW,502026CC009055XXXAMB,10/02/2026 10:00 AM ET,"3590 S OCEAN BLVD 210 SOUTH PALM BEACH, FL- 33480","$29,566.30",,"$29,566.30",62434435100012100
2026-08-25T02:51:32,NEW,502024CA008051XXXAMB,11/02/2026 10:00 AM ET,"5655 LA QUINTA CT LAKE WORTH, FL- 33463","$240,497.21",,"$240,497.21",00424502100000630
2026-08-25T02:51:32,NEW,502025CA010805XXXAMB,11/16/2026 10:00 AM ET,"128 SEVILLA AVE ROYAL PALM BEACH, FL- 33411","$505,315.06",,"$505,315.06",72414314030100230
2026-08-25T02:51:32,NEW,502025CA011443XXXAMB,12/03/2026 10:00 AM ET,"10685 BOBBIE LN ROYAL PALM BEACH, FL- 33411","$212,053.69",,"$212,053.69",72414325090000120
2026-08-25T02:51:32,NEW,502025CA007373XXXAMB,01/11/2027 10:00 AM ET,"18063 104TH TER S BOCA RATON, FL- 33498","$243,773.68",,"$243,773.68",00414701020010390
2026-08-25T02:51:32,NEW,502025CA010691XXXAMB,01/11/2027 10:00 AM ET,"3360 S OCEAN BLVD 1 E I PALM BEACH, FL- 33480","$240,255.40",,"$240,255.40",50434435190010015
2026-08-25T02:51:32,CLOSED,502022CA002491XXXXMB,08/24/2026 10:00 AM ET,"23379 SW 55TH WAY A BOCA RATON, FL- 33433","$331,810.20",,"$232,000.00",00424732020000261
2026-08-25T02:51:32,CLOSED,502023CA011888XXXXMB,08/24/2026 10:00 AM ET,"1025 SE 3RD ST BELLE GLADE, FL- 33430","$192,341.25",,Hidden,04374405070000160
2026-08-25T02:51:32,CLOSED,502024CA007475XXXAMB,08/24/2026 10:00 AM ET,"16176 SIERRA PALMS DR DELRAY BEACH, FL- 33484","$61,963.47",,Hidden,00424626480000520
2026-08-25T02:51:32,CLOSED,502025CA002397XXXAMB,08/24/2026 10:00 AM ET,"5808 S 37TH ST GREENACRES, FL- 33463","$263,598.74",,"$263,598.74",Property
2026-08-25T02:51:32,CLOSED,502025CA003822XXXAMB,08/24/2026 10:00 AM ET,"1334 ARROWHEAD POINT RD LOXAHATCHEE, FL- 33470","$572,477.54",,Hidden,00404328070002910
2026-08-25T02:51:32,CLOSED,502025CA004424XXXAMB,08/24/2026 10:00 AM ET,"9393 CASCADE CT BOYNTON BEACH, FL- 33437","$434,692.96",,"$434,692.96",00424522110000390
2026-08-25T02:51:32,CLOSED,502025CA008013XXXAMB,08/24/2026 10:00 AM ET,"1034 GROVE PARK CIR BOYNTON BEACH, FL- 33436","$661,683.41",,Hidden,08424512260000520
2026-08-25T02:51:32,CLOSED,502025CA011714XXXAMB,08/24/2026 10:00 AM ET,"5656 EAGLE LAKE DR PALM BEACH GARDENS, FL- 33418","$34,816.96",,"$34,816.96",52424135020000623
2026-08-25T02:51:32,CLOSED,502026CA004181XXXAMB,08/24/2026 10:00 AM ET,"14110 NESTING WAY A DELRAY BEACH, FL- 33484","$152,006.63",,"$105,100.00",00424611183080010
2026-08-25T02:51:32,CLOSED,502025CA002931XXXAMB,08/26/2026 10:00 AM ET,"22261 FESTIVAL WAY BOCA RATON, FL- 33428","$416,095.83",,"$416,095.83",00414725170000420
2026-08-25T02:51:32,CLOSED,502026CA000125XXXAMB,09/30/2026 10:00 AM ET,"5976 WHIRLAWAY RD PALM BEACH GARDENS, FL- 33418","$19,422.06",,"$19,422.06",52424223040010100
2026-08-26T02:51:26,NEW,502026CA003338XXXAMB,09/09/2026 10:00 AM ET,"4043 CORNWALL C BOCA RATON, FL- 33434","$21,870.77",,"$21,870.77",00424708070034043
2026-08-26T02:51:26,NEW,502024CA010265XXXAMB,09/30/2026 10:00 AM ET,"4118 41ST WAY WEST PALM BEACH, FL- 33407","$20,323.36",,"$20,323.36",74424301090001731
2026-08-26T02:51:26,CLOSED,502025CA001696XXXAMB,08/25/2026 10:00 AM ET,"3127 FERNWOOD DR BOYNTON BEACH, FL- 33435","$1,269,403.02",,"$999,000.00",08434605010090150
2026-08-26T02:51:26,CLOSED,502025CA001974XXXAMB,08/25/2026 10:00 AM ET,"549 MONACO L DELRAY BEACH, FL- 33446","$128,487.25","$79,582.00","$127,674.53",00424622080125490
2026-08-26T02:51:26,CLOSED,502025CC009675XXXASB,08/25/2026 10:00 AM ET,"1579 BRIAR OAK DR ROYAL PALM BEACH, FL- 33411","$17,169.37",,"$17,169.37",72414322010000400
2026-08-26T02:51:26,CLOSED,502026CC009651XXXASB,08/25/2026 10:00 AM ET,"8410 STANIEL CAY WEST PALM BEACH, FL- 33411","$15,112.38",,"$15,112.38",74424320070000610
2026-08-26T02:51:26,CLOSED,502025CA007657XXXAMB,08/26/2026 10:00 AM ET,"769 DAFFODIL DR WELLINGTON, FL- 33414","$278,250.56","$414,110.00","$278,250.56",73414404010050150
2026-08-26T02:51:26,CLOSED,502025CA008509XXXAMB,08/26/2026 10:00 AM ET,"16298 90TH ST N LOXAHATCHEE, FL- 33470","$582,791.10",,"$550,000.00",00404213000006120
2026-08-26T02:51:26,CLOSED,502025CA002632XXXAMB,09/09/2026 10:00 AM ET,"4675 LAKESIDE CIR WEST PALM BEACH, FL- 33417","$10,645.23",,"$10,645.23",00424313110080270
2026-08-27T02:51:36,NEW,502025CA009418XXXAMB,08/31/2026 10:00 AM ET,"8497 JUDDITH AVE BOYNTON BEACH, FL- 33472","$32,224.92","$238,264.00","$32,552.25",00424516040000280
2026-08-27T02:51:36,NEW,502025CA009535XXXAMB,10/05/2026 10:00 AM ET,"3985 TORRES CIR WEST PALM BEACH, FL- 33409","$196,195.03",,"$196,195.03",74424312210002010
2026-08-27T02:51:36,NEW,502024CA007481XXXAMB,10/14/2026 10:00 AM ET,"1654 FOREST LAKES CIR C WEST PALM BEACH, FL- 33406","$51,309.14",,"$51,309.14",00424412220002070
2026-08-27T02:51:36,NEW,502025CA009937XXXAMB,10/20/2026 10:00 AM ET,"13380 POLO RD W 103 WELLINGTON, FL- 33414","$80,550.28",,"$12,385.70",Property
2026-08-27T02:51:36,NEW,502025CA009185XXXAMB,11/18/2026 10:00 AM ET,"1009 SW 3RD AVE BOYNTON BEACH, FL- 33426","$233,168.03",,"$233,168.03",08434529040110130
2026-08-27T02:51:36,CLOSED,502023CA008578XXXXMB,08/26/2026 10:00 AM ET,"300 OCEAN TRAIL WAY 103 JUPITER, FL- 33477","$445,376.63",,"$516,855.74",30434105120030103
2026-08-27T02:51:36,CLOSED,502024CC007094XXXAMB,08/26/2026 10:00 AM ET,"120 LEHANE TER 301 NORTH PALM BEACH, FL- 33408","$26,135.71",,"$26,135.71",68434216090000380
2026-08-27T02:51:36,CLOSED,502025CA000480XXXAMB,08/26/2026 10:00 AM ET,"93 SAXONY B DELRAY BEACH, FL- 33446","$35,603.95",,"$37,599.73",00424622090020930
2026-08-27T02:51:36,CLOSED,502025CC007487XXXAMB,08/26/2026 10:00 AM ET,"9082 BOCA GARDENS PKWY C BOCA RATON, FL- 33496","$10,940.60",,"$15,846.50",00424706081380030
2026-08-27T02:51:36,CLOSED,502026CC006284XXXAMB,08/26/2026 10:00 AM ET,"6917 41ST AVE N # 863 RIVIERA BEACH, FL- 33404","$43,572.67",,"$43,572.67",Property
2026-08-27T02:51:36,CLOSED,502025CA006385XXXAMB,08/31/2026 10:00 AM ET,"194 MASTIC TREE CT ROYAL PALM BEACH, FL- 33411","$280,887.35","$201,842.00","$280,887.35",72414326210001940
2026-08-28T02:51:41,NEW,502025CA010457XXXAMB,08/31/2026 10:00 AM ET,"2737 FAWN DR LOXAHATCHEE, FL- 33470","$260,373.86",,"$260,373.86",00404321010000630
2026-08-28T02:51:41,NEW,502025CA000619XXXAMB,09/29/2026 10:00 AM ET,"180 LAKE MONTEREY CIR BOYNTON BEACH, FL- 33426","$13,209.19","$330,000.00","$13,209.19",08434605170170040
2026-08-28T02:51:41,NEW,502025CC006438XXXAMB,10/19/2026 10:00 AM ET,"612 47TH ST WEST PALM BEACH, FL- 33407","$35,221.70",,"$35,221.70",74434304050250840
2026-08-28T02:51:41,NEW,502026CA004686XXXAMB,10/19/2026 10:00 AM ET,"5347 GRAND BANKS BLVD GREENACRES, FL- 33463","$512,964.49",,"$512,964.49",18424435170000810
2026-08-28T02:51:41,NEW,502023CA008578XXXXMB,10/26/2026 10:00 AM ET,"300 OCEAN TRAIL WAY 103 JUPITER, FL- 33477","$445,376.63",,"$445,376.63",30434105120030103
2026-08-28T02:51:41,NEW,502024CC013126XXXAMB,01/05/2027 10:00 AM ET,"6420 BOCA DEL MAR DR 506 BOCA RATON, FL- 33433","$20,066.00",,"$20,066.00",00424727250025060
2026-08-28T02:51:41,CLOSED,502025CA002593XXXAMB,08/31/2026 10:00 AM ET,"283 BRIER CIR JUPITER, FL- 33458","$464,267.70",,"$464,267.70",30424110340000790
2026-08-28T02:51:41,CLOSED,502025CA001126XXXAMB,09/22/2026 10:00 AM ET,"810 MARINA DEL RAY LN UNIT 3 WEST PALM BEACH, FL- 33401","$10,832.40",,"$10,832.40",74434317310080033
2026-08-31T02:51:48,NEW,502025CA011161XXXAMB,08/31/2026 10:00 AM ET,"6120 NEWSTEAD CT GREENACRES, FL- 33463","$160,037.92","$190,620.00",Hidden,18424422310000890
2026-08-31T02:51:48,NEW,502025CA002593XXXAMB,09/28/2026 10:00 AM ET,"283 BRIER CIR JUPITER, FL- 33458","$464,267.70","$469,790.00","$464,267.70",30424110340000790
2026-08-31T02:51:48,NEW,502024CA000092XXXAMB,10/13/2026 10:00 AM ET,"6876 SPIDER LILY LN LAKE WORTH, FL- 33462","$427,463.93",,"$427,463.93",00424501140000970
2026-08-31T02:51:48,NEW,502025CA010169XXXAMB,10/13/2026 10:00 AM ET,"4664 SCHALL WAY WEST PALM BEACH, FL- 33417","$814,376.65",,"$814,376.65",00424324000007270
2026-08-31T02:51:48,NEW,502025CC000520XXXAMB,10/23/2026 10:00 AM ET,"8824 COBBLESTONE POINT CIR BOYNTON BEACH, FL- 33472","$14,248.95",,"$14,248.95",00424520050010210
2026-08-31T02:51:48,NEW,502026CC008690XXXAMB,10/26/2026 10:00 AM ET,"6234 WAUCONDA WAY W LAKE WORTH, FL- 33463","$1,095.95",,"$1,095.95",00424434130000900
2026-08-31T02:51:48,NEW,502025CA006240XXXAMB,11/23/2026 10:00 AM ET,"790 PALM TREE LN HAVERHILL, FL- 33415","$421,601.55",,"$421,601.55",22424336270000140
2026-08-31T02:51:48,NEW,502026CC003585XXXASB,11/23/2026 10:00 AM ET,"12540 MAJESTY CIR 407 BOYNTON BEACH, FL- 33437","$37,232.68",,"$37,232.68",00424602240234070
2026-08-31T02:51:48,CLOSED,502025CA004168XXXAMB,08/31/2026 10:00 AM ET,"1965 S CLUB DR WELLINGTON, FL- 33414","$477,067.06",,"$477,067.06",73414407050000870
2026-08-31T02:51:48,CLOSED,502023CA013120XXXXMB,09/03/2026 10:00 AM ET,"3464 ARTESIAN DR LAKE WORTH, FL- 33462","$370,758.96",,"$370,758.96",00434506020360040
2026-08-31T02:51:48,CLOSED,502025CA008285XXXAMB,09/28/2026 10:00 AM ET,"6935 DEARBORN PL BOYNTON BEACH, FL- 33437","$183,070.80",,"$183,070.80",00424522010001970
2026-09-01T02:51:43,NEW,502025CA011563XXXAMB,09/14/2026 10:00 AM ET,"648 WEST DR DELRAY BEACH, FL- 33445","$271,804.69",,"$271,804.69",12434619060000020
2026-09-01T02:51:43,NEW,502026CC006485XXXAWB,10/05/2026 10:00 AM ET,"6132 NEWPORT VILLAGE WAY LAKE WORTH, FL- 33463","$19,501.20",,"$19,501.20",00424503070000380
2026-09-01T02:51:43,NEW,502025CA004168XXXAMB,10/13/2026 10:00 AM ET,"1965 S CLUB DR WELLINGTON, FL- 33414","$477,067.06",,"$477,067.06",73414407050000870
2026-09-01T02:51:43,NEW,502026CC007345XXXAMB,10/16/2026 10:00 AM ET,"6939 ALISO AVE WEST PALM BEACH, FL- 33413","$12,201.97",,"$12,201.97",00424333060001100
2026-09-01T02:51:43,NEW,502025CA013546XXXAMB,10/21/2026 10:00 AM ET,"13715 77TH PL N WEST PALM BEACH, FL- 33412","$620,153.96",,"$620,153.96",00414228000003680
2026-09-01T02:51:43,NEW,502026CC001077XXXASB,10/26/2026 10:00 AM ET,"7947 BROOKSIDE CT LAKE WORTH, FL- 33467","$38,717.94",,"$38,717.94",00424507060009190
2026-09-01T02:51:43,NEW,502026CC003765XXXAMB,10/26/2026 10:00 AM ET,"6297 STANLEY LN DELRAY BEACH, FL- 33484","$9,604.29",,"$9,604.29",00424610030060540
2026-09-01T02:51:43,CLOSED,502022CA006893XXXXMB,08/31/2026 10:00 AM ET,"13909 VIA NIDIA DELRAY BEACH, FL- 33446","$521,558.52",,"$334,519.00",00424610050000550
2026-09-01T02:51:43,CLOSED,502023CA015898XXXAMB,08/31/2026 10:00 AM ET,"6018 ADRIATIC WAY WEST PALM BEACH, FL- 33413","$405,728.18","$372,812.00","$357,616.00",00424334050000040
2026-09-01T02:51:43,CLOSED,502025CA000239XXXAMB,08/31/2026 10:00 AM ET,"94 DORSET C BOCA RATON, FL- 33434","$21,434.73",,"$21,434.73",00424708080030940
2026-09-01T02:51:43,CLOSED,502025CA004474XXXAMB,08/31/2026 10:00 AM ET,"614 EXECUTIVE CENTER DR 208 WEST PALM BEACH, FL- 33401","$224,900.51",,Hidden,74434320056142080
2026-09-01T02:51:43,CLOSED,502025CA007351XXXAMB,08/31/2026 10:00 AM ET,"129 COUNTRY CLUB WAY ROYAL PALM BEACH, FL- 33411","$17,930.63",,"$348,000.00",TIMESHARE
2026-09-01T02:51:43,CLOSED,502025CA009418XXXAMB,08/31/2026 10:00 AM ET,"8497 JUDDITH AVE BOYNTON BEACH, FL- 33472","$32,224.92","$238,264.00","$32,552.25",00424516040000280
2026-09-01T02:51:43,CLOSED,502025CA010457XXXAMB,08/31/2026 10:00 AM ET,"2737 FAWN DR LOXAHATCHEE, FL- 33470","$260,373.86",,"$260,373.86",00404321010000630
2026-09-01T02:51:43,CLOSED,502025CA011161XXXAMB,08/31/2026 10:00 AM ET,"6120 NEWSTEAD CT GREENACRES, FL- 33463","$160,037.92","$190,620.00",Hidden,18424422310000890
2026-09-01T02:51:43,CLOSED,502025CC014550XXXASB,09/01/2026 10:00 AM ET,"6660 CANARY PALM CIR BOCA RATON, FL- 33433","$16,510.96",,"$16,510.96",00424727260030150
2026-09-01T02:51:43,CLOSED,502026CC004633XXXANB,09/01/2026 10:00 AM ET,"316 SOUTHWIND CT 203 NORTH PALM BEACH, FL- 33408","$58,045.81",,"$58,045.81",68434217310002030
2026-09-01T02:51:43,CLOSED,502024CA009313XXXAMB,09/14/2026 10:00 AM ET,"4490 ISLAND REEF DR WELLINGTON, FL- 33449","$1,415,527.42",,"$1,415,527.42",73414426050001610
2026-09-01T02:51:43,CLOSED,502025CA011174XXXAMB,10/05/2026 10:00 AM ET,"2640 LAKE SHORE DR UNIT 2008 RIVIERA BEACH, FL- 33404","$677,017.52",,"$677,017.52",56434228690002008
2026-09-01T02:51:43,CLOSED,502025CC020411XXXAMB,10/13/2026 10:00 AM ET,"404 MIRAMAR LN PALM BEACH GARDENS, FL- 33410","$21,330.47",,"$21,330.47",52424201060000044
2026-09-02T02:51:37,NEW,502025CA012207XXXAMB,10/26/2026 10:00 AM ET,"700 40TH ST WEST PALM BEACH, FL- 33407","$126,575.74",,"$126,575.74",74434309050330240
2026-09-02T02:51:37,NEW,502025CA013375XXXAMB,10/26/2026 10:00 AM ET,"42 GOVERNORS CT PALM BEACH GARDENS, FL- 33418","$228,447.55",,"$228,447.55",52424215190220080
2026-09-02T02:51:37,NEW,502026CC002076XXXASB,10/26/2026 10:00 AM ET,"8049 STIRRUP CAY CT BOYNTON BEACH, FL- 33436","$14,343.95",,"$14,343.95",08424513140000490
2026-09-02T02:51:37,NEW,502025CC010521XXXAMB,10/27/2026 10:00 AM ET,"2812 S GARDEN DR 305 LAKE WORTH, FL- 33461","$22,647.69",,"$22,647.69",00434417430003050
2026-09-02T02:51:37,NEW,502024CA009313XXXAMB,11/02/2026 10:00 AM ET,"4490 ISLAND REEF DR WELLINGTON, FL- 33449","$1,415,527.42",,"$1,415,527.42",73414426050001610
2026-09-02T02:51:37,NEW,502025CA011875XXXAMB,11/24/2026 10:00 AM ET,"15901 MEADOWLARK CT WESTLAKE, FL- 33470","$419,583.80",,"$419,583.80",77414306020001130
2026-09-02T02:51:37,NEW,502025CC014550XXXASB,11/30/2026 10:00 AM ET,"6660 CANARY PALM CIR BOCA RATON, FL- 33433","$16,510.96",,"$16,510.96",00424727260030150
2026-09-02T02:51:37,NEW,502025CA011599XXXAMB,01/05/2027 10:00 AM ET,"1465 WEST 37TH STREET RIVIERA BEACH, FL- 33404","$189,755.43",,"$189,755.43",Property
2026-09-02T02:51:37,NEW,502025CA012847XXXAMB,01/05/2027 10:00 AM ET,"18429 47TH CT N LOXAHATCHEE, FL- 33470","$802,056.59",,"$802,056.59",00404310000001620
2026-09-02T02:51:37,NEW,502025CA013455XXXAMB,01/05/2027 10:00 AM ET,"4267 COLT LN WEST PALM BEACH, FL- 33406","$121,345.16",,"$121,345.16",00424401040001830
2026-09-02T02:51:37,CLOSED,502025CA003828XXXAMB,09/01/2026 10:00 AM ET,"5014 NAUTICA LAKE CIR GREENACRES, FL- 33463","$474,683.82",,Hidden,18424435120000960
2026-09-02T02:51:37,CLOSED,502025CA009790XXXAMB,09/03/2026 10:00 AM ET,"1610 S PALMWAY LAKE WORTH, FL- 33460","$570,591.28",,"$570,591.28",38434427010910040
